cycle,pc,addr,hit,ml_busy,ml_done,pf_req,pf_addr,pf_accepted,pf_filled,pf_filled_addr
35,00000000,00000000,0,1,0,0,00000000,1,0,00000000
37,00000000,00000000,0,1,0,0,00000000,0,1,00000000
38,00000000,00000000,0,1,0,0,00000000,1,0,00000000
40,00000000,00000000,0,1,0,0,00000000,0,1,00000000
41,00000000,00000000,0,1,0,0,00000000,1,0,00000000
43,00000000,00000000,0,1,0,0,00000000,0,1,00000000
44,00000000,00000000,0,1,0,0,00000000,1,0,00000000
46,00000000,00000000,0,1,0,0,00000000,0,1,00000000
47,00000000,00000000,0,1,0,0,00000000,1,0,00000000
49,00000000,00000000,0,1,0,0,00000000,0,1,00000000
50,00000000,00000000,0,1,0,0,00000000,1,0,00000000
52,00000000,00000000,0,1,0,0,00000000,0,1,00000000
53,00000000,00000000,0,1,0,0,00000000,1,0,00000000
55,00000000,00000000,0,1,0,0,00000000,0,1,00000000
56,00000000,00000000,0,1,0,0,00000000,1,0,00000000
58,00000000,00000000,0,1,0,0,00000000,0,1,00000000
59,00000000,00000000,0,1,0,0,00000000,1,0,00000000
61,00000000,00000000,0,1,0,0,00000000,0,1,00000000
62,00000000,00000000,0,1,0,0,00000000,1,0,00000000
64,00000000,00000000,0,1,0,0,00000000,0,1,00000000
65,00000000,00000000,0,1,0,0,00000000,1,0,00000000
67,00000000,00000000,0,1,0,0,00000000,0,1,00000000
68,00000000,00000000,0,1,0,0,00000000,1,0,00000000
70,00000000,00000000,0,1,0,0,00000000,0,1,00000000
71,00000000,00000000,0,1,0,0,00000000,1,0,00000000
73,00000000,00000000,0,1,0,0,00000000,0,1,00000000
74,00000000,00000000,0,1,0,0,00000000,1,0,00000000
76,00000000,00000000,0,1,0,0,00000000,0,1,00000000
77,00000000,00000000,0,1,0,0,00000000,1,0,00000000
79,00000000,00000000,0,1,0,0,00000000,0,1,00000000
80,00000000,00000000,0,1,0,0,00000000,1,0,00000000
82,00000000,00000000,0,1,0,0,00000000,0,1,00000000
83,00000000,00000000,0,1,0,0,00000000,1,0,00000000
85,00000000,00000000,0,1,0,0,00000000,0,1,00000000
86,00000000,00000000,0,1,0,0,00000000,1,0,00000000
88,00000000,00000000,0,1,0,0,00000000,0,1,00000000
89,00000000,00000000,0,1,0,0,00000000,1,0,00000000
91,00000000,00000000,0,1,0,0,00000000,0,1,00000000
92,00000000,00000000,0,1,0,0,00000000,1,0,00000000
94,00000000,00000000,0,1,0,0,00000000,0,1,00000000
95,00000000,00000000,0,1,0,0,00000000,1,0,00000000
97,00000000,00000000,0,1,0,0,00000000,0,1,00000000
98,00000000,00000000,0,1,0,0,00000000,1,0,00000000
100,00000000,00000000,0,1,0,0,00000000,0,1,00000000
101,00000000,00000000,0,1,0,0,00000000,1,0,00000000
103,00000000,00000000,0,1,0,0,00000000,0,1,00000000
104,00000000,00000000,0,1,0,0,00000000,1,0,00000000
106,00000000,00000000,0,1,0,0,00000000,0,1,00000000
107,00000000,00000000,0,1,0,0,00000000,1,0,00000000
109,00000000,00000000,0,1,0,0,00000000,0,1,00000000
110,00000000,00000000,0,1,0,0,00000000,1,0,00000000
112,00000000,00000000,0,1,0,0,00000000,0,1,00000000
113,00000000,00000000,0,1,0,0,00000000,1,0,00000000
115,00000000,00000000,0,1,0,0,00000000,0,1,00000000
116,00000000,00000000,0,1,0,0,00000000,1,0,00000000
118,00000000,00000000,0,1,0,0,00000000,0,1,00000000
119,00000000,00000000,0,1,0,0,00000000,1,0,00000000
121,00000000,00000000,0,1,0,0,00000000,0,1,00000000
122,00000000,00000000,0,1,0,0,00000000,1,0,00000000
124,00000000,00000000,0,1,0,0,00000000,0,1,00000000
125,00000000,00000000,0,1,0,0,00000000,1,0,00000000
127,00000000,00000000,0,1,0,0,00000000,0,1,00000000
128,00000000,00000000,0,1,0,0,00000000,1,0,00000000
130,00000000,00000000,0,1,0,0,00000000,0,1,00000000
131,00000000,00000000,0,1,0,0,00000000,1,0,00000000
133,00000000,00000000,0,1,0,0,00000000,0,1,00000000
134,00000000,00000000,0,1,0,0,00000000,1,0,00000000
136,00000000,00000000,0,1,0,0,00000000,0,1,00000000
137,00000000,00000000,0,1,0,0,00000000,1,0,00000000
139,00000000,00000000,0,1,0,0,00000000,0,1,00000000
140,00000000,00000000,0,1,0,0,00000000,1,0,00000000
142,00000000,00000000,0,1,0,0,00000000,0,1,00000000
143,00000000,00000000,0,1,0,0,00000000,1,0,00000000
145,00000000,00000000,0,1,0,0,00000000,0,1,00000000
146,00000000,00000000,0,1,0,0,00000000,1,0,00000000
148,00000000,00000000,0,1,0,0,00000000,0,1,00000000
149,00000000,00000000,0,1,0,0,00000000,1,0,00000000
151,00000000,00000000,0,1,0,0,00000000,0,1,00000000
152,00000000,00000000,0,1,0,0,00000000,1,0,00000000
154,00000000,00000000,0,1,0,0,00000000,0,1,00000000
155,00000000,00000000,0,1,0,0,00000000,1,0,00000000
157,00000000,00000000,0,1,0,0,00000000,0,1,00000000
158,00000000,00000000,0,1,0,0,00000000,1,0,00000000
160,00000000,00000000,0,1,0,0,00000000,0,1,00000000
161,00000000,00000000,0,1,0,0,00000000,1,0,00000000
163,00000000,00000000,0,1,0,0,00000000,0,1,00000000
164,00000000,00000000,0,1,0,0,00000000,1,0,00000000
166,00000000,00000000,0,1,0,0,00000000,0,1,00000000
167,00000000,00000000,0,1,0,0,00000000,1,0,00000000
169,00000000,00000000,0,1,0,0,00000000,0,1,00000000
170,00000000,00000000,0,1,0,0,00000000,1,0,00000000
172,00000000,00000000,0,1,0,0,00000000,0,1,00000000
173,00000000,00000000,0,1,0,0,00000000,1,0,00000000
175,00000000,00000000,0,1,0,0,00000000,0,1,00000000
176,00000000,00000000,0,1,0,0,00000000,1,0,00000000
178,00000000,00000000,0,1,0,0,00000000,0,1,00000000
179,00000000,00000000,0,1,0,0,00000000,1,0,00000000
181,00000000,00000000,0,1,0,0,00000000,0,1,00000000
182,00000000,00000000,0,1,0,0,00000000,1,0,00000000
184,00000000,00000000,0,1,0,0,00000000,0,1,00000000
185,00000000,00000000,0,1,0,0,00000000,1,0,00000000
187,00000000,00000000,0,1,0,0,00000000,0,1,00000000
188,00000000,00000000,0,1,0,0,00000000,1,0,00000000
190,00000000,00000000,0,1,0,0,00000000,0,1,00000000
191,00000000,00000000,0,1,0,0,00000000,1,0,00000000
193,00000000,00000000,0,1,0,0,00000000,0,1,00000000
194,00000000,00000000,0,1,0,0,00000000,1,0,00000000
196,00000000,00000000,0,1,0,0,00000000,0,1,00000000
197,00000000,00000000,0,1,0,0,00000000,1,0,00000000
199,00000000,00000000,0,1,0,0,00000000,0,1,00000000
200,00000000,00000000,0,1,0,0,00000000,1,0,00000000
202,00000000,00000000,0,1,0,0,00000000,0,1,00000000
203,00000000,00000000,0,1,0,0,00000000,1,0,00000000
205,00000000,00000000,0,1,0,0,00000000,0,1,00000000
206,00000000,00000000,0,1,0,0,00000000,1,0,00000000
208,00000000,00000000,0,1,0,0,00000000,0,1,00000000
209,00000000,00000000,0,1,0,0,00000000,1,0,00000000
211,00000000,00000000,0,1,0,0,00000000,0,1,00000000
212,00000000,00000000,0,1,0,0,00000000,1,0,00000000
214,00000000,00000000,0,1,0,0,00000000,0,1,00000000
215,00000000,00000000,0,1,0,0,00000000,1,0,00000000
217,00000000,00000000,0,1,0,0,00000000,0,1,00000000
218,00000000,00000000,0,1,0,0,00000000,1,0,00000000
220,00000000,00000000,0,1,0,0,00000000,0,1,00000000
221,00000000,00000000,0,1,0,0,00000000,1,0,00000000
223,00000000,00000000,0,1,0,0,00000000,0,1,00000000
224,00000000,00000000,0,1,0,0,00000000,1,0,00000000
226,00000000,00000000,0,1,0,0,00000000,0,1,00000000
227,00000000,00000000,0,1,0,0,00000000,1,0,00000000
229,00000000,00000000,0,1,0,0,00000000,0,1,00000000
230,00000000,00000000,0,1,0,0,00000000,1,0,00000000
232,00000000,00000000,0,1,0,0,00000000,0,1,00000000
233,00000000,00000000,0,1,0,0,00000000,1,0,00000000
235,00000000,00000000,0,1,0,0,00000000,0,1,00000000
236,00000000,00000000,0,1,0,0,00000000,1,0,00000000
238,00000000,00000000,0,1,0,0,00000000,0,1,00000000
239,00000000,00000000,0,1,0,0,00000000,1,0,00000000
241,00000000,00000000,0,1,0,0,00000000,0,1,00000000
242,00000000,00000000,0,1,0,0,00000000,1,0,00000000
244,00000000,00000000,0,1,0,0,00000000,0,1,00000000
245,00000000,00000000,0,1,0,0,00000000,1,0,00000000
247,00000000,00000000,0,1,0,0,00000000,0,1,00000000
248,00000000,00000000,0,1,0,0,00000000,1,0,00000000
250,00000000,00000000,0,1,0,0,00000000,0,1,00000000
251,00000000,00000000,0,1,0,0,00000000,1,0,00000000
253,00000000,00000000,0,1,0,0,00000000,0,1,00000000
254,00000000,00000000,0,1,0,0,00000000,1,0,00000000
256,00000000,00000000,0,1,0,0,00000000,0,1,00000000
257,00000000,00000000,0,1,0,0,00000000,1,0,00000000
259,00000000,00000000,0,1,0,0,00000000,0,1,00000000
260,00000000,00000000,0,1,0,0,00000000,1,0,00000000
262,00000000,00000000,0,1,0,0,00000000,0,1,00000000
263,00000000,00000000,0,1,0,0,00000000,1,0,00000000
265,00000000,00000000,0,1,0,0,00000000,0,1,00000000
266,00000000,00000000,0,1,0,0,00000000,1,0,00000000
268,00000000,00000000,0,1,0,0,00000000,0,1,00000000
269,00000000,00000000,0,1,0,0,00000000,1,0,00000000
271,00000000,00000000,0,1,0,0,00000000,0,1,00000000
272,00000000,00000000,0,1,0,0,00000000,1,0,00000000
274,00000000,00000000,0,1,0,0,00000000,0,1,00000000
275,00000000,00000000,0,1,0,0,00000000,1,0,00000000
277,00000000,00000000,0,1,0,0,00000000,0,1,00000000
291,00000000,00000000,0,1,0,0,00000000,1,0,00000000
293,00000000,00000000,0,1,0,0,00000000,0,1,00000000
294,00000000,00000000,0,1,0,0,00000000,1,0,00000000
296,00000000,00000000,0,1,0,0,00000000,0,1,00000000
297,00000000,00000000,0,1,0,0,00000000,1,0,00000000
299,00000000,00000000,0,1,0,0,00000000,0,1,00000000
300,00000000,00000000,0,1,0,0,00000000,1,0,00000000
302,00000000,00000000,0,1,0,0,00000000,0,1,00000000
303,00000000,00000000,0,1,0,0,00000000,1,0,00000000
305,00000000,00000000,0,1,0,0,00000000,0,1,00000000
306,00000000,00000000,0,1,0,0,00000000,1,0,00000000
308,00000000,00000000,0,1,0,0,00000000,0,1,00000000
309,00000000,00000000,0,1,0,0,00000000,1,0,00000000
311,00000000,00000000,0,1,0,0,00000000,0,1,00000000
312,00000000,00000000,0,1,0,0,00000000,1,0,00000000
314,00000000,00000000,0,1,0,0,00000000,0,1,00000000
315,00000000,00000000,0,1,0,0,00000000,1,0,00000000
317,00000000,00000000,0,1,0,0,00000000,0,1,00000000
318,00000000,00000000,0,1,0,0,00000000,1,0,00000000
320,00000000,00000000,0,1,0,0,00000000,0,1,00000000
321,00000000,00000000,0,1,0,0,00000000,1,0,00000000
323,00000000,00000000,0,1,0,0,00000000,0,1,00000000
324,00000000,00000000,0,1,0,0,00000000,1,0,00000000
326,00000000,00000000,0,1,0,0,00000000,0,1,00000000
327,00000000,00000000,0,1,0,0,00000000,1,0,00000000
329,00000000,00000000,0,1,0,0,00000000,0,1,00000000
330,00000000,00000000,0,1,0,0,00000000,1,0,00000000
332,00000000,00000000,0,1,0,0,00000000,0,1,00000000
333,00000000,00000000,0,1,0,0,00000000,1,0,00000000
335,00000000,00000000,0,1,0,0,00000000,0,1,00000000
336,00000000,00000000,0,1,0,0,00000000,1,0,00000000
338,00000000,00000000,0,1,0,0,00000000,0,1,00000000
339,00000000,00000000,0,1,0,0,00000000,1,0,00000000
341,00000000,00000000,0,1,0,0,00000000,0,1,00000000
342,00000000,00000000,0,1,0,0,00000000,1,0,00000000
344,00000000,00000000,0,1,0,0,00000000,0,1,00000000
345,00000000,00000000,0,1,0,0,00000000,1,0,00000000
347,00000000,00000000,0,1,0,0,00000000,0,1,00000000
348,00000000,00000000,0,1,0,0,00000000,1,0,00000000
350,00000000,00000000,0,1,0,0,00000000,0,1,00000000
351,00000000,00000000,0,1,0,0,00000000,1,0,00000000
353,00000000,00000000,0,1,0,0,00000000,0,1,00000000
354,00000000,00000000,0,1,0,0,00000000,1,0,00000000
356,00000000,00000000,0,1,0,0,00000000,0,1,00000000
357,00000000,00000000,0,1,0,0,00000000,1,0,00000000
359,00000000,00000000,0,1,0,0,00000000,0,1,00000000
360,00000000,00000000,0,1,0,0,00000000,1,0,00000000
362,00000000,00000000,0,1,0,0,00000000,0,1,00000000
363,00000000,00000000,0,1,0,0,00000000,1,0,00000000
365,00000000,00000000,0,1,0,0,00000000,0,1,00000000
366,00000000,00000000,0,1,0,0,00000000,1,0,00000000
368,00000000,00000000,0,1,0,0,00000000,0,1,00000000
369,00000000,00000000,0,1,0,0,00000000,1,0,00000000
371,00000000,00000000,0,1,0,0,00000000,0,1,00000000
372,00000000,00000000,0,1,0,0,00000000,1,0,00000000
374,00000000,00000000,0,1,0,0,00000000,0,1,00000000
375,00000000,00000000,0,1,0,0,00000000,1,0,00000000
377,00000000,00000000,0,1,0,0,00000000,0,1,00000000
378,00000000,00000000,0,1,0,0,00000000,1,0,00000000
380,00000000,00000000,0,1,0,0,00000000,0,1,00000000
381,00000000,00000000,0,1,0,0,00000000,1,0,00000000
383,00000000,00000000,0,1,0,0,00000000,0,1,00000000
384,00000000,00000000,0,1,0,0,00000000,1,0,00000000
386,00000000,00000000,0,1,0,0,00000000,0,1,00000000
387,00000000,00000000,0,1,0,0,00000000,1,0,00000000
389,00000000,00000000,0,1,0,0,00000000,0,1,00000000
390,00000000,00000000,0,1,0,0,00000000,1,0,00000000
392,00000000,00000000,0,1,0,0,00000000,0,1,00000000
393,00000000,00000000,0,1,0,0,00000000,1,0,00000000
395,00000000,00000000,0,1,0,0,00000000,0,1,00000000
396,00000000,00000000,0,1,0,0,00000000,1,0,00000000
398,00000000,00000000,0,1,0,0,00000000,0,1,00000000
399,00000000,00000000,0,1,0,0,00000000,1,0,00000000
401,00000000,00000000,0,1,0,0,00000000,0,1,00000000
402,00000000,00000000,0,1,0,0,00000000,1,0,00000000
404,00000000,00000000,0,1,0,0,00000000,0,1,00000000
405,00000000,00000000,0,1,0,0,00000000,1,0,00000000
407,00000000,00000000,0,1,0,0,00000000,0,1,00000000
408,00000000,00000000,0,1,0,0,00000000,1,0,00000000
410,00000000,00000000,0,1,0,0,00000000,0,1,00000000
411,00000000,00000000,0,1,0,0,00000000,1,0,00000000
413,00000000,00000000,0,1,0,0,00000000,0,1,00000000
414,00000000,00000000,0,1,0,0,00000000,1,0,00000000
416,00000000,00000000,0,1,0,0,00000000,0,1,00000000
417,00000000,00000000,0,1,0,0,00000000,1,0,00000000
419,00000000,00000000,0,1,0,0,00000000,0,1,00000000
420,00000000,00000000,0,1,0,0,00000000,1,0,00000000
422,00000000,00000000,0,1,0,0,00000000,0,1,00000000
423,00000000,00000000,0,1,0,0,00000000,1,0,00000000
425,00000000,00000000,0,1,0,0,00000000,0,1,00000000
426,00000000,00000000,0,1,0,0,00000000,1,0,00000000
428,00000000,00000000,0,1,0,0,00000000,0,1,00000000
429,00000000,00000000,0,1,0,0,00000000,1,0,00000000
431,00000000,00000000,0,1,0,0,00000000,0,1,00000000
432,00000000,00000000,0,1,0,0,00000000,1,0,00000000
434,00000000,00000000,0,1,0,0,00000000,0,1,00000000
435,00000000,00000000,0,1,0,0,00000000,1,0,00000000
437,00000000,00000000,0,1,0,0,00000000,0,1,00000000
438,00000000,00000000,0,1,0,0,00000000,1,0,00000000
440,00000000,00000000,0,1,0,0,00000000,0,1,00000000
441,00000000,00000000,0,1,0,0,00000000,1,0,00000000
443,00000000,00000000,0,1,0,0,00000000,0,1,00000000
444,00000000,00000000,0,1,0,0,00000000,1,0,00000000
446,00000000,00000000,0,1,0,0,00000000,0,1,00000000
447,00000000,00000000,0,1,0,0,00000000,1,0,00000000
449,00000000,00000000,0,1,0,0,00000000,0,1,00000000
450,00000000,00000000,0,1,0,0,00000000,1,0,00000000
452,00000000,00000000,0,1,0,0,00000000,0,1,00000000
453,00000000,00000000,0,1,0,0,00000000,1,0,00000000
455,00000000,00000000,0,1,0,0,00000000,0,1,00000000
456,00000000,00000000,0,1,0,0,00000000,1,0,00000000
458,00000000,00000000,0,1,0,0,00000000,0,1,00000000
459,00000000,00000000,0,1,0,0,00000000,1,0,00000000
461,00000000,00000000,0,1,0,0,00000000,0,1,00000000
462,00000000,00000000,0,1,0,0,00000000,1,0,00000000
464,00000000,00000000,0,1,0,0,00000000,0,1,00000000
465,00000000,00000000,0,1,0,0,00000000,1,0,00000000
467,00000000,00000000,0,1,0,0,00000000,0,1,00000000
468,00000000,00000000,0,1,0,0,00000000,1,0,00000000
470,00000000,00000000,0,1,0,0,00000000,0,1,00000000
471,00000000,00000000,0,1,0,0,00000000,1,0,00000000
473,00000000,00000000,0,1,0,0,00000000,0,1,00000000
474,00000000,00000000,0,1,0,0,00000000,1,0,00000000
476,00000000,00000000,0,1,0,0,00000000,0,1,00000000
477,00000000,00000000,0,1,0,0,00000000,1,0,00000000
479,00000000,00000000,0,1,0,0,00000000,0,1,00000000
480,00000000,00000000,0,1,0,0,00000000,1,0,00000000
482,00000000,00000000,0,1,0,0,00000000,0,1,00000000
483,00000000,00000000,0,1,0,0,00000000,1,0,00000000
485,00000000,00000000,0,1,0,0,00000000,0,1,00000000
486,00000000,00000000,0,1,0,0,00000000,1,0,00000000
488,00000000,00000000,0,1,0,0,00000000,0,1,00000000
489,00000000,00000000,0,1,0,0,00000000,1,0,00000000
491,00000000,00000000,0,1,0,0,00000000,0,1,00000000
492,00000000,00000000,0,1,0,0,00000000,1,0,00000000
494,00000000,00000000,0,1,0,0,00000000,0,1,00000000
495,00000000,00000000,0,1,0,0,00000000,1,0,00000000
497,00000000,00000000,0,1,0,0,00000000,0,1,00000000
498,00000000,00000000,0,1,0,0,00000000,1,0,00000000
500,00000000,00000000,0,1,0,0,00000000,0,1,00000000
501,00000000,00000000,0,1,0,0,00000000,1,0,00000000
503,00000000,00000000,0,1,0,0,00000000,0,1,00000000
504,00000000,00000000,0,1,0,0,00000000,1,0,00000000
506,00000000,00000000,0,1,0,0,00000000,0,1,00000000
507,00000000,00000000,0,1,0,0,00000000,1,0,00000000
509,00000000,00000000,0,1,0,0,00000000,0,1,00000000
510,00000000,00000000,0,1,0,0,00000000,1,0,00000000
512,00000000,00000000,0,1,0,0,00000000,0,1,00000000
513,00000000,00000000,0,1,0,0,00000000,1,0,00000000
515,00000000,00000000,0,1,0,0,00000000,0,1,00000000
516,00000000,00000000,0,1,0,0,00000000,1,0,00000000
518,00000000,00000000,0,1,0,0,00000000,0,1,00000000
519,00000000,00000000,0,1,0,0,00000000,1,0,00000000
521,00000000,00000000,0,1,0,0,00000000,0,1,00000000
522,00000000,00000000,0,1,0,0,00000000,1,0,00000000
524,00000000,00000000,0,1,0,0,00000000,0,1,00000000
525,00000000,00000000,0,1,0,0,00000000,1,0,00000000
527,00000000,00000000,0,1,0,0,00000000,0,1,00000000
528,00000000,00000000,0,1,0,0,00000000,1,0,00000000
530,00000000,00000000,0,1,0,0,00000000,0,1,00000000
531,00000000,00000000,0,1,0,0,00000000,1,0,00000000
533,00000000,00000000,0,1,0,0,00000000,0,1,00000000
547,00000000,00000000,0,1,0,0,00000000,1,0,00000000
549,00000000,00000000,0,1,0,0,00000000,0,1,00000000
550,00000000,00000000,0,1,0,0,00000000,1,0,00000000
552,00000000,00000000,0,1,0,0,00000000,0,1,00000000
553,00000000,00000000,0,1,0,0,00000000,1,0,00000000
555,00000000,00000000,0,1,0,0,00000000,0,1,00000000
556,00000000,00000000,0,1,0,0,00000000,1,0,00000000
558,00000000,00000000,0,1,0,0,00000000,0,1,00000000
559,00000000,00000000,0,1,0,0,00000000,1,0,00000000
561,00000000,00000000,0,1,0,0,00000000,0,1,00000000
562,00000000,00000000,0,1,0,0,00000000,1,0,00000000
564,00000000,00000000,0,1,0,0,00000000,0,1,00000000
565,00000000,00000000,0,1,0,0,00000000,1,0,00000000
567,00000000,00000000,0,1,0,0,00000000,0,1,00000000
568,00000000,00000000,0,1,0,0,00000000,1,0,00000000
570,00000000,00000000,0,1,0,0,00000000,0,1,00000000
571,00000000,00000000,0,1,0,0,00000000,1,0,00000000
573,00000000,00000000,0,1,0,0,00000000,0,1,00000000
574,00000000,00000000,0,1,0,0,00000000,1,0,00000000
576,00000000,00000000,0,1,0,0,00000000,0,1,00000000
577,00000000,00000000,0,1,0,0,00000000,1,0,00000000
579,00000000,00000000,0,1,0,0,00000000,0,1,00000000
580,00000000,00000000,0,1,0,0,00000000,1,0,00000000
582,00000000,00000000,0,1,0,0,00000000,0,1,00000000
583,00000000,00000000,0,1,0,0,00000000,1,0,00000000
585,00000000,00000000,0,1,0,0,00000000,0,1,00000000
586,00000000,00000000,0,1,0,0,00000000,1,0,00000000
588,00000000,00000000,0,1,0,0,00000000,0,1,00000000
589,00000000,00000000,0,1,0,0,00000000,1,0,00000000
591,00000000,00000000,0,1,0,0,00000000,0,1,00000000
592,00000000,00000000,0,1,0,0,00000000,1,0,00000000
594,00000000,00000000,0,1,0,0,00000000,0,1,00000000
595,00000000,00000000,0,1,0,0,00000000,1,0,00000000
597,00000000,00000000,0,1,0,0,00000000,0,1,00000000
598,00000000,00000000,0,1,0,0,00000000,1,0,00000000
600,00000000,00000000,0,1,0,0,00000000,0,1,00000000
601,00000000,00000000,0,1,0,0,00000000,1,0,00000000
603,00000000,00000000,0,1,0,0,00000000,0,1,00000000
604,00000000,00000000,0,1,0,0,00000000,1,0,00000000
606,00000000,00000000,0,1,0,0,00000000,0,1,00000000
607,00000000,00000000,0,1,0,0,00000000,1,0,00000000
609,00000000,00000000,0,1,0,0,00000000,0,1,00000000
610,00000000,00000000,0,1,0,0,00000000,1,0,00000000
612,00000000,00000000,0,1,0,0,00000000,0,1,00000000
613,00000000,00000000,0,1,0,0,00000000,1,0,00000000
615,00000000,00000000,0,1,0,0,00000000,0,1,00000000
616,00000000,00000000,0,1,0,0,00000000,1,0,00000000
618,00000000,00000000,0,1,0,0,00000000,0,1,00000000
619,00000000,00000000,0,1,0,0,00000000,1,0,00000000
621,00000000,00000000,0,1,0,0,00000000,0,1,00000000
622,00000000,00000000,0,1,0,0,00000000,1,0,00000000
624,00000000,00000000,0,1,0,0,00000000,0,1,00000000
625,00000000,00000000,0,1,0,0,00000000,1,0,00000000
627,00000000,00000000,0,1,0,0,00000000,0,1,00000000
628,00000000,00000000,0,1,0,0,00000000,1,0,00000000
630,00000000,00000000,0,1,0,0,00000000,0,1,00000000
631,00000000,00000000,0,1,0,0,00000000,1,0,00000000
633,00000000,00000000,0,1,0,0,00000000,0,1,00000000
634,00000000,00000000,0,1,0,0,00000000,1,0,00000000
636,00000000,00000000,0,1,0,0,00000000,0,1,00000000
637,00000000,00000000,0,1,0,0,00000000,1,0,00000000
639,00000000,00000000,0,1,0,0,00000000,0,1,00000000
640,00000000,00000000,0,1,0,0,00000000,1,0,00000000
642,00000000,00000000,0,1,0,0,00000000,0,1,00000000
643,00000000,00000000,0,1,0,0,00000000,1,0,00000000
645,00000000,00000000,0,1,0,0,00000000,0,1,00000000
646,00000000,00000000,0,1,0,0,00000000,1,0,00000000
648,00000000,00000000,0,1,0,0,00000000,0,1,00000000
649,00000000,00000000,0,1,0,0,00000000,1,0,00000000
651,00000000,00000000,0,1,0,0,00000000,0,1,00000000
652,00000000,00000000,0,1,0,0,00000000,1,0,00000000
654,00000000,00000000,0,1,0,0,00000000,0,1,00000000
655,00000000,00000000,0,1,0,0,00000000,1,0,00000000
657,00000000,00000000,0,1,0,0,00000000,0,1,00000000
658,00000000,00000000,0,1,0,0,00000000,1,0,00000000
660,00000000,00000000,0,1,0,0,00000000,0,1,00000000
661,00000000,00000000,0,1,0,0,00000000,1,0,00000000
663,00000000,00000000,0,1,0,0,00000000,0,1,00000000
664,00000000,00000000,0,1,0,0,00000000,1,0,00000000
666,00000000,00000000,0,1,0,0,00000000,0,1,00000000
667,00000000,00000000,0,1,0,0,00000000,1,0,00000000
669,00000000,00000000,0,1,0,0,00000000,0,1,00000000
670,00000000,00000000,0,1,0,0,00000000,1,0,00000000
672,00000000,00000000,0,1,0,0,00000000,0,1,00000000
673,00000000,00000000,0,1,0,0,00000000,1,0,00000000
675,00000000,00000000,0,1,0,0,00000000,0,1,00000000
676,00000000,00000000,0,1,0,0,00000000,1,0,00000000
678,00000000,00000000,0,1,0,0,00000000,0,1,00000000
679,00000000,00000000,0,1,0,0,00000000,1,0,00000000
681,00000000,00000000,0,1,0,0,00000000,0,1,00000000
682,00000000,00000000,0,1,0,0,00000000,1,0,00000000
684,00000000,00000000,0,1,0,0,00000000,0,1,00000000
685,00000000,00000000,0,1,0,0,00000000,1,0,00000000
687,00000000,00000000,0,1,0,0,00000000,0,1,00000000
688,00000000,00000000,0,1,0,0,00000000,1,0,00000000
690,00000000,00000000,0,1,0,0,00000000,0,1,00000000
691,00000000,00000000,0,1,0,0,00000000,1,0,00000000
693,00000000,00000000,0,1,0,0,00000000,0,1,00000000
694,00000000,00000000,0,1,0,0,00000000,1,0,00000000
696,00000000,00000000,0,1,0,0,00000000,0,1,00000000
697,00000000,00000000,0,1,0,0,00000000,1,0,00000000
699,00000000,00000000,0,1,0,0,00000000,0,1,00000000
700,00000000,00000000,0,1,0,0,00000000,1,0,00000000
702,00000000,00000000,0,1,0,0,00000000,0,1,00000000
703,00000000,00000000,0,1,0,0,00000000,1,0,00000000
705,00000000,00000000,0,1,0,0,00000000,0,1,00000000
706,00000000,00000000,0,1,0,0,00000000,1,0,00000000
708,00000000,00000000,0,1,0,0,00000000,0,1,00000000
709,00000000,00000000,0,1,0,0,00000000,1,0,00000000
711,00000000,00000000,0,1,0,0,00000000,0,1,00000000
712,00000000,00000000,0,1,0,0,00000000,1,0,00000000
714,00000000,00000000,0,1,0,0,00000000,0,1,00000000
715,00000000,00000000,0,1,0,0,00000000,1,0,00000000
717,00000000,00000000,0,1,0,0,00000000,0,1,00000000
718,00000000,00000000,0,1,0,0,00000000,1,0,00000000
720,00000000,00000000,0,1,0,0,00000000,0,1,00000000
721,00000000,00000000,0,1,0,0,00000000,1,0,00000000
723,00000000,00000000,0,1,0,0,00000000,0,1,00000000
724,00000000,00000000,0,1,0,0,00000000,1,0,00000000
726,00000000,00000000,0,1,0,0,00000000,0,1,00000000
727,00000000,00000000,0,1,0,0,00000000,1,0,00000000
729,00000000,00000000,0,1,0,0,00000000,0,1,00000000
730,00000000,00000000,0,1,0,0,00000000,1,0,00000000
732,00000000,00000000,0,1,0,0,00000000,0,1,00000000
733,00000000,00000000,0,1,0,0,00000000,1,0,00000000
735,00000000,00000000,0,1,0,0,00000000,0,1,00000000
736,00000000,00000000,0,1,0,0,00000000,1,0,00000000
738,00000000,00000000,0,1,0,0,00000000,0,1,00000000
739,00000000,00000000,0,1,0,0,00000000,1,0,00000000
741,00000000,00000000,0,1,0,0,00000000,0,1,00000000
742,00000000,00000000,0,1,0,0,00000000,1,0,00000000
744,00000000,00000000,0,1,0,0,00000000,0,1,00000000
745,00000000,00000000,0,1,0,0,00000000,1,0,00000000
747,00000000,00000000,0,1,0,0,00000000,0,1,00000000
748,00000000,00000000,0,1,0,0,00000000,1,0,00000000
750,00000000,00000000,0,1,0,0,00000000,0,1,00000000
751,00000000,00000000,0,1,0,0,00000000,1,0,00000000
753,00000000,00000000,0,1,0,0,00000000,0,1,00000000
754,00000000,00000000,0,1,0,0,00000000,1,0,00000000
756,00000000,00000000,0,1,0,0,00000000,0,1,00000000
757,00000000,00000000,0,1,0,0,00000000,1,0,00000000
759,00000000,00000000,0,1,0,0,00000000,0,1,00000000
760,00000000,00000000,0,1,0,0,00000000,1,0,00000000
762,00000000,00000000,0,1,0,0,00000000,0,1,00000000
763,00000000,00000000,0,1,0,0,00000000,1,0,00000000
765,00000000,00000000,0,1,0,0,00000000,0,1,00000000
766,00000000,00000000,0,1,0,0,00000000,1,0,00000000
768,00000000,00000000,0,1,0,0,00000000,0,1,00000000
769,00000000,00000000,0,1,0,0,00000000,1,0,00000000
771,00000000,00000000,0,1,0,0,00000000,0,1,00000000
772,00000000,00000000,0,1,0,0,00000000,1,0,00000000
774,00000000,00000000,0,1,0,0,00000000,0,1,00000000
775,00000000,00000000,0,1,0,0,00000000,1,0,00000000
777,00000000,00000000,0,1,0,0,00000000,0,1,00000000
778,00000000,00000000,0,1,0,0,00000000,1,0,00000000
780,00000000,00000000,0,1,0,0,00000000,0,1,00000000
781,00000000,00000000,0,1,0,0,00000000,1,0,00000000
783,00000000,00000000,0,1,0,0,00000000,0,1,00000000
784,00000000,00000000,0,1,0,0,00000000,1,0,00000000
786,00000000,00000000,0,1,0,0,00000000,0,1,00000000
787,00000000,00000000,0,1,0,0,00000000,1,0,00000000
789,00000000,00000000,0,1,0,0,00000000,0,1,00000000
803,00000000,00000000,0,1,0,0,00000000,1,0,00000000
805,00000000,00000000,0,1,0,0,00000000,0,1,00000000
806,00000000,00000000,0,1,0,0,00000000,1,0,00000000
808,00000000,00000000,0,1,0,0,00000000,0,1,00000000
809,00000000,00000000,0,1,0,0,00000000,1,0,00000000
811,00000000,00000000,0,1,0,0,00000000,0,1,00000000
812,00000000,00000000,0,1,0,0,00000000,1,0,00000000
814,00000000,00000000,0,1,0,0,00000000,0,1,00000000
815,00000000,00000000,0,1,0,0,00000000,1,0,00000000
817,00000000,00000000,0,1,0,0,00000000,0,1,00000000
818,00000000,00000000,0,1,0,0,00000000,1,0,00000000
820,00000000,00000000,0,1,0,0,00000000,0,1,00000000
821,00000000,00000000,0,1,0,0,00000000,1,0,00000000
823,00000000,00000000,0,1,0,0,00000000,0,1,00000000
824,00000000,00000000,0,1,0,0,00000000,1,0,00000000
826,00000000,00000000,0,1,0,0,00000000,0,1,00000000
827,00000000,00000000,0,1,0,0,00000000,1,0,00000000
829,00000000,00000000,0,1,0,0,00000000,0,1,00000000
830,00000000,00000000,0,1,0,0,00000000,1,0,00000000
832,00000000,00000000,0,1,0,0,00000000,0,1,00000000
833,00000000,00000000,0,1,0,0,00000000,1,0,00000000
835,00000000,00000000,0,1,0,0,00000000,0,1,00000000
836,00000000,00000000,0,1,0,0,00000000,1,0,00000000
838,00000000,00000000,0,1,0,0,00000000,0,1,00000000
839,00000000,00000000,0,1,0,0,00000000,1,0,00000000
841,00000000,00000000,0,1,0,0,00000000,0,1,00000000
842,00000000,00000000,0,1,0,0,00000000,1,0,00000000
844,00000000,00000000,0,1,0,0,00000000,0,1,00000000
845,00000000,00000000,0,1,0,0,00000000,1,0,00000000
847,00000000,00000000,0,1,0,0,00000000,0,1,00000000
848,00000000,00000000,0,1,0,0,00000000,1,0,00000000
850,00000000,00000000,0,1,0,0,00000000,0,1,00000000
851,00000000,00000000,0,1,0,0,00000000,1,0,00000000
853,00000000,00000000,0,1,0,0,00000000,0,1,00000000
854,00000000,00000000,0,1,0,0,00000000,1,0,00000000
856,00000000,00000000,0,1,0,0,00000000,0,1,00000000
857,00000000,00000000,0,1,0,0,00000000,1,0,00000000
859,00000000,00000000,0,1,0,0,00000000,0,1,00000000
860,00000000,00000000,0,1,0,0,00000000,1,0,00000000
862,00000000,00000000,0,1,0,0,00000000,0,1,00000000
863,00000000,00000000,0,1,0,0,00000000,1,0,00000000
865,00000000,00000000,0,1,0,0,00000000,0,1,00000000
866,00000000,00000000,0,1,0,0,00000000,1,0,00000000
868,00000000,00000000,0,1,0,0,00000000,0,1,00000000
869,00000000,00000000,0,1,0,0,00000000,1,0,00000000
871,00000000,00000000,0,1,0,0,00000000,0,1,00000000
872,00000000,00000000,0,1,0,0,00000000,1,0,00000000
874,00000000,00000000,0,1,0,0,00000000,0,1,00000000
875,00000000,00000000,0,1,0,0,00000000,1,0,00000000
877,00000000,00000000,0,1,0,0,00000000,0,1,00000000
878,00000000,00000000,0,1,0,0,00000000,1,0,00000000
880,00000000,00000000,0,1,0,0,00000000,0,1,00000000
881,00000000,00000000,0,1,0,0,00000000,1,0,00000000
883,00000000,00000000,0,1,0,0,00000000,0,1,00000000
884,00000000,00000000,0,1,0,0,00000000,1,0,00000000
886,00000000,00000000,0,1,0,0,00000000,0,1,00000000
887,00000000,00000000,0,1,0,0,00000000,1,0,00000000
889,00000000,00000000,0,1,0,0,00000000,0,1,00000000
890,00000000,00000000,0,1,0,0,00000000,1,0,00000000
892,00000000,00000000,0,1,0,0,00000000,0,1,00000000
893,00000000,00000000,0,1,0,0,00000000,1,0,00000000
895,00000000,00000000,0,1,0,0,00000000,0,1,00000000
896,00000000,00000000,0,1,0,0,00000000,1,0,00000000
898,00000000,00000000,0,1,0,0,00000000,0,1,00000000
899,00000000,00000000,0,1,0,0,00000000,1,0,00000000
901,00000000,00000000,0,1,0,0,00000000,0,1,00000000
902,00000000,00000000,0,1,0,0,00000000,1,0,00000000
904,00000000,00000000,0,1,0,0,00000000,0,1,00000000
905,00000000,00000000,0,1,0,0,00000000,1,0,00000000
907,00000000,00000000,0,1,0,0,00000000,0,1,00000000
908,00000000,00000000,0,1,0,0,00000000,1,0,00000000
910,00000000,00000000,0,1,0,0,00000000,0,1,00000000
911,00000000,00000000,0,1,0,0,00000000,1,0,00000000
913,00000000,00000000,0,1,0,0,00000000,0,1,00000000
914,00000000,00000000,0,1,0,0,00000000,1,0,00000000
916,00000000,00000000,0,1,0,0,00000000,0,1,00000000
917,00000000,00000000,0,1,0,0,00000000,1,0,00000000
919,00000000,00000000,0,1,0,0,00000000,0,1,00000000
920,00000000,00000000,0,1,0,0,00000000,1,0,00000000
922,00000000,00000000,0,1,0,0,00000000,0,1,00000000
923,00000000,00000000,0,1,0,0,00000000,1,0,00000000
925,00000000,00000000,0,1,0,0,00000000,0,1,00000000
926,00000000,00000000,0,1,0,0,00000000,1,0,00000000
928,00000000,00000000,0,1,0,0,00000000,0,1,00000000
929,00000000,00000000,0,1,0,0,00000000,1,0,00000000
931,00000000,00000000,0,1,0,0,00000000,0,1,00000000
932,00000000,00000000,0,1,0,0,00000000,1,0,00000000
934,00000000,00000000,0,1,0,0,00000000,0,1,00000000
935,00000000,00000000,0,1,0,0,00000000,1,0,00000000
937,00000000,00000000,0,1,0,0,00000000,0,1,00000000
938,00000000,00000000,0,1,0,0,00000000,1,0,00000000
940,00000000,00000000,0,1,0,0,00000000,0,1,00000000
941,00000000,00000000,0,1,0,0,00000000,1,0,00000000
943,00000000,00000000,0,1,0,0,00000000,0,1,00000000
944,00000000,00000000,0,1,0,0,00000000,1,0,00000000
946,00000000,00000000,0,1,0,0,00000000,0,1,00000000
947,00000000,00000000,0,1,0,0,00000000,1,0,00000000
949,00000000,00000000,0,1,0,0,00000000,0,1,00000000
950,00000000,00000000,0,1,0,0,00000000,1,0,00000000
952,00000000,00000000,0,1,0,0,00000000,0,1,00000000
953,00000000,00000000,0,1,0,0,00000000,1,0,00000000
955,00000000,00000000,0,1,0,0,00000000,0,1,00000000
956,00000000,00000000,0,1,0,0,00000000,1,0,00000000
958,00000000,00000000,0,1,0,0,00000000,0,1,00000000
959,00000000,00000000,0,1,0,0,00000000,1,0,00000000
961,00000000,00000000,0,1,0,0,00000000,0,1,00000000
962,00000000,00000000,0,1,0,0,00000000,1,0,00000000
964,00000000,00000000,0,1,0,0,00000000,0,1,00000000
965,00000000,00000000,0,1,0,0,00000000,1,0,00000000
967,00000000,00000000,0,1,0,0,00000000,0,1,00000000
968,00000000,00000000,0,1,0,0,00000000,1,0,00000000
970,00000000,00000000,0,1,0,0,00000000,0,1,00000000
971,00000000,00000000,0,1,0,0,00000000,1,0,00000000
973,00000000,00000000,0,1,0,0,00000000,0,1,00000000
974,00000000,00000000,0,1,0,0,00000000,1,0,00000000
976,00000000,00000000,0,1,0,0,00000000,0,1,00000000
977,00000000,00000000,0,1,0,0,00000000,1,0,00000000
979,00000000,00000000,0,1,0,0,00000000,0,1,00000000
980,00000000,00000000,0,1,0,0,00000000,1,0,00000000
982,00000000,00000000,0,1,0,0,00000000,0,1,00000000
983,00000000,00000000,0,1,0,0,00000000,1,0,00000000
985,00000000,00000000,0,1,0,0,00000000,0,1,00000000
986,00000000,00000000,0,1,0,0,00000000,1,0,00000000
988,00000000,00000000,0,1,0,0,00000000,0,1,00000000
989,00000000,00000000,0,1,0,0,00000000,1,0,00000000
991,00000000,00000000,0,1,0,0,00000000,0,1,00000000
992,00000000,00000000,0,1,0,0,00000000,1,0,00000000
994,00000000,00000000,0,1,0,0,00000000,0,1,00000000
995,00000000,00000000,0,1,0,0,00000000,1,0,00000000
997,00000000,00000000,0,1,0,0,00000000,0,1,00000000
998,00000000,00000000,0,1,0,0,00000000,1,0,00000000
1000,00000000,00000000,0,1,0,0,00000000,0,1,00000000
1001,00000000,00000000,0,1,0,0,00000000,1,0,00000000
1003,00000000,00000000,0,1,0,0,00000000,0,1,00000000
1004,00000000,00000000,0,1,0,0,00000000,1,0,00000000
1006,00000000,00000000,0,1,0,0,00000000,0,1,00000000
1007,00000000,00000000,0,1,0,0,00000000,1,0,00000000
1009,00000000,00000000,0,1,0,0,00000000,0,1,00000000
1010,00000000,00000000,0,1,0,0,00000000,1,0,00000000
1012,00000000,00000000,0,1,0,0,00000000,0,1,00000000
1013,00000000,00000000,0,1,0,0,00000000,1,0,00000000
1015,00000000,00000000,0,1,0,0,00000000,0,1,00000000
1016,00000000,00000000,0,1,0,0,00000000,1,0,00000000
1018,00000000,00000000,0,1,0,0,00000000,0,1,00000000
1019,00000000,00000000,0,1,0,0,00000000,1,0,00000000
1021,00000000,00000000,0,1,0,0,00000000,0,1,00000000
1022,00000000,00000000,0,1,0,0,00000000,1,0,00000000
1024,00000000,00000000,0,1,0,0,00000000,0,1,00000000
1025,00000000,00000000,0,1,0,0,00000000,1,0,00000000
1027,00000000,00000000,0,1,0,0,00000000,0,1,00000000
1028,00000000,00000000,0,1,0,0,00000000,1,0,00000000
1030,00000000,00000000,0,1,0,0,00000000,0,1,00000000
1031,00000000,00000000,0,1,0,0,00000000,1,0,00000000
1033,00000000,00000000,0,1,0,0,00000000,0,1,00000000
1034,00000000,00000000,0,1,0,0,00000000,1,0,00000000
1036,00000000,00000000,0,1,0,0,00000000,0,1,00000000
1037,00000000,00000000,0,1,0,0,00000000,1,0,00000000
1039,00000000,00000000,0,1,0,0,00000000,0,1,00000000
1040,00000000,00000000,0,1,0,0,00000000,1,0,00000000
1042,00000000,00000000,0,1,0,0,00000000,0,1,00000000
1043,00000000,00000000,0,1,0,0,00000000,1,0,00000000
1045,00000000,00000000,0,1,0,0,00000000,0,1,00000000
1059,00000000,00000000,0,1,0,0,00000000,1,0,00000000
1061,00000000,00000000,0,1,0,0,00000000,0,1,00000000
1062,00000000,00000000,0,1,0,0,00000000,1,0,00000000
1064,00000000,00000000,0,1,0,0,00000000,0,1,00000000
1065,00000000,00000000,0,1,0,0,00000000,1,0,00000000
1067,00000000,00000000,0,1,0,0,00000000,0,1,00000000
1068,00000000,00000000,0,1,0,0,00000000,1,0,00000000
1070,00000000,00000000,0,1,0,0,00000000,0,1,00000000
1071,00000000,00000000,0,1,0,0,00000000,1,0,00000000
1073,00000000,00000000,0,1,0,0,00000000,0,1,00000000
1074,00000000,00000000,0,1,0,0,00000000,1,0,00000000
1076,00000000,00000000,0,1,0,0,00000000,0,1,00000000
1077,00000000,00000000,0,1,0,0,00000000,1,0,00000000
1079,00000000,00000000,0,1,0,0,00000000,0,1,00000000
1080,00000000,00000000,0,1,0,0,00000000,1,0,00000000
1082,00000000,00000000,0,1,0,0,00000000,0,1,00000000
1083,00000000,00000000,0,1,0,0,00000000,1,0,00000000
1085,00000000,00000000,0,1,0,0,00000000,0,1,00000000
1086,00000000,00000000,0,1,0,0,00000000,1,0,00000000
1088,00000000,00000000,0,1,0,0,00000000,0,1,00000000
1089,00000000,00000000,0,1,0,0,00000000,1,0,00000000
1091,00000000,00000000,0,1,0,0,00000000,0,1,00000000
1092,00000000,00000000,0,1,0,0,00000000,1,0,00000000
1094,00000000,00000000,0,1,0,0,00000000,0,1,00000000
1095,00000000,00000000,0,1,0,0,00000000,1,0,00000000
1097,00000000,00000000,0,1,0,0,00000000,0,1,00000000
1098,00000000,00000000,0,1,0,0,00000000,1,0,00000000
1100,00000000,00000000,0,1,0,0,00000000,0,1,00000000
1101,00000000,00000000,0,1,0,0,00000000,1,0,00000000
1103,00000000,00000000,0,1,0,0,00000000,0,1,00000000
1104,00000000,00000000,0,1,0,0,00000000,1,0,00000000
1106,00000000,00000000,0,1,0,0,00000000,0,1,00000000
1107,00000000,00000000,0,1,0,0,00000000,1,0,00000000
1109,00000000,00000000,0,1,0,0,00000000,0,1,00000000
1110,00000000,00000000,0,1,0,0,00000000,1,0,00000000
1112,00000000,00000000,0,1,0,0,00000000,0,1,00000000
1113,00000000,00000000,0,1,0,0,00000000,1,0,00000000
1115,00000000,00000000,0,1,0,0,00000000,0,1,00000000
1116,00000000,00000000,0,1,0,0,00000000,1,0,00000000
1118,00000000,00000000,0,1,0,0,00000000,0,1,00000000
1119,00000000,00000000,0,1,0,0,00000000,1,0,00000000
1121,00000000,00000000,0,1,0,0,00000000,0,1,00000000
1122,00000000,00000000,0,1,0,0,00000000,1,0,00000000
1124,00000000,00000000,0,1,0,0,00000000,0,1,00000000
1125,00000000,00000000,0,1,0,0,00000000,1,0,00000000
1127,00000000,00000000,0,1,0,0,00000000,0,1,00000000
1128,00000000,00000000,0,1,0,0,00000000,1,0,00000000
1130,00000000,00000000,0,1,0,0,00000000,0,1,00000000
1131,00000000,00000000,0,1,0,0,00000000,1,0,00000000
1133,00000000,00000000,0,1,0,0,00000000,0,1,00000000
1134,00000000,00000000,0,1,0,0,00000000,1,0,00000000
1136,00000000,00000000,0,1,0,0,00000000,0,1,00000000
1137,00000000,00000000,0,1,0,0,00000000,1,0,00000000
1139,00000000,00000000,0,1,0,0,00000000,0,1,00000000
1140,00000000,00000000,0,1,0,0,00000000,1,0,00000000
1142,00000000,00000000,0,1,0,0,00000000,0,1,00000000
1143,00000000,00000000,0,1,0,0,00000000,1,0,00000000
1145,00000000,00000000,0,1,0,0,00000000,0,1,00000000
1146,00000000,00000000,0,1,0,0,00000000,1,0,00000000
1148,00000000,00000000,0,1,0,0,00000000,0,1,00000000
1149,00000000,00000000,0,1,0,0,00000000,1,0,00000000
1151,00000000,00000000,0,1,0,0,00000000,0,1,00000000
1152,00000000,00000000,0,1,0,0,00000000,1,0,00000000
1154,00000000,00000000,0,1,0,0,00000000,0,1,00000000
1155,00000000,00000000,0,1,0,0,00000000,1,0,00000000
1157,00000000,00000000,0,1,0,0,00000000,0,1,00000000
1158,00000000,00000000,0,1,0,0,00000000,1,0,00000000
1160,00000000,00000000,0,1,0,0,00000000,0,1,00000000
1161,00000000,00000000,0,1,0,0,00000000,1,0,00000000
1163,00000000,00000000,0,1,0,0,00000000,0,1,00000000
1164,00000000,00000000,0,1,0,0,00000000,1,0,00000000
1166,00000000,00000000,0,1,0,0,00000000,0,1,00000000
1167,00000000,00000000,0,1,0,0,00000000,1,0,00000000
1169,00000000,00000000,0,1,0,0,00000000,0,1,00000000
1170,00000000,00000000,0,1,0,0,00000000,1,0,00000000
1172,00000000,00000000,0,1,0,0,00000000,0,1,00000000
1173,00000000,00000000,0,1,0,0,00000000,1,0,00000000
1175,00000000,00000000,0,1,0,0,00000000,0,1,00000000
1176,00000000,00000000,0,1,0,0,00000000,1,0,00000000
1178,00000000,00000000,0,1,0,0,00000000,0,1,00000000
1179,00000000,00000000,0,1,0,0,00000000,1,0,00000000
1181,00000000,00000000,0,1,0,0,00000000,0,1,00000000
1182,00000000,00000000,0,1,0,0,00000000,1,0,00000000
1184,00000000,00000000,0,1,0,0,00000000,0,1,00000000
1185,00000000,00000000,0,1,0,0,00000000,1,0,00000000
1187,00000000,00000000,0,1,0,0,00000000,0,1,00000000
1188,00000000,00000000,0,1,0,0,00000000,1,0,00000000
1190,00000000,00000000,0,1,0,0,00000000,0,1,00000000
1191,00000000,00000000,0,1,0,0,00000000,1,0,00000000
1193,00000000,00000000,0,1,0,0,00000000,0,1,00000000
1194,00000000,00000000,0,1,0,0,00000000,1,0,00000000
1196,00000000,00000000,0,1,0,0,00000000,0,1,00000000
1197,00000000,00000000,0,1,0,0,00000000,1,0,00000000
1199,00000000,00000000,0,1,0,0,00000000,0,1,00000000
1200,00000000,00000000,0,1,0,0,00000000,1,0,00000000
1202,00000000,00000000,0,1,0,0,00000000,0,1,00000000
1203,00000000,00000000,0,1,0,0,00000000,1,0,00000000
1205,00000000,00000000,0,1,0,0,00000000,0,1,00000000
1206,00000000,00000000,0,1,0,0,00000000,1,0,00000000
1208,00000000,00000000,0,1,0,0,00000000,0,1,00000000
1209,00000000,00000000,0,1,0,0,00000000,1,0,00000000
1211,00000000,00000000,0,1,0,0,00000000,0,1,00000000
1212,00000000,00000000,0,1,0,0,00000000,1,0,00000000
1214,00000000,00000000,0,1,0,0,00000000,0,1,00000000
1215,00000000,00000000,0,1,0,0,00000000,1,0,00000000
1217,00000000,00000000,0,1,0,0,00000000,0,1,00000000
1218,00000000,00000000,0,1,0,0,00000000,1,0,00000000
1220,00000000,00000000,0,1,0,0,00000000,0,1,00000000
1221,00000000,00000000,0,1,0,0,00000000,1,0,00000000
1223,00000000,00000000,0,1,0,0,00000000,0,1,00000000
1224,00000000,00000000,0,1,0,0,00000000,1,0,00000000
1226,00000000,00000000,0,1,0,0,00000000,0,1,00000000
1227,00000000,00000000,0,1,0,0,00000000,1,0,00000000
1229,00000000,00000000,0,1,0,0,00000000,0,1,00000000
1230,00000000,00000000,0,1,0,0,00000000,1,0,00000000
1232,00000000,00000000,0,1,0,0,00000000,0,1,00000000
1233,00000000,00000000,0,1,0,0,00000000,1,0,00000000
1235,00000000,00000000,0,1,0,0,00000000,0,1,00000000
1236,00000000,00000000,0,1,0,0,00000000,1,0,00000000
1238,00000000,00000000,0,1,0,0,00000000,0,1,00000000
1239,00000000,00000000,0,1,0,0,00000000,1,0,00000000
1241,00000000,00000000,0,1,0,0,00000000,0,1,00000000
1242,00000000,00000000,0,1,0,0,00000000,1,0,00000000
1244,00000000,00000000,0,1,0,0,00000000,0,1,00000000
1245,00000000,00000000,0,1,0,0,00000000,1,0,00000000
1247,00000000,00000000,0,1,0,0,00000000,0,1,00000000
1248,00000000,00000000,0,1,0,0,00000000,1,0,00000000
1250,00000000,00000000,0,1,0,0,00000000,0,1,00000000
1251,00000000,00000000,0,1,0,0,00000000,1,0,00000000
1253,00000000,00000000,0,1,0,0,00000000,0,1,00000000
1254,00000000,00000000,0,1,0,0,00000000,1,0,00000000
1256,00000000,00000000,0,1,0,0,00000000,0,1,00000000
1257,00000000,00000000,0,1,0,0,00000000,1,0,00000000
1259,00000000,00000000,0,1,0,0,00000000,0,1,00000000
1260,00000000,00000000,0,1,0,0,00000000,1,0,00000000
1262,00000000,00000000,0,1,0,0,00000000,0,1,00000000
1263,00000000,00000000,0,1,0,0,00000000,1,0,00000000
1265,00000000,00000000,0,1,0,0,00000000,0,1,00000000
1266,00000000,00000000,0,1,0,0,00000000,1,0,00000000
1268,00000000,00000000,0,1,0,0,00000000,0,1,00000000
1269,00000000,00000000,0,1,0,0,00000000,1,0,00000000
1271,00000000,00000000,0,1,0,0,00000000,0,1,00000000
1272,00000000,00000000,0,1,0,0,00000000,1,0,00000000
1274,00000000,00000000,0,1,0,0,00000000,0,1,00000000
1275,00000000,00000000,0,1,0,0,00000000,1,0,00000000
1277,00000000,00000000,0,1,0,0,00000000,0,1,00000000
1278,00000000,00000000,0,1,0,0,00000000,1,0,00000000
1280,00000000,00000000,0,1,0,0,00000000,0,1,00000000
1281,00000000,00000000,0,1,0,0,00000000,1,0,00000000
1283,00000000,00000000,0,1,0,0,00000000,0,1,00000000
1284,00000000,00000000,0,1,0,0,00000000,1,0,00000000
1286,00000000,00000000,0,1,0,0,00000000,0,1,00000000
1287,00000000,00000000,0,1,0,0,00000000,1,0,00000000
1289,00000000,00000000,0,1,0,0,00000000,0,1,00000000
1290,00000000,00000000,0,1,0,0,00000000,1,0,00000000
1292,00000000,00000000,0,1,0,0,00000000,0,1,00000000
1293,00000000,00000000,0,1,0,0,00000000,1,0,00000000
1295,00000000,00000000,0,1,0,0,00000000,0,1,00000000
1296,00000000,00000000,0,1,0,0,00000000,1,0,00000000
1298,00000000,00000000,0,1,0,0,00000000,0,1,00000000
1299,00000000,00000000,0,1,0,0,00000000,1,0,00000000
1301,00000000,00000000,0,1,0,0,00000000,0,1,00000000
1315,00000000,00000000,0,1,0,0,00000000,1,0,00000000
1317,00000000,00000000,0,1,0,0,00000000,0,1,00000000
1318,00000000,00000000,0,1,0,0,00000000,1,0,00000000
1320,00000000,00000000,0,1,0,0,00000000,0,1,00000000
1321,00000000,00000000,0,1,0,0,00000000,1,0,00000000
1323,00000000,00000000,0,1,0,0,00000000,0,1,00000000
1324,00000000,00000000,0,1,0,0,00000000,1,0,00000000
1326,00000000,00000000,0,1,0,0,00000000,0,1,00000000
1327,00000000,00000000,0,1,0,0,00000000,1,0,00000000
1329,00000000,00000000,0,1,0,0,00000000,0,1,00000000
1330,00000000,00000000,0,1,0,0,00000000,1,0,00000000
1332,00000000,00000000,0,1,0,0,00000000,0,1,00000000
1333,00000000,00000000,0,1,0,0,00000000,1,0,00000000
1335,00000000,00000000,0,1,0,0,00000000,0,1,00000000
1336,00000000,00000000,0,1,0,0,00000000,1,0,00000000
1338,00000000,00000000,0,1,0,0,00000000,0,1,00000000
1339,00000000,00000000,0,1,0,0,00000000,1,0,00000000
1341,00000000,00000000,0,1,0,0,00000000,0,1,00000000
1342,00000000,00000000,0,1,0,0,00000000,1,0,00000000
1344,00000000,00000000,0,1,0,0,00000000,0,1,00000000
1345,00000000,00000000,0,1,0,0,00000000,1,0,00000000
1347,00000000,00000000,0,1,0,0,00000000,0,1,00000000
1348,00000000,00000000,0,1,0,0,00000000,1,0,00000000
1350,00000000,00000000,0,1,0,0,00000000,0,1,00000000
1351,00000000,00000000,0,1,0,0,00000000,1,0,00000000
1353,00000000,00000000,0,1,0,0,00000000,0,1,00000000
1354,00000000,00000000,0,1,0,0,00000000,1,0,00000000
1356,00000000,00000000,0,1,0,0,00000000,0,1,00000000
1357,00000000,00000000,0,1,0,0,00000000,1,0,00000000
1359,00000000,00000000,0,1,0,0,00000000,0,1,00000000
1360,00000000,00000000,0,1,0,0,00000000,1,0,00000000
1362,00000000,00000000,0,1,0,0,00000000,0,1,00000000
1363,00000000,00000000,0,1,0,0,00000000,1,0,00000000
1365,00000000,00000000,0,1,0,0,00000000,0,1,00000000
1366,00000000,00000000,0,1,0,0,00000000,1,0,00000000
1368,00000000,00000000,0,1,0,0,00000000,0,1,00000000
1369,00000000,00000000,0,1,0,0,00000000,1,0,00000000
1371,00000000,00000000,0,1,0,0,00000000,0,1,00000000
1372,00000000,00000000,0,1,0,0,00000000,1,0,00000000
1374,00000000,00000000,0,1,0,0,00000000,0,1,00000000
1375,00000000,00000000,0,1,0,0,00000000,1,0,00000000
1377,00000000,00000000,0,1,0,0,00000000,0,1,00000000
1378,00000000,00000000,0,1,0,0,00000000,1,0,00000000
1380,00000000,00000000,0,1,0,0,00000000,0,1,00000000
1381,00000000,00000000,0,1,0,0,00000000,1,0,00000000
1383,00000000,00000000,0,1,0,0,00000000,0,1,00000000
1384,00000000,00000000,0,1,0,0,00000000,1,0,00000000
1386,00000000,00000000,0,1,0,0,00000000,0,1,00000000
1387,00000000,00000000,0,1,0,0,00000000,1,0,00000000
1389,00000000,00000000,0,1,0,0,00000000,0,1,00000000
1390,00000000,00000000,0,1,0,0,00000000,1,0,00000000
1392,00000000,00000000,0,1,0,0,00000000,0,1,00000000
1393,00000000,00000000,0,1,0,0,00000000,1,0,00000000
1395,00000000,00000000,0,1,0,0,00000000,0,1,00000000
1396,00000000,00000000,0,1,0,0,00000000,1,0,00000000
1398,00000000,00000000,0,1,0,0,00000000,0,1,00000000
1399,00000000,00000000,0,1,0,0,00000000,1,0,00000000
1401,00000000,00000000,0,1,0,0,00000000,0,1,00000000
1402,00000000,00000000,0,1,0,0,00000000,1,0,00000000
1404,00000000,00000000,0,1,0,0,00000000,0,1,00000000
1405,00000000,00000000,0,1,0,0,00000000,1,0,00000000
1407,00000000,00000000,0,1,0,0,00000000,0,1,00000000
1408,00000000,00000000,0,1,0,0,00000000,1,0,00000000
1410,00000000,00000000,0,1,0,0,00000000,0,1,00000000
1411,00000000,00000000,0,1,0,0,00000000,1,0,00000000
1413,00000000,00000000,0,1,0,0,00000000,0,1,00000000
1414,00000000,00000000,0,1,0,0,00000000,1,0,00000000
1416,00000000,00000000,0,1,0,0,00000000,0,1,00000000
1417,00000000,00000000,0,1,0,0,00000000,1,0,00000000
1419,00000000,00000000,0,1,0,0,00000000,0,1,00000000
1420,00000000,00000000,0,1,0,0,00000000,1,0,00000000
1422,00000000,00000000,0,1,0,0,00000000,0,1,00000000
1423,00000000,00000000,0,1,0,0,00000000,1,0,00000000
1425,00000000,00000000,0,1,0,0,00000000,0,1,00000000
1426,00000000,00000000,0,1,0,0,00000000,1,0,00000000
1428,00000000,00000000,0,1,0,0,00000000,0,1,00000000
1429,00000000,00000000,0,1,0,0,00000000,1,0,00000000
1431,00000000,00000000,0,1,0,0,00000000,0,1,00000000
1432,00000000,00000000,0,1,0,0,00000000,1,0,00000000
1434,00000000,00000000,0,1,0,0,00000000,0,1,00000000
1435,00000000,00000000,0,1,0,0,00000000,1,0,00000000
1437,00000000,00000000,0,1,0,0,00000000,0,1,00000000
1438,00000000,00000000,0,1,0,0,00000000,1,0,00000000
1440,00000000,00000000,0,1,0,0,00000000,0,1,00000000
1441,00000000,00000000,0,1,0,0,00000000,1,0,00000000
1443,00000000,00000000,0,1,0,0,00000000,0,1,00000000
1444,00000000,00000000,0,1,0,0,00000000,1,0,00000000
1446,00000000,00000000,0,1,0,0,00000000,0,1,00000000
1447,00000000,00000000,0,1,0,0,00000000,1,0,00000000
1449,00000000,00000000,0,1,0,0,00000000,0,1,00000000
1450,00000000,00000000,0,1,0,0,00000000,1,0,00000000
1452,00000000,00000000,0,1,0,0,00000000,0,1,00000000
1453,00000000,00000000,0,1,0,0,00000000,1,0,00000000
1455,00000000,00000000,0,1,0,0,00000000,0,1,00000000
1456,00000000,00000000,0,1,0,0,00000000,1,0,00000000
1458,00000000,00000000,0,1,0,0,00000000,0,1,00000000
1459,00000000,00000000,0,1,0,0,00000000,1,0,00000000
1461,00000000,00000000,0,1,0,0,00000000,0,1,00000000
1462,00000000,00000000,0,1,0,0,00000000,1,0,00000000
1464,00000000,00000000,0,1,0,0,00000000,0,1,00000000
1465,00000000,00000000,0,1,0,0,00000000,1,0,00000000
1467,00000000,00000000,0,1,0,0,00000000,0,1,00000000
1468,00000000,00000000,0,1,0,0,00000000,1,0,00000000
1470,00000000,00000000,0,1,0,0,00000000,0,1,00000000
1471,00000000,00000000,0,1,0,0,00000000,1,0,00000000
1473,00000000,00000000,0,1,0,0,00000000,0,1,00000000
1474,00000000,00000000,0,1,0,0,00000000,1,0,00000000
1476,00000000,00000000,0,1,0,0,00000000,0,1,00000000
1477,00000000,00000000,0,1,0,0,00000000,1,0,00000000
1479,00000000,00000000,0,1,0,0,00000000,0,1,00000000
1480,00000000,00000000,0,1,0,0,00000000,1,0,00000000
1482,00000000,00000000,0,1,0,0,00000000,0,1,00000000
1483,00000000,00000000,0,1,0,0,00000000,1,0,00000000
1485,00000000,00000000,0,1,0,0,00000000,0,1,00000000
1486,00000000,00000000,0,1,0,0,00000000,1,0,00000000
1488,00000000,00000000,0,1,0,0,00000000,0,1,00000000
1489,00000000,00000000,0,1,0,0,00000000,1,0,00000000
1491,00000000,00000000,0,1,0,0,00000000,0,1,00000000
1492,00000000,00000000,0,1,0,0,00000000,1,0,00000000
1494,00000000,00000000,0,1,0,0,00000000,0,1,00000000
1495,00000000,00000000,0,1,0,0,00000000,1,0,00000000
1497,00000000,00000000,0,1,0,0,00000000,0,1,00000000
1498,00000000,00000000,0,1,0,0,00000000,1,0,00000000
1500,00000000,00000000,0,1,0,0,00000000,0,1,00000000
1501,00000000,00000000,0,1,0,0,00000000,1,0,00000000
1503,00000000,00000000,0,1,0,0,00000000,0,1,00000000
1504,00000000,00000000,0,1,0,0,00000000,1,0,00000000
1506,00000000,00000000,0,1,0,0,00000000,0,1,00000000
1507,00000000,00000000,0,1,0,0,00000000,1,0,00000000
1509,00000000,00000000,0,1,0,0,00000000,0,1,00000000
1510,00000000,00000000,0,1,0,0,00000000,1,0,00000000
1512,00000000,00000000,0,1,0,0,00000000,0,1,00000000
1513,00000000,00000000,0,1,0,0,00000000,1,0,00000000
1515,00000000,00000000,0,1,0,0,00000000,0,1,00000000
1516,00000000,00000000,0,1,0,0,00000000,1,0,00000000
1518,00000000,00000000,0,1,0,0,00000000,0,1,00000000
1519,00000000,00000000,0,1,0,0,00000000,1,0,00000000
1521,00000000,00000000,0,1,0,0,00000000,0,1,00000000
1522,00000000,00000000,0,1,0,0,00000000,1,0,00000000
1524,00000000,00000000,0,1,0,0,00000000,0,1,00000000
1525,00000000,00000000,0,1,0,0,00000000,1,0,00000000
1527,00000000,00000000,0,1,0,0,00000000,0,1,00000000
1528,00000000,00000000,0,1,0,0,00000000,1,0,00000000
1530,00000000,00000000,0,1,0,0,00000000,0,1,00000000
1531,00000000,00000000,0,1,0,0,00000000,1,0,00000000
1533,00000000,00000000,0,1,0,0,00000000,0,1,00000000
1534,00000000,00000000,0,1,0,0,00000000,1,0,00000000
1536,00000000,00000000,0,1,0,0,00000000,0,1,00000000
1537,00000000,00000000,0,1,0,0,00000000,1,0,00000000
1539,00000000,00000000,0,1,0,0,00000000,0,1,00000000
1540,00000000,00000000,0,1,0,0,00000000,1,0,00000000
1542,00000000,00000000,0,1,0,0,00000000,0,1,00000000
1543,00000000,00000000,0,1,0,0,00000000,1,0,00000000
1545,00000000,00000000,0,1,0,0,00000000,0,1,00000000
1546,00000000,00000000,0,1,0,0,00000000,1,0,00000000
1548,00000000,00000000,0,1,0,0,00000000,0,1,00000000
1549,00000000,00000000,0,1,0,0,00000000,1,0,00000000
1551,00000000,00000000,0,1,0,0,00000000,0,1,00000000
1552,00000000,00000000,0,1,0,0,00000000,1,0,00000000
1554,00000000,00000000,0,1,0,0,00000000,0,1,00000000
1555,00000000,00000000,0,1,0,0,00000000,1,0,00000000
1557,00000000,00000000,0,1,0,0,00000000,0,1,00000000
1571,00000000,00000000,0,1,0,0,00000000,1,0,00000000
1573,00000000,00000000,0,1,0,0,00000000,0,1,00000000
1574,00000000,00000000,0,1,0,0,00000000,1,0,00000000
1576,00000000,00000000,0,1,0,0,00000000,0,1,00000000
1577,00000000,00000000,0,1,0,0,00000000,1,0,00000000
1579,00000000,00000000,0,1,0,0,00000000,0,1,00000000
1580,00000000,00000000,0,1,0,0,00000000,1,0,00000000
1582,00000000,00000000,0,1,0,0,00000000,0,1,00000000
1583,00000000,00000000,0,1,0,0,00000000,1,0,00000000
1585,00000000,00000000,0,1,0,0,00000000,0,1,00000000
1586,00000000,00000000,0,1,0,0,00000000,1,0,00000000
1588,00000000,00000000,0,1,0,0,00000000,0,1,00000000
1589,00000000,00000000,0,1,0,0,00000000,1,0,00000000
1591,00000000,00000000,0,1,0,0,00000000,0,1,00000000
1592,00000000,00000000,0,1,0,0,00000000,1,0,00000000
1594,00000000,00000000,0,1,0,0,00000000,0,1,00000000
1595,00000000,00000000,0,1,0,0,00000000,1,0,00000000
1597,00000000,00000000,0,1,0,0,00000000,0,1,00000000
1598,00000000,00000000,0,1,0,0,00000000,1,0,00000000
1600,00000000,00000000,0,1,0,0,00000000,0,1,00000000
1601,00000000,00000000,0,1,0,0,00000000,1,0,00000000
1603,00000000,00000000,0,1,0,0,00000000,0,1,00000000
1604,00000000,00000000,0,1,0,0,00000000,1,0,00000000
1606,00000000,00000000,0,1,0,0,00000000,0,1,00000000
1607,00000000,00000000,0,1,0,0,00000000,1,0,00000000
1609,00000000,00000000,0,1,0,0,00000000,0,1,00000000
1610,00000000,00000000,0,1,0,0,00000000,1,0,00000000
1612,00000000,00000000,0,1,0,0,00000000,0,1,00000000
1613,00000000,00000000,0,1,0,0,00000000,1,0,00000000
1615,00000000,00000000,0,1,0,0,00000000,0,1,00000000
1616,00000000,00000000,0,1,0,0,00000000,1,0,00000000
1618,00000000,00000000,0,1,0,0,00000000,0,1,00000000
1619,00000000,00000000,0,1,0,0,00000000,1,0,00000000
1621,00000000,00000000,0,1,0,0,00000000,0,1,00000000
1622,00000000,00000000,0,1,0,0,00000000,1,0,00000000
1624,00000000,00000000,0,1,0,0,00000000,0,1,00000000
1625,00000000,00000000,0,1,0,0,00000000,1,0,00000000
1627,00000000,00000000,0,1,0,0,00000000,0,1,00000000
1628,00000000,00000000,0,1,0,0,00000000,1,0,00000000
1630,00000000,00000000,0,1,0,0,00000000,0,1,00000000
1631,00000000,00000000,0,1,0,0,00000000,1,0,00000000
1633,00000000,00000000,0,1,0,0,00000000,0,1,00000000
1634,00000000,00000000,0,1,0,0,00000000,1,0,00000000
1636,00000000,00000000,0,1,0,0,00000000,0,1,00000000
1637,00000000,00000000,0,1,0,0,00000000,1,0,00000000
1639,00000000,00000000,0,1,0,0,00000000,0,1,00000000
1640,00000000,00000000,0,1,0,0,00000000,1,0,00000000
1642,00000000,00000000,0,1,0,0,00000000,0,1,00000000
1643,00000000,00000000,0,1,0,0,00000000,1,0,00000000
1645,00000000,00000000,0,1,0,0,00000000,0,1,00000000
1646,00000000,00000000,0,1,0,0,00000000,1,0,00000000
1648,00000000,00000000,0,1,0,0,00000000,0,1,00000000
1649,00000000,00000000,0,1,0,0,00000000,1,0,00000000
1651,00000000,00000000,0,1,0,0,00000000,0,1,00000000
1652,00000000,00000000,0,1,0,0,00000000,1,0,00000000
1654,00000000,00000000,0,1,0,0,00000000,0,1,00000000
1655,00000000,00000000,0,1,0,0,00000000,1,0,00000000
1657,00000000,00000000,0,1,0,0,00000000,0,1,00000000
1658,00000000,00000000,0,1,0,0,00000000,1,0,00000000
1660,00000000,00000000,0,1,0,0,00000000,0,1,00000000
1661,00000000,00000000,0,1,0,0,00000000,1,0,00000000
1663,00000000,00000000,0,1,0,0,00000000,0,1,00000000
1664,00000000,00000000,0,1,0,0,00000000,1,0,00000000
1666,00000000,00000000,0,1,0,0,00000000,0,1,00000000
1667,00000000,00000000,0,1,0,0,00000000,1,0,00000000
1669,00000000,00000000,0,1,0,0,00000000,0,1,00000000
1670,00000000,00000000,0,1,0,0,00000000,1,0,00000000
1672,00000000,00000000,0,1,0,0,00000000,0,1,00000000
1673,00000000,00000000,0,1,0,0,00000000,1,0,00000000
1675,00000000,00000000,0,1,0,0,00000000,0,1,00000000
1676,00000000,00000000,0,1,0,0,00000000,1,0,00000000
1678,00000000,00000000,0,1,0,0,00000000,0,1,00000000
1679,00000000,00000000,0,1,0,0,00000000,1,0,00000000
1681,00000000,00000000,0,1,0,0,00000000,0,1,00000000
1682,00000000,00000000,0,1,0,0,00000000,1,0,00000000
1684,00000000,00000000,0,1,0,0,00000000,0,1,00000000
1685,00000000,00000000,0,1,0,0,00000000,1,0,00000000
1687,00000000,00000000,0,1,0,0,00000000,0,1,00000000
1688,00000000,00000000,0,1,0,0,00000000,1,0,00000000
1690,00000000,00000000,0,1,0,0,00000000,0,1,00000000
1691,00000000,00000000,0,1,0,0,00000000,1,0,00000000
1693,00000000,00000000,0,1,0,0,00000000,0,1,00000000
1694,00000000,00000000,0,1,0,0,00000000,1,0,00000000
1696,00000000,00000000,0,1,0,0,00000000,0,1,00000000
1697,00000000,00000000,0,1,0,0,00000000,1,0,00000000
1699,00000000,00000000,0,1,0,0,00000000,0,1,00000000
1700,00000000,00000000,0,1,0,0,00000000,1,0,00000000
1702,00000000,00000000,0,1,0,0,00000000,0,1,00000000
1703,00000000,00000000,0,1,0,0,00000000,1,0,00000000
1705,00000000,00000000,0,1,0,0,00000000,0,1,00000000
1706,00000000,00000000,0,1,0,0,00000000,1,0,00000000
1708,00000000,00000000,0,1,0,0,00000000,0,1,00000000
1709,00000000,00000000,0,1,0,0,00000000,1,0,00000000
1711,00000000,00000000,0,1,0,0,00000000,0,1,00000000
1712,00000000,00000000,0,1,0,0,00000000,1,0,00000000
1714,00000000,00000000,0,1,0,0,00000000,0,1,00000000
1715,00000000,00000000,0,1,0,0,00000000,1,0,00000000
1717,00000000,00000000,0,1,0,0,00000000,0,1,00000000
1718,00000000,00000000,0,1,0,0,00000000,1,0,00000000
1720,00000000,00000000,0,1,0,0,00000000,0,1,00000000
1721,00000000,00000000,0,1,0,0,00000000,1,0,00000000
1723,00000000,00000000,0,1,0,0,00000000,0,1,00000000
1724,00000000,00000000,0,1,0,0,00000000,1,0,00000000
1726,00000000,00000000,0,1,0,0,00000000,0,1,00000000
1727,00000000,00000000,0,1,0,0,00000000,1,0,00000000
1729,00000000,00000000,0,1,0,0,00000000,0,1,00000000
1730,00000000,00000000,0,1,0,0,00000000,1,0,00000000
1732,00000000,00000000,0,1,0,0,00000000,0,1,00000000
1733,00000000,00000000,0,1,0,0,00000000,1,0,00000000
1735,00000000,00000000,0,1,0,0,00000000,0,1,00000000
1736,00000000,00000000,0,1,0,0,00000000,1,0,00000000
1738,00000000,00000000,0,1,0,0,00000000,0,1,00000000
1739,00000000,00000000,0,1,0,0,00000000,1,0,00000000
1741,00000000,00000000,0,1,0,0,00000000,0,1,00000000
1742,00000000,00000000,0,1,0,0,00000000,1,0,00000000
1744,00000000,00000000,0,1,0,0,00000000,0,1,00000000
1745,00000000,00000000,0,1,0,0,00000000,1,0,00000000
1747,00000000,00000000,0,1,0,0,00000000,0,1,00000000
1748,00000000,00000000,0,1,0,0,00000000,1,0,00000000
1750,00000000,00000000,0,1,0,0,00000000,0,1,00000000
1751,00000000,00000000,0,1,0,0,00000000,1,0,00000000
1753,00000000,00000000,0,1,0,0,00000000,0,1,00000000
1754,00000000,00000000,0,1,0,0,00000000,1,0,00000000
1756,00000000,00000000,0,1,0,0,00000000,0,1,00000000
1757,00000000,00000000,0,1,0,0,00000000,1,0,00000000
1759,00000000,00000000,0,1,0,0,00000000,0,1,00000000
1760,00000000,00000000,0,1,0,0,00000000,1,0,00000000
1762,00000000,00000000,0,1,0,0,00000000,0,1,00000000
1763,00000000,00000000,0,1,0,0,00000000,1,0,00000000
1765,00000000,00000000,0,1,0,0,00000000,0,1,00000000
1766,00000000,00000000,0,1,0,0,00000000,1,0,00000000
1768,00000000,00000000,0,1,0,0,00000000,0,1,00000000
1769,00000000,00000000,0,1,0,0,00000000,1,0,00000000
1771,00000000,00000000,0,1,0,0,00000000,0,1,00000000
1772,00000000,00000000,0,1,0,0,00000000,1,0,00000000
1774,00000000,00000000,0,1,0,0,00000000,0,1,00000000
1775,00000000,00000000,0,1,0,0,00000000,1,0,00000000
1777,00000000,00000000,0,1,0,0,00000000,0,1,00000000
1778,00000000,00000000,0,1,0,0,00000000,1,0,00000000
1780,00000000,00000000,0,1,0,0,00000000,0,1,00000000
1781,00000000,00000000,0,1,0,0,00000000,1,0,00000000
1783,00000000,00000000,0,1,0,0,00000000,0,1,00000000
1784,00000000,00000000,0,1,0,0,00000000,1,0,00000000
1786,00000000,00000000,0,1,0,0,00000000,0,1,00000000
1787,00000000,00000000,0,1,0,0,00000000,1,0,00000000
1789,00000000,00000000,0,1,0,0,00000000,0,1,00000000
1790,00000000,00000000,0,1,0,0,00000000,1,0,00000000
1792,00000000,00000000,0,1,0,0,00000000,0,1,00000000
1793,00000000,00000000,0,1,0,0,00000000,1,0,00000000
1795,00000000,00000000,0,1,0,0,00000000,0,1,00000000
1796,00000000,00000000,0,1,0,0,00000000,1,0,00000000
1798,00000000,00000000,0,1,0,0,00000000,0,1,00000000
1799,00000000,00000000,0,1,0,0,00000000,1,0,00000000
1801,00000000,00000000,0,1,0,0,00000000,0,1,00000000
1802,00000000,00000000,0,1,0,0,00000000,1,0,00000000
1804,00000000,00000000,0,1,0,0,00000000,0,1,00000000
1805,00000000,00000000,0,1,0,0,00000000,1,0,00000000
1807,00000000,00000000,0,1,0,0,00000000,0,1,00000000
1808,00000000,00000000,0,1,0,0,00000000,1,0,00000000
1810,00000000,00000000,0,1,0,0,00000000,0,1,00000000
1811,00000000,00000000,0,1,0,0,00000000,1,0,00000000
1813,00000000,00000000,0,1,0,0,00000000,0,1,00000000
1827,00000000,00000000,0,1,0,0,00000000,1,0,00000000
1829,00000000,00000000,0,1,0,0,00000000,0,1,00000000
1830,00000000,00000000,0,1,0,0,00000000,1,0,00000000
1832,00000000,00000000,0,1,0,0,00000000,0,1,00000000
1833,00000000,00000000,0,1,0,0,00000000,1,0,00000000
1835,00000000,00000000,0,1,0,0,00000000,0,1,00000000
1836,00000000,00000000,0,1,0,0,00000000,1,0,00000000
1838,00000000,00000000,0,1,0,0,00000000,0,1,00000000
1839,00000000,00000000,0,1,0,0,00000000,1,0,00000000
1841,00000000,00000000,0,1,0,0,00000000,0,1,00000000
1842,00000000,00000000,0,1,0,0,00000000,1,0,00000000
1844,00000000,00000000,0,1,0,0,00000000,0,1,00000000
1845,00000000,00000000,0,1,0,0,00000000,1,0,00000000
1847,00000000,00000000,0,1,0,0,00000000,0,1,00000000
1848,00000000,00000000,0,1,0,0,00000000,1,0,00000000
1850,00000000,00000000,0,1,0,0,00000000,0,1,00000000
1851,00000000,00000000,0,1,0,0,00000000,1,0,00000000
1853,00000000,00000000,0,1,0,0,00000000,0,1,00000000
1854,00000000,00000000,0,1,0,0,00000000,1,0,00000000
1856,00000000,00000000,0,1,0,0,00000000,0,1,00000000
1857,00000000,00000000,0,1,0,0,00000000,1,0,00000000
1859,00000000,00000000,0,1,0,0,00000000,0,1,00000000
1860,00000000,00000000,0,1,0,0,00000000,1,0,00000000
1862,00000000,00000000,0,1,0,0,00000000,0,1,00000000
1863,00000000,00000000,0,1,0,0,00000000,1,0,00000000
1865,00000000,00000000,0,1,0,0,00000000,0,1,00000000
1866,00000000,00000000,0,1,0,0,00000000,1,0,00000000
1868,00000000,00000000,0,1,0,0,00000000,0,1,00000000
1869,00000000,00000000,0,1,0,0,00000000,1,0,00000000
1871,00000000,00000000,0,1,0,0,00000000,0,1,00000000
1872,00000000,00000000,0,1,0,0,00000000,1,0,00000000
1874,00000000,00000000,0,1,0,0,00000000,0,1,00000000
1875,00000000,00000000,0,1,0,0,00000000,1,0,00000000
1877,00000000,00000000,0,1,0,0,00000000,0,1,00000000
1878,00000000,00000000,0,1,0,0,00000000,1,0,00000000
1880,00000000,00000000,0,1,0,0,00000000,0,1,00000000
1881,00000000,00000000,0,1,0,0,00000000,1,0,00000000
1883,00000000,00000000,0,1,0,0,00000000,0,1,00000000
1884,00000000,00000000,0,1,0,0,00000000,1,0,00000000
1886,00000000,00000000,0,1,0,0,00000000,0,1,00000000
1887,00000000,00000000,0,1,0,0,00000000,1,0,00000000
1889,00000000,00000000,0,1,0,0,00000000,0,1,00000000
1890,00000000,00000000,0,1,0,0,00000000,1,0,00000000
1892,00000000,00000000,0,1,0,0,00000000,0,1,00000000
1893,00000000,00000000,0,1,0,0,00000000,1,0,00000000
1895,00000000,00000000,0,1,0,0,00000000,0,1,00000000
1896,00000000,00000000,0,1,0,0,00000000,1,0,00000000
1898,00000000,00000000,0,1,0,0,00000000,0,1,00000000
1899,00000000,00000000,0,1,0,0,00000000,1,0,00000000
1901,00000000,00000000,0,1,0,0,00000000,0,1,00000000
1902,00000000,00000000,0,1,0,0,00000000,1,0,00000000
1904,00000000,00000000,0,1,0,0,00000000,0,1,00000000
1905,00000000,00000000,0,1,0,0,00000000,1,0,00000000
1907,00000000,00000000,0,1,0,0,00000000,0,1,00000000
1908,00000000,00000000,0,1,0,0,00000000,1,0,00000000
1910,00000000,00000000,0,1,0,0,00000000,0,1,00000000
1911,00000000,00000000,0,1,0,0,00000000,1,0,00000000
1913,00000000,00000000,0,1,0,0,00000000,0,1,00000000
1914,00000000,00000000,0,1,0,0,00000000,1,0,00000000
1916,00000000,00000000,0,1,0,0,00000000,0,1,00000000
1917,00000000,00000000,0,1,0,0,00000000,1,0,00000000
1919,00000000,00000000,0,1,0,0,00000000,0,1,00000000
1920,00000000,00000000,0,1,0,0,00000000,1,0,00000000
1922,00000000,00000000,0,1,0,0,00000000,0,1,00000000
1923,00000000,00000000,0,1,0,0,00000000,1,0,00000000
1925,00000000,00000000,0,1,0,0,00000000,0,1,00000000
1926,00000000,00000000,0,1,0,0,00000000,1,0,00000000
1928,00000000,00000000,0,1,0,0,00000000,0,1,00000000
1929,00000000,00000000,0,1,0,0,00000000,1,0,00000000
1931,00000000,00000000,0,1,0,0,00000000,0,1,00000000
1932,00000000,00000000,0,1,0,0,00000000,1,0,00000000
1934,00000000,00000000,0,1,0,0,00000000,0,1,00000000
1935,00000000,00000000,0,1,0,0,00000000,1,0,00000000
1937,00000000,00000000,0,1,0,0,00000000,0,1,00000000
1938,00000000,00000000,0,1,0,0,00000000,1,0,00000000
1940,00000000,00000000,0,1,0,0,00000000,0,1,00000000
1941,00000000,00000000,0,1,0,0,00000000,1,0,00000000
1943,00000000,00000000,0,1,0,0,00000000,0,1,00000000
1944,00000000,00000000,0,1,0,0,00000000,1,0,00000000
1946,00000000,00000000,0,1,0,0,00000000,0,1,00000000
1947,00000000,00000000,0,1,0,0,00000000,1,0,00000000
1949,00000000,00000000,0,1,0,0,00000000,0,1,00000000
1950,00000000,00000000,0,1,0,0,00000000,1,0,00000000
1952,00000000,00000000,0,1,0,0,00000000,0,1,00000000
1953,00000000,00000000,0,1,0,0,00000000,1,0,00000000
1955,00000000,00000000,0,1,0,0,00000000,0,1,00000000
1956,00000000,00000000,0,1,0,0,00000000,1,0,00000000
1958,00000000,00000000,0,1,0,0,00000000,0,1,00000000
1959,00000000,00000000,0,1,0,0,00000000,1,0,00000000
1961,00000000,00000000,0,1,0,0,00000000,0,1,00000000
1962,00000000,00000000,0,1,0,0,00000000,1,0,00000000
1964,00000000,00000000,0,1,0,0,00000000,0,1,00000000
1965,00000000,00000000,0,1,0,0,00000000,1,0,00000000
1967,00000000,00000000,0,1,0,0,00000000,0,1,00000000
1968,00000000,00000000,0,1,0,0,00000000,1,0,00000000
1970,00000000,00000000,0,1,0,0,00000000,0,1,00000000
1971,00000000,00000000,0,1,0,0,00000000,1,0,00000000
1973,00000000,00000000,0,1,0,0,00000000,0,1,00000000
1974,00000000,00000000,0,1,0,0,00000000,1,0,00000000
1976,00000000,00000000,0,1,0,0,00000000,0,1,00000000
1977,00000000,00000000,0,1,0,0,00000000,1,0,00000000
1979,00000000,00000000,0,1,0,0,00000000,0,1,00000000
1980,00000000,00000000,0,1,0,0,00000000,1,0,00000000
1982,00000000,00000000,0,1,0,0,00000000,0,1,00000000
1983,00000000,00000000,0,1,0,0,00000000,1,0,00000000
1985,00000000,00000000,0,1,0,0,00000000,0,1,00000000
1986,00000000,00000000,0,1,0,0,00000000,1,0,00000000
1988,00000000,00000000,0,1,0,0,00000000,0,1,00000000
1989,00000000,00000000,0,1,0,0,00000000,1,0,00000000
1991,00000000,00000000,0,1,0,0,00000000,0,1,00000000
1992,00000000,00000000,0,1,0,0,00000000,1,0,00000000
1994,00000000,00000000,0,1,0,0,00000000,0,1,00000000
1995,00000000,00000000,0,1,0,0,00000000,1,0,00000000
1997,00000000,00000000,0,1,0,0,00000000,0,1,00000000
1998,00000000,00000000,0,1,0,0,00000000,1,0,00000000
2000,00000000,00000000,0,1,0,0,00000000,0,1,00000000
2001,00000000,00000000,0,1,0,0,00000000,1,0,00000000
2003,00000000,00000000,0,1,0,0,00000000,0,1,00000000
2004,00000000,00000000,0,1,0,0,00000000,1,0,00000000
2006,00000000,00000000,0,1,0,0,00000000,0,1,00000000
2007,00000000,00000000,0,1,0,0,00000000,1,0,00000000
2009,00000000,00000000,0,1,0,0,00000000,0,1,00000000
2010,00000000,00000000,0,1,0,0,00000000,1,0,00000000
2012,00000000,00000000,0,1,0,0,00000000,0,1,00000000
2013,00000000,00000000,0,1,0,0,00000000,1,0,00000000
2015,00000000,00000000,0,1,0,0,00000000,0,1,00000000
2016,00000000,00000000,0,1,0,0,00000000,1,0,00000000
2018,00000000,00000000,0,1,0,0,00000000,0,1,00000000
2019,00000000,00000000,0,1,0,0,00000000,1,0,00000000
2021,00000000,00000000,0,1,0,0,00000000,0,1,00000000
2022,00000000,00000000,0,1,0,0,00000000,1,0,00000000
2024,00000000,00000000,0,1,0,0,00000000,0,1,00000000
2025,00000000,00000000,0,1,0,0,00000000,1,0,00000000
2027,00000000,00000000,0,1,0,0,00000000,0,1,00000000
2028,00000000,00000000,0,1,0,0,00000000,1,0,00000000
2030,00000000,00000000,0,1,0,0,00000000,0,1,00000000
2031,00000000,00000000,0,1,0,0,00000000,1,0,00000000
2033,00000000,00000000,0,1,0,0,00000000,0,1,00000000
2034,00000000,00000000,0,1,0,0,00000000,1,0,00000000
2036,00000000,00000000,0,1,0,0,00000000,0,1,00000000
2037,00000000,00000000,0,1,0,0,00000000,1,0,00000000
2039,00000000,00000000,0,1,0,0,00000000,0,1,00000000
2040,00000000,00000000,0,1,0,0,00000000,1,0,00000000
2042,00000000,00000000,0,1,0,0,00000000,0,1,00000000
2043,00000000,00000000,0,1,0,0,00000000,1,0,00000000
2045,00000000,00000000,0,1,0,0,00000000,0,1,00000000
2046,00000000,00000000,0,1,0,0,00000000,1,0,00000000
2048,00000000,00000000,0,1,0,0,00000000,0,1,00000000
2049,00000000,00000000,0,1,0,0,00000000,1,0,00000000
2051,00000000,00000000,0,1,0,0,00000000,0,1,00000000
2052,00000000,00000000,0,1,0,0,00000000,1,0,00000000
2054,00000000,00000000,0,1,0,0,00000000,0,1,00000000
2055,00000000,00000000,0,1,0,0,00000000,1,0,00000000
2057,00000000,00000000,0,1,0,0,00000000,0,1,00000000
2058,00000000,00000000,0,1,0,0,00000000,1,0,00000000
2060,00000000,00000000,0,1,0,0,00000000,0,1,00000000
2061,00000000,00000000,0,1,0,0,00000000,1,0,00000000
2063,00000000,00000000,0,1,0,0,00000000,0,1,00000000
2064,00000000,00000000,0,1,0,0,00000000,1,0,00000000
2066,00000000,00000000,0,1,0,0,00000000,0,1,00000000
2067,00000000,00000000,0,1,0,0,00000000,1,0,00000000
2069,00000000,00000000,0,1,0,0,00000000,0,1,00000000
2083,00000000,00000000,0,1,0,0,00000000,1,0,00000000
2085,00000000,00000000,0,1,0,0,00000000,0,1,00000000
2086,00000000,00000000,0,1,0,0,00000000,1,0,00000000
2088,00000000,00000000,0,1,0,0,00000000,0,1,00000000
2089,00000000,00000000,0,1,0,0,00000000,1,0,00000000
2091,00000000,00000000,0,1,0,0,00000000,0,1,00000000
2092,00000000,00000000,0,1,0,0,00000000,1,0,00000000
2094,00000000,00000000,0,1,0,0,00000000,0,1,00000000
2095,00000000,00000000,0,1,0,0,00000000,1,0,00000000
2097,00000000,00000000,0,1,0,0,00000000,0,1,00000000
2098,00000000,00000000,0,1,0,0,00000000,1,0,00000000
2100,00000000,00000000,0,1,0,0,00000000,0,1,00000000
2101,00000000,00000000,0,1,0,0,00000000,1,0,00000000
2103,00000000,00000000,0,1,0,0,00000000,0,1,00000000
2104,00000000,00000000,0,1,0,0,00000000,1,0,00000000
2106,00000000,00000000,0,1,0,0,00000000,0,1,00000000
2107,00000000,00000000,0,1,0,0,00000000,1,0,00000000
2109,00000000,00000000,0,1,0,0,00000000,0,1,00000000
2110,00000000,00000000,0,1,0,0,00000000,1,0,00000000
2112,00000000,00000000,0,1,0,0,00000000,0,1,00000000
2113,00000000,00000000,0,1,0,0,00000000,1,0,00000000
2115,00000000,00000000,0,1,0,0,00000000,0,1,00000000
2116,00000000,00000000,0,1,0,0,00000000,1,0,00000000
2118,00000000,00000000,0,1,0,0,00000000,0,1,00000000
2119,00000000,00000000,0,1,0,0,00000000,1,0,00000000
2121,00000000,00000000,0,1,0,0,00000000,0,1,00000000
2122,00000000,00000000,0,1,0,0,00000000,1,0,00000000
2124,00000000,00000000,0,1,0,0,00000000,0,1,00000000
2125,00000000,00000000,0,1,0,0,00000000,1,0,00000000
2127,00000000,00000000,0,1,0,0,00000000,0,1,00000000
2128,00000000,00000000,0,1,0,0,00000000,1,0,00000000
2130,00000000,00000000,0,1,0,0,00000000,0,1,00000000
2131,00000000,00000000,0,1,0,0,00000000,1,0,00000000
2133,00000000,00000000,0,1,0,0,00000000,0,1,00000000
2134,00000000,00000000,0,1,0,0,00000000,1,0,00000000
2136,00000000,00000000,0,1,0,0,00000000,0,1,00000000
2137,00000000,00000000,0,1,0,0,00000000,1,0,00000000
2139,00000000,00000000,0,1,0,0,00000000,0,1,00000000
2140,00000000,00000000,0,1,0,0,00000000,1,0,00000000
2142,00000000,00000000,0,1,0,0,00000000,0,1,00000000
2143,00000000,00000000,0,1,0,0,00000000,1,0,00000000
2145,00000000,00000000,0,1,0,0,00000000,0,1,00000000
2146,00000000,00000000,0,1,0,0,00000000,1,0,00000000
2148,00000000,00000000,0,1,0,0,00000000,0,1,00000000
2149,00000000,00000000,0,1,0,0,00000000,1,0,00000000
2151,00000000,00000000,0,1,0,0,00000000,0,1,00000000
2152,00000000,00000000,0,1,0,0,00000000,1,0,00000000
2154,00000000,00000000,0,1,0,0,00000000,0,1,00000000
2155,00000000,00000000,0,1,0,0,00000000,1,0,00000000
2157,00000000,00000000,0,1,0,0,00000000,0,1,00000000
2158,00000000,00000000,0,1,0,0,00000000,1,0,00000000
2160,00000000,00000000,0,1,0,0,00000000,0,1,00000000
2161,00000000,00000000,0,1,0,0,00000000,1,0,00000000
2163,00000000,00000000,0,1,0,0,00000000,0,1,00000000
2164,00000000,00000000,0,1,0,0,00000000,1,0,00000000
2166,00000000,00000000,0,1,0,0,00000000,0,1,00000000
2167,00000000,00000000,0,1,0,0,00000000,1,0,00000000
2169,00000000,00000000,0,1,0,0,00000000,0,1,00000000
2170,00000000,00000000,0,1,0,0,00000000,1,0,00000000
2172,00000000,00000000,0,1,0,0,00000000,0,1,00000000
2173,00000000,00000000,0,1,0,0,00000000,1,0,00000000
2175,00000000,00000000,0,1,0,0,00000000,0,1,00000000
2176,00000000,00000000,0,1,0,0,00000000,1,0,00000000
2178,00000000,00000000,0,1,0,0,00000000,0,1,00000000
2179,00000000,00000000,0,1,0,0,00000000,1,0,00000000
2181,00000000,00000000,0,1,0,0,00000000,0,1,00000000
2182,00000000,00000000,0,1,0,0,00000000,1,0,00000000
2184,00000000,00000000,0,1,0,0,00000000,0,1,00000000
2185,00000000,00000000,0,1,0,0,00000000,1,0,00000000
2187,00000000,00000000,0,1,0,0,00000000,0,1,00000000
2188,00000000,00000000,0,1,0,0,00000000,1,0,00000000
2190,00000000,00000000,0,1,0,0,00000000,0,1,00000000
2191,00000000,00000000,0,1,0,0,00000000,1,0,00000000
2193,00000000,00000000,0,1,0,0,00000000,0,1,00000000
2194,00000000,00000000,0,1,0,0,00000000,1,0,00000000
2196,00000000,00000000,0,1,0,0,00000000,0,1,00000000
2197,00000000,00000000,0,1,0,0,00000000,1,0,00000000
2199,00000000,00000000,0,1,0,0,00000000,0,1,00000000
2200,00000000,00000000,0,1,0,0,00000000,1,0,00000000
2202,00000000,00000000,0,1,0,0,00000000,0,1,00000000
2203,00000000,00000000,0,1,0,0,00000000,1,0,00000000
2205,00000000,00000000,0,1,0,0,00000000,0,1,00000000
2206,00000000,00000000,0,1,0,0,00000000,1,0,00000000
2208,00000000,00000000,0,1,0,0,00000000,0,1,00000000
2209,00000000,00000000,0,1,0,0,00000000,1,0,00000000
2211,00000000,00000000,0,1,0,0,00000000,0,1,00000000
2212,00000000,00000000,0,1,0,0,00000000,1,0,00000000
2214,00000000,00000000,0,1,0,0,00000000,0,1,00000000
2215,00000000,00000000,0,1,0,0,00000000,1,0,00000000
2217,00000000,00000000,0,1,0,0,00000000,0,1,00000000
2218,00000000,00000000,0,1,0,0,00000000,1,0,00000000
2220,00000000,00000000,0,1,0,0,00000000,0,1,00000000
2221,00000000,00000000,0,1,0,0,00000000,1,0,00000000
2223,00000000,00000000,0,1,0,0,00000000,0,1,00000000
2224,00000000,00000000,0,1,0,0,00000000,1,0,00000000
2226,00000000,00000000,0,1,0,0,00000000,0,1,00000000
2227,00000000,00000000,0,1,0,0,00000000,1,0,00000000
2229,00000000,00000000,0,1,0,0,00000000,0,1,00000000
2230,00000000,00000000,0,1,0,0,00000000,1,0,00000000
2232,00000000,00000000,0,1,0,0,00000000,0,1,00000000
2233,00000000,00000000,0,1,0,0,00000000,1,0,00000000
2235,00000000,00000000,0,1,0,0,00000000,0,1,00000000
2236,00000000,00000000,0,1,0,0,00000000,1,0,00000000
2238,00000000,00000000,0,1,0,0,00000000,0,1,00000000
2239,00000000,00000000,0,1,0,0,00000000,1,0,00000000
2241,00000000,00000000,0,1,0,0,00000000,0,1,00000000
2242,00000000,00000000,0,1,0,0,00000000,1,0,00000000
2244,00000000,00000000,0,1,0,0,00000000,0,1,00000000
2245,00000000,00000000,0,1,0,0,00000000,1,0,00000000
2247,00000000,00000000,0,1,0,0,00000000,0,1,00000000
2248,00000000,00000000,0,1,0,0,00000000,1,0,00000000
2250,00000000,00000000,0,1,0,0,00000000,0,1,00000000
2251,00000000,00000000,0,1,0,0,00000000,1,0,00000000
2253,00000000,00000000,0,1,0,0,00000000,0,1,00000000
2254,00000000,00000000,0,1,0,0,00000000,1,0,00000000
2256,00000000,00000000,0,1,0,0,00000000,0,1,00000000
2257,00000000,00000000,0,1,0,0,00000000,1,0,00000000
2259,00000000,00000000,0,1,0,0,00000000,0,1,00000000
2260,00000000,00000000,0,1,0,0,00000000,1,0,00000000
2262,00000000,00000000,0,1,0,0,00000000,0,1,00000000
2263,00000000,00000000,0,1,0,0,00000000,1,0,00000000
2265,00000000,00000000,0,1,0,0,00000000,0,1,00000000
2266,00000000,00000000,0,1,0,0,00000000,1,0,00000000
2268,00000000,00000000,0,1,0,0,00000000,0,1,00000000
2269,00000000,00000000,0,1,0,0,00000000,1,0,00000000
2271,00000000,00000000,0,1,0,0,00000000,0,1,00000000
2272,00000000,00000000,0,1,0,0,00000000,1,0,00000000
2274,00000000,00000000,0,1,0,0,00000000,0,1,00000000
2275,00000000,00000000,0,1,0,0,00000000,1,0,00000000
2277,00000000,00000000,0,1,0,0,00000000,0,1,00000000
2278,00000000,00000000,0,1,0,0,00000000,1,0,00000000
2280,00000000,00000000,0,1,0,0,00000000,0,1,00000000
2281,00000000,00000000,0,1,0,0,00000000,1,0,00000000
2283,00000000,00000000,0,1,0,0,00000000,0,1,00000000
2284,00000000,00000000,0,1,0,0,00000000,1,0,00000000
2286,00000000,00000000,0,1,0,0,00000000,0,1,00000000
2287,00000000,00000000,0,1,0,0,00000000,1,0,00000000
2289,00000000,00000000,0,1,0,0,00000000,0,1,00000000
2290,00000000,00000000,0,1,0,0,00000000,1,0,00000000
2292,00000000,00000000,0,1,0,0,00000000,0,1,00000000
2293,00000000,00000000,0,1,0,0,00000000,1,0,00000000
2295,00000000,00000000,0,1,0,0,00000000,0,1,00000000
2296,00000000,00000000,0,1,0,0,00000000,1,0,00000000
2298,00000000,00000000,0,1,0,0,00000000,0,1,00000000
2299,00000000,00000000,0,1,0,0,00000000,1,0,00000000
2301,00000000,00000000,0,1,0,0,00000000,0,1,00000000
2302,00000000,00000000,0,1,0,0,00000000,1,0,00000000
2304,00000000,00000000,0,1,0,0,00000000,0,1,00000000
2305,00000000,00000000,0,1,0,0,00000000,1,0,00000000
2307,00000000,00000000,0,1,0,0,00000000,0,1,00000000
2308,00000000,00000000,0,1,0,0,00000000,1,0,00000000
2310,00000000,00000000,0,1,0,0,00000000,0,1,00000000
2311,00000000,00000000,0,1,0,0,00000000,1,0,00000000
2313,00000000,00000000,0,1,0,0,00000000,0,1,00000000
2314,00000000,00000000,0,1,0,0,00000000,1,0,00000000
2316,00000000,00000000,0,1,0,0,00000000,0,1,00000000
2317,00000000,00000000,0,1,0,0,00000000,1,0,00000000
2319,00000000,00000000,0,1,0,0,00000000,0,1,00000000
2320,00000000,00000000,0,1,0,0,00000000,1,0,00000000
2322,00000000,00000000,0,1,0,0,00000000,0,1,00000000
2323,00000000,00000000,0,1,0,0,00000000,1,0,00000000
2325,00000000,00000000,0,1,0,0,00000000,0,1,00000000
2339,00000000,00000000,0,1,0,0,00000000,1,0,00000000
2341,00000000,00000000,0,1,0,0,00000000,0,1,00000000
2342,00000000,00000000,0,1,0,0,00000000,1,0,00000000
2344,00000000,00000000,0,1,0,0,00000000,0,1,00000000
2345,00000000,00000000,0,1,0,0,00000000,1,0,00000000
2347,00000000,00000000,0,1,0,0,00000000,0,1,00000000
2348,00000000,00000000,0,1,0,0,00000000,1,0,00000000
2350,00000000,00000000,0,1,0,0,00000000,0,1,00000000
2351,00000000,00000000,0,1,0,0,00000000,1,0,00000000
2353,00000000,00000000,0,1,0,0,00000000,0,1,00000000
2354,00000000,00000000,0,1,0,0,00000000,1,0,00000000
2356,00000000,00000000,0,1,0,0,00000000,0,1,00000000
2357,00000000,00000000,0,1,0,0,00000000,1,0,00000000
2359,00000000,00000000,0,1,0,0,00000000,0,1,00000000
2360,00000000,00000000,0,1,0,0,00000000,1,0,00000000
2362,00000000,00000000,0,1,0,0,00000000,0,1,00000000
2363,00000000,00000000,0,1,0,0,00000000,1,0,00000000
2365,00000000,00000000,0,1,0,0,00000000,0,1,00000000
2366,00000000,00000000,0,1,0,0,00000000,1,0,00000000
2368,00000000,00000000,0,1,0,0,00000000,0,1,00000000
2369,00000000,00000000,0,1,0,0,00000000,1,0,00000000
2371,00000000,00000000,0,1,0,0,00000000,0,1,00000000
2372,00000000,00000000,0,1,0,0,00000000,1,0,00000000
2374,00000000,00000000,0,1,0,0,00000000,0,1,00000000
2375,00000000,00000000,0,1,0,0,00000000,1,0,00000000
2377,00000000,00000000,0,1,0,0,00000000,0,1,00000000
2378,00000000,00000000,0,1,0,0,00000000,1,0,00000000
2380,00000000,00000000,0,1,0,0,00000000,0,1,00000000
2381,00000000,00000000,0,1,0,0,00000000,1,0,00000000
2383,00000000,00000000,0,1,0,0,00000000,0,1,00000000
2384,00000000,00000000,0,1,0,0,00000000,1,0,00000000
2386,00000000,00000000,0,1,0,0,00000000,0,1,00000000
2387,00000000,00000000,0,1,0,0,00000000,1,0,00000000
2389,00000000,00000000,0,1,0,0,00000000,0,1,00000000
2390,00000000,00000000,0,1,0,0,00000000,1,0,00000000
2392,00000000,00000000,0,1,0,0,00000000,0,1,00000000
2393,00000000,00000000,0,1,0,0,00000000,1,0,00000000
2395,00000000,00000000,0,1,0,0,00000000,0,1,00000000
2396,00000000,00000000,0,1,0,0,00000000,1,0,00000000
2398,00000000,00000000,0,1,0,0,00000000,0,1,00000000
2399,00000000,00000000,0,1,0,0,00000000,1,0,00000000
2401,00000000,00000000,0,1,0,0,00000000,0,1,00000000
2402,00000000,00000000,0,1,0,0,00000000,1,0,00000000
2404,00000000,00000000,0,1,0,0,00000000,0,1,00000000
2405,00000000,00000000,0,1,0,0,00000000,1,0,00000000
2407,00000000,00000000,0,1,0,0,00000000,0,1,00000000
2408,00000000,00000000,0,1,0,0,00000000,1,0,00000000
2410,00000000,00000000,0,1,0,0,00000000,0,1,00000000
2411,00000000,00000000,0,1,0,0,00000000,1,0,00000000
2413,00000000,00000000,0,1,0,0,00000000,0,1,00000000
2414,00000000,00000000,0,1,0,0,00000000,1,0,00000000
2416,00000000,00000000,0,1,0,0,00000000,0,1,00000000
2417,00000000,00000000,0,1,0,0,00000000,1,0,00000000
2419,00000000,00000000,0,1,0,0,00000000,0,1,00000000
2420,00000000,00000000,0,1,0,0,00000000,1,0,00000000
2422,00000000,00000000,0,1,0,0,00000000,0,1,00000000
2423,00000000,00000000,0,1,0,0,00000000,1,0,00000000
2425,00000000,00000000,0,1,0,0,00000000,0,1,00000000
2426,00000000,00000000,0,1,0,0,00000000,1,0,00000000
2428,00000000,00000000,0,1,0,0,00000000,0,1,00000000
2429,00000000,00000000,0,1,0,0,00000000,1,0,00000000
2431,00000000,00000000,0,1,0,0,00000000,0,1,00000000
2432,00000000,00000000,0,1,0,0,00000000,1,0,00000000
2434,00000000,00000000,0,1,0,0,00000000,0,1,00000000
2435,00000000,00000000,0,1,0,0,00000000,1,0,00000000
2437,00000000,00000000,0,1,0,0,00000000,0,1,00000000
2438,00000000,00000000,0,1,0,0,00000000,1,0,00000000
2440,00000000,00000000,0,1,0,0,00000000,0,1,00000000
2441,00000000,00000000,0,1,0,0,00000000,1,0,00000000
2443,00000000,00000000,0,1,0,0,00000000,0,1,00000000
2444,00000000,00000000,0,1,0,0,00000000,1,0,00000000
2446,00000000,00000000,0,1,0,0,00000000,0,1,00000000
2447,00000000,00000000,0,1,0,0,00000000,1,0,00000000
2449,00000000,00000000,0,1,0,0,00000000,0,1,00000000
2450,00000000,00000000,0,1,0,0,00000000,1,0,00000000
2452,00000000,00000000,0,1,0,0,00000000,0,1,00000000
2453,00000000,00000000,0,1,0,0,00000000,1,0,00000000
2455,00000000,00000000,0,1,0,0,00000000,0,1,00000000
2456,00000000,00000000,0,1,0,0,00000000,1,0,00000000
2458,00000000,00000000,0,1,0,0,00000000,0,1,00000000
2459,00000000,00000000,0,1,0,0,00000000,1,0,00000000
2461,00000000,00000000,0,1,0,0,00000000,0,1,00000000
2462,00000000,00000000,0,1,0,0,00000000,1,0,00000000
2464,00000000,00000000,0,1,0,0,00000000,0,1,00000000
2465,00000000,00000000,0,1,0,0,00000000,1,0,00000000
2467,00000000,00000000,0,1,0,0,00000000,0,1,00000000
2468,00000000,00000000,0,1,0,0,00000000,1,0,00000000
2470,00000000,00000000,0,1,0,0,00000000,0,1,00000000
2471,00000000,00000000,0,1,0,0,00000000,1,0,00000000
2473,00000000,00000000,0,1,0,0,00000000,0,1,00000000
2474,00000000,00000000,0,1,0,0,00000000,1,0,00000000
2476,00000000,00000000,0,1,0,0,00000000,0,1,00000000
2477,00000000,00000000,0,1,0,0,00000000,1,0,00000000
2479,00000000,00000000,0,1,0,0,00000000,0,1,00000000
2480,00000000,00000000,0,1,0,0,00000000,1,0,00000000
2482,00000000,00000000,0,1,0,0,00000000,0,1,00000000
2483,00000000,00000000,0,1,0,0,00000000,1,0,00000000
2485,00000000,00000000,0,1,0,0,00000000,0,1,00000000
2486,00000000,00000000,0,1,0,0,00000000,1,0,00000000
2488,00000000,00000000,0,1,0,0,00000000,0,1,00000000
2489,00000000,00000000,0,1,0,0,00000000,1,0,00000000
2491,00000000,00000000,0,1,0,0,00000000,0,1,00000000
2492,00000000,00000000,0,1,0,0,00000000,1,0,00000000
2494,00000000,00000000,0,1,0,0,00000000,0,1,00000000
2495,00000000,00000000,0,1,0,0,00000000,1,0,00000000
2497,00000000,00000000,0,1,0,0,00000000,0,1,00000000
2498,00000000,00000000,0,1,0,0,00000000,1,0,00000000
2500,00000000,00000000,0,1,0,0,00000000,0,1,00000000
2501,00000000,00000000,0,1,0,0,00000000,1,0,00000000
2503,00000000,00000000,0,1,0,0,00000000,0,1,00000000
2504,00000000,00000000,0,1,0,0,00000000,1,0,00000000
2506,00000000,00000000,0,1,0,0,00000000,0,1,00000000
2507,00000000,00000000,0,1,0,0,00000000,1,0,00000000
2509,00000000,00000000,0,1,0,0,00000000,0,1,00000000
2510,00000000,00000000,0,1,0,0,00000000,1,0,00000000
2512,00000000,00000000,0,1,0,0,00000000,0,1,00000000
2513,00000000,00000000,0,1,0,0,00000000,1,0,00000000
2515,00000000,00000000,0,1,0,0,00000000,0,1,00000000
2516,00000000,00000000,0,1,0,0,00000000,1,0,00000000
2518,00000000,00000000,0,1,0,0,00000000,0,1,00000000
2519,00000000,00000000,0,1,0,0,00000000,1,0,00000000
2521,00000000,00000000,0,1,0,0,00000000,0,1,00000000
2522,00000000,00000000,0,1,0,0,00000000,1,0,00000000
2524,00000000,00000000,0,1,0,0,00000000,0,1,00000000
2525,00000000,00000000,0,1,0,0,00000000,1,0,00000000
2527,00000000,00000000,0,1,0,0,00000000,0,1,00000000
2528,00000000,00000000,0,1,0,0,00000000,1,0,00000000
2530,00000000,00000000,0,1,0,0,00000000,0,1,00000000
2531,00000000,00000000,0,1,0,0,00000000,1,0,00000000
2533,00000000,00000000,0,1,0,0,00000000,0,1,00000000
2534,00000000,00000000,0,1,0,0,00000000,1,0,00000000
2536,00000000,00000000,0,1,0,0,00000000,0,1,00000000
2537,00000000,00000000,0,1,0,0,00000000,1,0,00000000
2539,00000000,00000000,0,1,0,0,00000000,0,1,00000000
2540,00000000,00000000,0,1,0,0,00000000,1,0,00000000
2542,00000000,00000000,0,1,0,0,00000000,0,1,00000000
2543,00000000,00000000,0,1,0,0,00000000,1,0,00000000
2545,00000000,00000000,0,1,0,0,00000000,0,1,00000000
2546,00000000,00000000,0,1,0,0,00000000,1,0,00000000
2548,00000000,00000000,0,1,0,0,00000000,0,1,00000000
2549,00000000,00000000,0,1,0,0,00000000,1,0,00000000
2551,00000000,00000000,0,1,0,0,00000000,0,1,00000000
2552,00000000,00000000,0,1,0,0,00000000,1,0,00000000
2554,00000000,00000000,0,1,0,0,00000000,0,1,00000000
2555,00000000,00000000,0,1,0,0,00000000,1,0,00000000
2557,00000000,00000000,0,1,0,0,00000000,0,1,00000000
2558,00000000,00000000,0,1,0,0,00000000,1,0,00000000
2560,00000000,00000000,0,1,0,0,00000000,0,1,00000000
2561,00000000,00000000,0,1,0,0,00000000,1,0,00000000
2563,00000000,00000000,0,1,0,0,00000000,0,1,00000000
2564,00000000,00000000,0,1,0,0,00000000,1,0,00000000
2566,00000000,00000000,0,1,0,0,00000000,0,1,00000000
2567,00000000,00000000,0,1,0,0,00000000,1,0,00000000
2569,00000000,00000000,0,1,0,0,00000000,0,1,00000000
2570,00000000,00000000,0,1,0,0,00000000,1,0,00000000
2572,00000000,00000000,0,1,0,0,00000000,0,1,00000000
2573,00000000,00000000,0,1,0,0,00000000,1,0,00000000
2575,00000000,00000000,0,1,0,0,00000000,0,1,00000000
2576,00000000,00000000,0,1,0,0,00000000,1,0,00000000
2578,00000000,00000000,0,1,0,0,00000000,0,1,00000000
2579,00000000,00000000,0,1,0,0,00000000,1,0,00000000
2581,00000000,00000000,0,1,0,0,00000000,0,1,00000000
2595,00000000,00000000,0,1,0,0,00000000,1,0,00000000
2597,00000000,00000000,0,1,0,0,00000000,0,1,00000000
2598,00000000,00000000,0,1,0,0,00000000,1,0,00000000
2600,00000000,00000000,0,1,0,0,00000000,0,1,00000000
2601,00000000,00000000,0,1,0,0,00000000,1,0,00000000
2603,00000000,00000000,0,1,0,0,00000000,0,1,00000000
2604,00000000,00000000,0,1,0,0,00000000,1,0,00000000
2606,00000000,00000000,0,1,0,0,00000000,0,1,00000000
2607,00000000,00000000,0,1,0,0,00000000,1,0,00000000
2609,00000000,00000000,0,1,0,0,00000000,0,1,00000000
2610,00000000,00000000,0,1,0,0,00000000,1,0,00000000
2612,00000000,00000000,0,0,1,0,00000000,0,1,00000000
2613,00000000,00000000,0,0,0,1,0000003c,1,0,00000000
2615,00000000,00000000,0,0,0,0,0000003c,0,1,00000000
2616,00000000,00000000,0,0,0,0,0000003c,1,0,00000000
2618,00000000,00000000,0,0,0,0,0000003c,0,1,00000000
2619,00000000,00000000,0,0,0,0,0000003c,1,0,00000000
2621,00000000,00000000,0,0,0,0,0000003c,0,1,00000000
2622,00000000,00000000,0,0,0,0,0000003c,1,0,00000000
2624,00000000,00000000,0,0,0,0,0000003c,0,1,00000000
2625,00000000,00000000,0,0,0,0,0000003c,1,0,00000000
2627,00000000,00000000,0,0,0,0,0000003c,0,1,00000000
2628,00000000,00000000,0,0,0,0,0000003c,1,0,00000000
2630,00000000,00000000,0,0,0,0,0000003c,0,1,00000000
2631,00000000,00000000,0,0,0,0,0000003c,1,0,00000000
2633,00000000,00000000,0,0,0,0,0000003c,0,1,00000000
2634,00000000,00000000,0,0,0,0,0000003c,1,0,00000000
2636,00000000,00000000,0,0,0,0,0000003c,0,1,00000000
2637,00000000,00000000,0,0,0,0,0000003c,1,0,00000000
2639,00000000,00000000,0,0,0,0,0000003c,0,1,00000000
2640,00000000,00000000,0,0,0,0,0000003c,1,0,00000000
2642,00000000,00000000,0,0,0,0,0000003c,0,1,00000000
2643,00000000,00000000,0,0,0,0,0000003c,1,0,00000000
2645,00000000,00000000,0,0,0,0,0000003c,0,1,00000000
2646,00000000,00000000,0,0,0,0,0000003c,1,0,00000000
2648,00000000,00000000,0,0,0,0,0000003c,0,1,00000000
2649,00000000,00000000,0,0,0,0,0000003c,1,0,00000000
2651,00000000,00000000,0,0,0,0,0000003c,0,1,00000000
2652,00000000,00000000,0,0,0,0,0000003c,1,0,00000000
2654,00000000,00000000,0,0,0,0,0000003c,0,1,00000000
2655,00000000,00000000,0,0,0,0,0000003c,1,0,00000000
2657,00000000,00000000,0,0,0,0,0000003c,0,1,00000000
2658,00000000,00000000,0,0,0,0,0000003c,1,0,00000000
2660,00000000,00000000,0,0,0,0,0000003c,0,1,00000000
2661,00000000,00000000,0,0,0,0,0000003c,1,0,00000000
2663,00000000,00000000,0,0,0,0,0000003c,0,1,00000000
2664,00000000,00000000,0,0,0,0,0000003c,1,0,00000000
2666,00000000,00000000,0,0,0,0,0000003c,0,1,00000000
2667,00000000,00000000,0,0,0,0,0000003c,1,0,00000000
2669,00000000,00000000,0,0,0,0,0000003c,0,1,00000000
2670,00000000,00000000,0,0,0,0,0000003c,1,0,00000000
2672,00000000,00000000,0,0,0,0,0000003c,0,1,00000000
2673,00000000,00000000,0,0,0,0,0000003c,1,0,00000000
2675,00000000,00000000,0,0,0,0,0000003c,0,1,00000000
2676,00000000,00000000,0,0,0,0,0000003c,1,0,00000000
2678,00000000,00000000,0,0,0,0,0000003c,0,1,00000000
2679,00000000,00000000,0,0,0,0,0000003c,1,0,00000000
2681,00000000,00000000,0,0,0,0,0000003c,0,1,00000000
2682,00000000,00000000,0,0,0,0,0000003c,1,0,00000000
2684,00000000,00000000,0,0,0,0,0000003c,0,1,00000000
2685,00000000,00000000,0,0,0,0,0000003c,1,0,00000000
2687,00000000,00000000,0,0,0,0,0000003c,0,1,00000000
2688,00000000,00000000,0,0,0,0,0000003c,1,0,00000000
2690,00000000,00000000,0,0,0,0,0000003c,0,1,00000000
2691,00000000,00000000,0,0,0,0,0000003c,1,0,00000000
2693,00000000,00000000,0,0,0,0,0000003c,0,1,00000000
2694,00000000,00000000,0,0,0,0,0000003c,1,0,00000000
2696,00000000,00000000,0,0,0,0,0000003c,0,1,00000000
2697,00000000,00000000,0,0,0,0,0000003c,1,0,00000000
2699,00000000,00000000,0,0,0,0,0000003c,0,1,00000000
2700,00000000,00000000,0,0,0,0,0000003c,1,0,00000000
2702,00000000,00000000,0,0,0,0,0000003c,0,1,00000000
2703,00000000,00000000,0,0,0,0,0000003c,1,0,00000000
2705,00000000,00000000,0,0,0,0,0000003c,0,1,00000000
2706,00000000,00000000,0,0,0,0,0000003c,1,0,00000000
2708,00000000,00000000,0,0,0,0,0000003c,0,1,00000000
2709,00000000,00000000,0,0,0,0,0000003c,1,0,00000000
2711,00000000,00000000,0,0,0,0,0000003c,0,1,00000000
2712,00000000,00000000,0,0,0,0,0000003c,1,0,00000000
2714,00000000,00000000,0,0,0,0,0000003c,0,1,00000000
2715,00000000,00000000,0,0,0,0,0000003c,1,0,00000000
2717,00000000,00000000,0,0,0,0,0000003c,0,1,00000000
2718,00000000,00000000,0,0,0,0,0000003c,1,0,00000000
2720,00000000,00000000,0,0,0,0,0000003c,0,1,00000000
2721,00000000,00000000,0,0,0,0,0000003c,1,0,00000000
2723,00000000,00000000,0,0,0,0,0000003c,0,1,00000000
2724,00000000,00000000,0,0,0,0,0000003c,1,0,00000000
2726,00000000,00000000,0,0,0,0,0000003c,0,1,00000000
2727,00000000,00000000,0,0,0,0,0000003c,1,0,00000000
2729,00000000,00000000,0,0,0,0,0000003c,0,1,00000000
2730,00000000,00000000,0,0,0,0,0000003c,1,0,00000000
2732,00000000,00000000,0,0,0,0,0000003c,0,1,00000000
2733,00000000,00000000,0,0,0,0,0000003c,1,0,00000000
2735,00000000,00000000,0,0,0,0,0000003c,0,1,00000000
2736,00000000,00000000,0,0,0,0,0000003c,1,0,00000000
2738,00000000,00000000,0,0,0,0,0000003c,0,1,00000000
2739,00000000,00000000,0,0,0,0,0000003c,1,0,00000000
2741,00000000,00000000,0,0,0,0,0000003c,0,1,00000000
2742,00000000,00000000,0,0,0,0,0000003c,1,0,00000000
2744,00000000,00000000,0,0,0,0,0000003c,0,1,00000000
2745,00000000,00000000,0,0,0,0,0000003c,1,0,00000000
2747,00000000,00000000,0,0,0,0,0000003c,0,1,00000000
2748,00000000,00000000,0,0,0,0,0000003c,1,0,00000000
2750,00000000,00000000,0,0,0,0,0000003c,0,1,00000000
2751,00000000,00000000,0,0,0,0,0000003c,1,0,00000000
2753,00000000,00000000,0,0,0,0,0000003c,0,1,00000000
2754,00000000,00000000,0,0,0,0,0000003c,1,0,00000000
2756,00000000,00000000,0,0,0,0,0000003c,0,1,00000000
2757,00000000,00000000,0,0,0,0,0000003c,1,0,00000000
2759,00000000,00000000,0,0,0,0,0000003c,0,1,00000000
2760,00000000,00000000,0,0,0,0,0000003c,1,0,00000000
2762,00000000,00000000,0,0,0,0,0000003c,0,1,00000000
2763,00000000,00000000,0,0,0,0,0000003c,1,0,00000000
2765,00000000,00000000,0,0,0,0,0000003c,0,1,00000000
2766,00000000,00000000,0,0,0,0,0000003c,1,0,00000000
2768,00000000,00000000,0,0,0,0,0000003c,0,1,00000000
2769,00000000,00000000,0,0,0,0,0000003c,1,0,00000000
2771,00000000,00000000,0,0,0,0,0000003c,0,1,00000000
2772,00000000,00000000,0,0,0,0,0000003c,1,0,00000000
2774,00000000,00000000,0,0,0,0,0000003c,0,1,00000000
2775,00000000,00000000,0,0,0,0,0000003c,1,0,00000000
2777,00000000,00000000,0,0,0,0,0000003c,0,1,00000000
2778,00000000,00000000,0,0,0,0,0000003c,1,0,00000000
2780,00000000,00000000,0,0,0,0,0000003c,0,1,00000000
2781,00000000,00000000,0,0,0,0,0000003c,1,0,00000000
2783,00000000,00000000,0,0,0,0,0000003c,0,1,00000000
2784,00000000,00000000,0,0,0,0,0000003c,1,0,00000000
2786,00000000,00000000,0,0,0,0,0000003c,0,1,00000000
2787,00000000,00000000,0,0,0,0,0000003c,1,0,00000000
2789,00000000,00000000,0,0,0,0,0000003c,0,1,00000000
2790,00000000,00000000,0,0,0,0,0000003c,1,0,00000000
2792,00000000,00000000,0,0,0,0,0000003c,0,1,00000000
2793,00000000,00000000,0,0,0,0,0000003c,1,0,00000000
2795,00000000,00000000,0,0,0,0,0000003c,0,1,00000000
2796,00000000,00000000,0,0,0,0,0000003c,1,0,00000000
2798,00000000,00000000,0,0,0,0,0000003c,0,1,00000000
2799,00000000,00000000,0,0,0,0,0000003c,1,0,00000000
2801,00000000,00000000,0,0,0,0,0000003c,0,1,00000000
2802,00000000,00000000,0,0,0,0,0000003c,1,0,00000000
2804,00000000,00000000,0,0,0,0,0000003c,0,1,00000000
2805,00000000,00000000,0,0,0,0,0000003c,1,0,00000000
2807,00000000,00000000,0,0,0,0,0000003c,0,1,00000000
2808,00000000,00000000,0,0,0,0,0000003c,1,0,00000000
2810,00000000,00000000,0,0,0,0,0000003c,0,1,00000000
2811,00000000,00000000,0,0,0,0,0000003c,1,0,00000000
2813,00000000,00000000,0,0,0,0,0000003c,0,1,00000000
2814,00000000,00000000,0,0,0,0,0000003c,1,0,00000000
2816,00000000,00000000,0,0,0,0,0000003c,0,1,00000000
2817,00000000,00000000,0,0,0,0,0000003c,1,0,00000000
2819,00000000,00000000,0,0,0,0,0000003c,0,1,00000000
2820,00000000,00000000,0,0,0,0,0000003c,1,0,00000000
2822,00000000,00000000,0,0,0,0,0000003c,0,1,00000000
2823,00000000,00000000,0,0,0,0,0000003c,1,0,00000000
2825,00000000,00000000,0,0,0,0,0000003c,0,1,00000000
2826,00000000,00000000,0,0,0,0,0000003c,1,0,00000000
2828,00000000,00000000,0,0,0,0,0000003c,0,1,00000000
2829,00000000,00000000,0,0,0,0,0000003c,1,0,00000000
2831,00000000,00000000,0,0,0,0,0000003c,0,1,00000000
2832,00000000,00000000,0,0,0,0,0000003c,1,0,00000000
2834,00000000,00000000,0,0,0,0,0000003c,0,1,00000000
2835,00000000,00000000,0,0,0,0,0000003c,1,0,00000000
2837,00000000,00000000,0,0,0,0,0000003c,0,1,00000000
2851,00000000,00000000,0,1,0,0,0000003c,1,0,00000000
2853,00000000,00000000,0,1,0,0,0000003c,0,1,00000000
2854,00000000,00000000,0,1,0,0,0000003c,1,0,00000000
2856,00000000,00000000,0,1,0,0,0000003c,0,1,00000000
2857,00000000,00000000,0,1,0,0,0000003c,1,0,00000000
2859,00000000,00000000,0,1,0,0,0000003c,0,1,00000000
2860,00000000,00000000,0,1,0,0,0000003c,1,0,00000000
2862,00000000,00000000,0,1,0,0,0000003c,0,1,00000000
2863,00000000,00000000,0,1,0,0,0000003c,1,0,00000000
2865,00000000,00000000,0,1,0,0,0000003c,0,1,00000000
2866,00000000,00000000,0,1,0,0,0000003c,1,0,00000000
2868,00000000,00000000,0,1,0,0,0000003c,0,1,00000000
2869,00000000,00000000,0,1,0,0,0000003c,1,0,00000000
2871,00000000,00000000,0,1,0,0,0000003c,0,1,00000000
2872,00000000,00000000,0,1,0,0,0000003c,1,0,00000000
2874,00000000,00000000,0,1,0,0,0000003c,0,1,00000000
2875,00000000,00000000,0,1,0,0,0000003c,1,0,00000000
2877,00000000,00000000,0,1,0,0,0000003c,0,1,00000000
2878,00000000,00000000,0,1,0,0,0000003c,1,0,00000000
2880,00000000,00000000,0,1,0,0,0000003c,0,1,00000000
2881,00000000,00000000,0,1,0,0,0000003c,1,0,00000000
2883,00000000,00000000,0,1,0,0,0000003c,0,1,00000000
2884,00000000,00000000,0,1,0,0,0000003c,1,0,00000000
2886,00000000,00000000,0,1,0,0,0000003c,0,1,00000000
2887,00000000,00000000,0,1,0,0,0000003c,1,0,00000000
2889,00000000,00000000,0,1,0,0,0000003c,0,1,00000000
2890,00000000,00000000,0,1,0,0,0000003c,1,0,00000000
2892,00000000,00000000,0,1,0,0,0000003c,0,1,00000000
2893,00000000,00000000,0,1,0,0,0000003c,1,0,00000000
2895,00000000,00000000,0,1,0,0,0000003c,0,1,00000000
2896,00000000,00000000,0,1,0,0,0000003c,1,0,00000000
2898,00000000,00000000,0,1,0,0,0000003c,0,1,00000000
2899,00000000,00000000,0,1,0,0,0000003c,1,0,00000000
2901,00000000,00000000,0,1,0,0,0000003c,0,1,00000000
2902,00000000,00000000,0,1,0,0,0000003c,1,0,00000000
2904,00000000,00000000,0,1,0,0,0000003c,0,1,00000000
2905,00000000,00000000,0,1,0,0,0000003c,1,0,00000000
2907,00000000,00000000,0,1,0,0,0000003c,0,1,00000000
2908,00000000,00000000,0,1,0,0,0000003c,1,0,00000000
2910,00000000,00000000,0,1,0,0,0000003c,0,1,00000000
2911,00000000,00000000,0,1,0,0,0000003c,1,0,00000000
2913,00000000,00000000,0,1,0,0,0000003c,0,1,00000000
2914,00000000,00000000,0,1,0,0,0000003c,1,0,00000000
2916,00000000,00000000,0,1,0,0,0000003c,0,1,00000000
2917,00000000,00000000,0,1,0,0,0000003c,1,0,00000000
2919,00000000,00000000,0,1,0,0,0000003c,0,1,00000000
2920,00000000,00000000,0,1,0,0,0000003c,1,0,00000000
2922,00000000,00000000,0,1,0,0,0000003c,0,1,00000000
2923,00000000,00000000,0,1,0,0,0000003c,1,0,00000000
2925,00000000,00000000,0,1,0,0,0000003c,0,1,00000000
2926,00000000,00000000,0,1,0,0,0000003c,1,0,00000000
2928,00000000,00000000,0,1,0,0,0000003c,0,1,00000000
2929,00000000,00000000,0,1,0,0,0000003c,1,0,00000000
2931,00000000,00000000,0,1,0,0,0000003c,0,1,00000000
2932,00000000,00000000,0,1,0,0,0000003c,1,0,00000000
2934,00000000,00000000,0,1,0,0,0000003c,0,1,00000000
2935,00000000,00000000,0,1,0,0,0000003c,1,0,00000000
2937,00000000,00000000,0,1,0,0,0000003c,0,1,00000000
2938,00000000,00000000,0,1,0,0,0000003c,1,0,00000000
2940,00000000,00000000,0,1,0,0,0000003c,0,1,00000000
2941,00000000,00000000,0,1,0,0,0000003c,1,0,00000000
2943,00000000,00000000,0,1,0,0,0000003c,0,1,00000000
2944,00000000,00000000,0,1,0,0,0000003c,1,0,00000000
2946,00000000,00000000,0,1,0,0,0000003c,0,1,00000000
2947,00000000,00000000,0,1,0,0,0000003c,1,0,00000000
2949,00000000,00000000,0,1,0,0,0000003c,0,1,00000000
2950,00000000,00000000,0,1,0,0,0000003c,1,0,00000000
2952,00000000,00000000,0,1,0,0,0000003c,0,1,00000000
2953,00000000,00000000,0,1,0,0,0000003c,1,0,00000000
2955,00000000,00000000,0,1,0,0,0000003c,0,1,00000000
2956,00000000,00000000,0,1,0,0,0000003c,1,0,00000000
2958,00000000,00000000,0,1,0,0,0000003c,0,1,00000000
2959,00000000,00000000,0,1,0,0,0000003c,1,0,00000000
2961,00000000,00000000,0,1,0,0,0000003c,0,1,00000000
2962,00000000,00000000,0,1,0,0,0000003c,1,0,00000000
2964,00000000,00000000,0,1,0,0,0000003c,0,1,00000000
2965,00000000,00000000,0,1,0,0,0000003c,1,0,00000000
2967,00000000,00000000,0,1,0,0,0000003c,0,1,00000000
2968,00000000,00000000,0,1,0,0,0000003c,1,0,00000000
2970,00000000,00000000,0,1,0,0,0000003c,0,1,00000000
2971,00000000,00000000,0,1,0,0,0000003c,1,0,00000000
2973,00000000,00000000,0,1,0,0,0000003c,0,1,00000000
2974,00000000,00000000,0,1,0,0,0000003c,1,0,00000000
2976,00000000,00000000,0,1,0,0,0000003c,0,1,00000000
2977,00000000,00000000,0,1,0,0,0000003c,1,0,00000000
2979,00000000,00000000,0,1,0,0,0000003c,0,1,00000000
2980,00000000,00000000,0,1,0,0,0000003c,1,0,00000000
2982,00000000,00000000,0,1,0,0,0000003c,0,1,00000000
2983,00000000,00000000,0,1,0,0,0000003c,1,0,00000000
2985,00000000,00000000,0,1,0,0,0000003c,0,1,00000000
2986,00000000,00000000,0,1,0,0,0000003c,1,0,00000000
2988,00000000,00000000,0,1,0,0,0000003c,0,1,00000000
2989,00000000,00000000,0,1,0,0,0000003c,1,0,00000000
2991,00000000,00000000,0,1,0,0,0000003c,0,1,00000000
2992,00000000,00000000,0,1,0,0,0000003c,1,0,00000000
2994,00000000,00000000,0,1,0,0,0000003c,0,1,00000000
2995,00000000,00000000,0,1,0,0,0000003c,1,0,00000000
2997,00000000,00000000,0,1,0,0,0000003c,0,1,00000000
2998,00000000,00000000,0,1,0,0,0000003c,1,0,00000000
3000,00000000,00000000,0,1,0,0,0000003c,0,1,00000000
3001,00000000,00000000,0,1,0,0,0000003c,1,0,00000000
3003,00000000,00000000,0,1,0,0,0000003c,0,1,00000000
3004,00000000,00000000,0,1,0,0,0000003c,1,0,00000000
3006,00000000,00000000,0,1,0,0,0000003c,0,1,00000000
3007,00000000,00000000,0,1,0,0,0000003c,1,0,00000000
3009,00000000,00000000,0,1,0,0,0000003c,0,1,00000000
3010,00000000,00000000,0,1,0,0,0000003c,1,0,00000000
3012,00000000,00000000,0,1,0,0,0000003c,0,1,00000000
3013,00000000,00000000,0,1,0,0,0000003c,1,0,00000000
3015,00000000,00000000,0,1,0,0,0000003c,0,1,00000000
3016,00000000,00000000,0,1,0,0,0000003c,1,0,00000000
3018,00000000,00000000,0,1,0,0,0000003c,0,1,00000000
3019,00000000,00000000,0,1,0,0,0000003c,1,0,00000000
3021,00000000,00000000,0,1,0,0,0000003c,0,1,00000000
3022,00000000,00000000,0,1,0,0,0000003c,1,0,00000000
3024,00000000,00000000,0,1,0,0,0000003c,0,1,00000000
3025,00000000,00000000,0,1,0,0,0000003c,1,0,00000000
3027,00000000,00000000,0,1,0,0,0000003c,0,1,00000000
3028,00000000,00000000,0,1,0,0,0000003c,1,0,00000000
3030,00000000,00000000,0,1,0,0,0000003c,0,1,00000000
3031,00000000,00000000,0,1,0,0,0000003c,1,0,00000000
3033,00000000,00000000,0,1,0,0,0000003c,0,1,00000000
3034,00000000,00000000,0,1,0,0,0000003c,1,0,00000000
3036,00000000,00000000,0,1,0,0,0000003c,0,1,00000000
3037,00000000,00000000,0,1,0,0,0000003c,1,0,00000000
3039,00000000,00000000,0,1,0,0,0000003c,0,1,00000000
3040,00000000,00000000,0,1,0,0,0000003c,1,0,00000000
3042,00000000,00000000,0,1,0,0,0000003c,0,1,00000000
3043,00000000,00000000,0,1,0,0,0000003c,1,0,00000000
3045,00000000,00000000,0,1,0,0,0000003c,0,1,00000000
3046,00000000,00000000,0,1,0,0,0000003c,1,0,00000000
3048,00000000,00000000,0,1,0,0,0000003c,0,1,00000000
3049,00000000,00000000,0,1,0,0,0000003c,1,0,00000000
3051,00000000,00000000,0,1,0,0,0000003c,0,1,00000000
3052,00000000,00000000,0,1,0,0,0000003c,1,0,00000000
3054,00000000,00000000,0,1,0,0,0000003c,0,1,00000000
3055,00000000,00000000,0,1,0,0,0000003c,1,0,00000000
3057,00000000,00000000,0,1,0,0,0000003c,0,1,00000000
3058,00000000,00000000,0,1,0,0,0000003c,1,0,00000000
3060,00000000,00000000,0,1,0,0,0000003c,0,1,00000000
3061,00000000,00000000,0,1,0,0,0000003c,1,0,00000000
3063,00000000,00000000,0,1,0,0,0000003c,0,1,00000000
3064,00000000,00000000,0,1,0,0,0000003c,1,0,00000000
3066,00000000,00000000,0,1,0,0,0000003c,0,1,00000000
3067,00000000,00000000,0,1,0,0,0000003c,1,0,00000000
3069,00000000,00000000,0,1,0,0,0000003c,0,1,00000000
3070,00000000,00000000,0,1,0,0,0000003c,1,0,00000000
3072,00000000,00000000,0,1,0,0,0000003c,0,1,00000000
3073,00000000,00000000,0,1,0,0,0000003c,1,0,00000000
3075,00000000,00000000,0,1,0,0,0000003c,0,1,00000000
3076,00000000,00000000,0,1,0,0,0000003c,1,0,00000000
3078,00000000,00000000,0,1,0,0,0000003c,0,1,00000000
3079,00000000,00000000,0,1,0,0,0000003c,1,0,00000000
3081,00000000,00000000,0,1,0,0,0000003c,0,1,00000000
3082,00000000,00000000,0,1,0,0,0000003c,1,0,00000000
3084,00000000,00000000,0,1,0,0,0000003c,0,1,00000000
3085,00000000,00000000,0,1,0,0,0000003c,1,0,00000000
3087,00000000,00000000,0,1,0,0,0000003c,0,1,00000000
3088,00000000,00000000,0,1,0,0,0000003c,1,0,00000000
3090,00000000,00000000,0,1,0,0,0000003c,0,1,00000000
3091,00000000,00000000,0,1,0,0,0000003c,1,0,00000000
3093,00000000,00000000,0,1,0,0,0000003c,0,1,00000000
3107,00000000,00000000,0,1,0,0,0000003c,1,0,00000000
3109,00000000,00000000,0,1,0,0,0000003c,0,1,00000000
3110,00000000,00000000,0,1,0,0,0000003c,1,0,00000000
3112,00000000,00000000,0,1,0,0,0000003c,0,1,00000000
3113,00000000,00000000,0,1,0,0,0000003c,1,0,00000000
3115,00000000,00000000,0,1,0,0,0000003c,0,1,00000000
3116,00000000,00000000,0,1,0,0,0000003c,1,0,00000000
3118,00000000,00000000,0,1,0,0,0000003c,0,1,00000000
3119,00000000,00000000,0,1,0,0,0000003c,1,0,00000000
3121,00000000,00000000,0,1,0,0,0000003c,0,1,00000000
3122,00000000,00000000,0,1,0,0,0000003c,1,0,00000000
3124,00000000,00000000,0,1,0,0,0000003c,0,1,00000000
3125,00000000,00000000,0,1,0,0,0000003c,1,0,00000000
3127,00000000,00000000,0,1,0,0,0000003c,0,1,00000000
3128,00000000,00000000,0,1,0,0,0000003c,1,0,00000000
3130,00000000,00000000,0,1,0,0,0000003c,0,1,00000000
3131,00000000,00000000,0,1,0,0,0000003c,1,0,00000000
3133,00000000,00000000,0,1,0,0,0000003c,0,1,00000000
3134,00000000,00000000,0,1,0,0,0000003c,1,0,00000000
3136,00000000,00000000,0,1,0,0,0000003c,0,1,00000000
3137,00000000,00000000,0,1,0,0,0000003c,1,0,00000000
3139,00000000,00000000,0,1,0,0,0000003c,0,1,00000000
3140,00000000,00000000,0,1,0,0,0000003c,1,0,00000000
3142,00000000,00000000,0,1,0,0,0000003c,0,1,00000000
3143,00000000,00000000,0,1,0,0,0000003c,1,0,00000000
3145,00000000,00000000,0,1,0,0,0000003c,0,1,00000000
3146,00000000,00000000,0,1,0,0,0000003c,1,0,00000000
3148,00000000,00000000,0,1,0,0,0000003c,0,1,00000000
3149,00000000,00000000,0,1,0,0,0000003c,1,0,00000000
3151,00000000,00000000,0,1,0,0,0000003c,0,1,00000000
3152,00000000,00000000,0,1,0,0,0000003c,1,0,00000000
3154,00000000,00000000,0,1,0,0,0000003c,0,1,00000000
3155,00000000,00000000,0,1,0,0,0000003c,1,0,00000000
3157,00000000,00000000,0,1,0,0,0000003c,0,1,00000000
3158,00000000,00000000,0,1,0,0,0000003c,1,0,00000000
3160,00000000,00000000,0,1,0,0,0000003c,0,1,00000000
3161,00000000,00000000,0,1,0,0,0000003c,1,0,00000000
3163,00000000,00000000,0,1,0,0,0000003c,0,1,00000000
3164,00000000,00000000,0,1,0,0,0000003c,1,0,00000000
3166,00000000,00000000,0,1,0,0,0000003c,0,1,00000000
3167,00000000,00000000,0,1,0,0,0000003c,1,0,00000000
3169,00000000,00000000,0,1,0,0,0000003c,0,1,00000000
3170,00000000,00000000,0,1,0,0,0000003c,1,0,00000000
3172,00000000,00000000,0,1,0,0,0000003c,0,1,00000000
3173,00000000,00000000,0,1,0,0,0000003c,1,0,00000000
3175,00000000,00000000,0,1,0,0,0000003c,0,1,00000000
3176,00000000,00000000,0,1,0,0,0000003c,1,0,00000000
3178,00000000,00000000,0,1,0,0,0000003c,0,1,00000000
3179,00000000,00000000,0,1,0,0,0000003c,1,0,00000000
3181,00000000,00000000,0,1,0,0,0000003c,0,1,00000000
3182,00000000,00000000,0,1,0,0,0000003c,1,0,00000000
3184,00000000,00000000,0,1,0,0,0000003c,0,1,00000000
3185,00000000,00000000,0,1,0,0,0000003c,1,0,00000000
3187,00000000,00000000,0,1,0,0,0000003c,0,1,00000000
3188,00000000,00000000,0,1,0,0,0000003c,1,0,00000000
3190,00000000,00000000,0,1,0,0,0000003c,0,1,00000000
3191,00000000,00000000,0,1,0,0,0000003c,1,0,00000000
3193,00000000,00000000,0,1,0,0,0000003c,0,1,00000000
3194,00000000,00000000,0,1,0,0,0000003c,1,0,00000000
3196,00000000,00000000,0,1,0,0,0000003c,0,1,00000000
3197,00000000,00000000,0,1,0,0,0000003c,1,0,00000000
3199,00000000,00000000,0,1,0,0,0000003c,0,1,00000000
3200,00000000,00000000,0,1,0,0,0000003c,1,0,00000000
3202,00000000,00000000,0,1,0,0,0000003c,0,1,00000000
3203,00000000,00000000,0,1,0,0,0000003c,1,0,00000000
3205,00000000,00000000,0,1,0,0,0000003c,0,1,00000000
3206,00000000,00000000,0,1,0,0,0000003c,1,0,00000000
3208,00000000,00000000,0,1,0,0,0000003c,0,1,00000000
3209,00000000,00000000,0,1,0,0,0000003c,1,0,00000000
3211,00000000,00000000,0,1,0,0,0000003c,0,1,00000000
3212,00000000,00000000,0,1,0,0,0000003c,1,0,00000000
3214,00000000,00000000,0,1,0,0,0000003c,0,1,00000000
3215,00000000,00000000,0,1,0,0,0000003c,1,0,00000000
3217,00000000,00000000,0,1,0,0,0000003c,0,1,00000000
3218,00000000,00000000,0,1,0,0,0000003c,1,0,00000000
3220,00000000,00000000,0,1,0,0,0000003c,0,1,00000000
3221,00000000,00000000,0,1,0,0,0000003c,1,0,00000000
3223,00000000,00000000,0,1,0,0,0000003c,0,1,00000000
3224,00000000,00000000,0,1,0,0,0000003c,1,0,00000000
3226,00000000,00000000,0,1,0,0,0000003c,0,1,00000000
3227,00000000,00000000,0,1,0,0,0000003c,1,0,00000000
3229,00000000,00000000,0,1,0,0,0000003c,0,1,00000000
3230,00000000,00000000,0,1,0,0,0000003c,1,0,00000000
3232,00000000,00000000,0,1,0,0,0000003c,0,1,00000000
3233,00000000,00000000,0,1,0,0,0000003c,1,0,00000000
3235,00000000,00000000,0,1,0,0,0000003c,0,1,00000000
3236,00000000,00000000,0,1,0,0,0000003c,1,0,00000000
3238,00000000,00000000,0,1,0,0,0000003c,0,1,00000000
3239,00000000,00000000,0,1,0,0,0000003c,1,0,00000000
3241,00000000,00000000,0,1,0,0,0000003c,0,1,00000000
3242,00000000,00000000,0,1,0,0,0000003c,1,0,00000000
3244,00000000,00000000,0,1,0,0,0000003c,0,1,00000000
3245,00000000,00000000,0,1,0,0,0000003c,1,0,00000000
3247,00000000,00000000,0,1,0,0,0000003c,0,1,00000000
3248,00000000,00000000,0,1,0,0,0000003c,1,0,00000000
3250,00000000,00000000,0,1,0,0,0000003c,0,1,00000000
3251,00000000,00000000,0,1,0,0,0000003c,1,0,00000000
3253,00000000,00000000,0,1,0,0,0000003c,0,1,00000000
3254,00000000,00000000,0,1,0,0,0000003c,1,0,00000000
3256,00000000,00000000,0,1,0,0,0000003c,0,1,00000000
3257,00000000,00000000,0,1,0,0,0000003c,1,0,00000000
3259,00000000,00000000,0,1,0,0,0000003c,0,1,00000000
3260,00000000,00000000,0,1,0,0,0000003c,1,0,00000000
3262,00000000,00000000,0,1,0,0,0000003c,0,1,00000000
3263,00000000,00000000,0,1,0,0,0000003c,1,0,00000000
3265,00000000,00000000,0,1,0,0,0000003c,0,1,00000000
3266,00000000,00000000,0,1,0,0,0000003c,1,0,00000000
3268,00000000,00000000,0,1,0,0,0000003c,0,1,00000000
3269,00000000,00000000,0,1,0,0,0000003c,1,0,00000000
3271,00000000,00000000,0,1,0,0,0000003c,0,1,00000000
3272,00000000,00000000,0,1,0,0,0000003c,1,0,00000000
3274,00000000,00000000,0,1,0,0,0000003c,0,1,00000000
3275,00000000,00000000,0,1,0,0,0000003c,1,0,00000000
3277,00000000,00000000,0,1,0,0,0000003c,0,1,00000000
3278,00000000,00000000,0,1,0,0,0000003c,1,0,00000000
3280,00000000,00000000,0,1,0,0,0000003c,0,1,00000000
3281,00000000,00000000,0,1,0,0,0000003c,1,0,00000000
3283,00000000,00000000,0,1,0,0,0000003c,0,1,00000000
3284,00000000,00000000,0,1,0,0,0000003c,1,0,00000000
3286,00000000,00000000,0,1,0,0,0000003c,0,1,00000000
3287,00000000,00000000,0,1,0,0,0000003c,1,0,00000000
3289,00000000,00000000,0,1,0,0,0000003c,0,1,00000000
3290,00000000,00000000,0,1,0,0,0000003c,1,0,00000000
3292,00000000,00000000,0,1,0,0,0000003c,0,1,00000000
3293,00000000,00000000,0,1,0,0,0000003c,1,0,00000000
3295,00000000,00000000,0,1,0,0,0000003c,0,1,00000000
3296,00000000,00000000,0,1,0,0,0000003c,1,0,00000000
3298,00000000,00000000,0,1,0,0,0000003c,0,1,00000000
3299,00000000,00000000,0,1,0,0,0000003c,1,0,00000000
3301,00000000,00000000,0,1,0,0,0000003c,0,1,00000000
3302,00000000,00000000,0,1,0,0,0000003c,1,0,00000000
3304,00000000,00000000,0,1,0,0,0000003c,0,1,00000000
3305,00000000,00000000,0,1,0,0,0000003c,1,0,00000000
3307,00000000,00000000,0,1,0,0,0000003c,0,1,00000000
3308,00000000,00000000,0,1,0,0,0000003c,1,0,00000000
3310,00000000,00000000,0,1,0,0,0000003c,0,1,00000000
3311,00000000,00000000,0,1,0,0,0000003c,1,0,00000000
3313,00000000,00000000,0,1,0,0,0000003c,0,1,00000000
3314,00000000,00000000,0,1,0,0,0000003c,1,0,00000000
3316,00000000,00000000,0,1,0,0,0000003c,0,1,00000000
3317,00000000,00000000,0,1,0,0,0000003c,1,0,00000000
3319,00000000,00000000,0,1,0,0,0000003c,0,1,00000000
3320,00000000,00000000,0,1,0,0,0000003c,1,0,00000000
3322,00000000,00000000,0,1,0,0,0000003c,0,1,00000000
3323,00000000,00000000,0,1,0,0,0000003c,1,0,00000000
3325,00000000,00000000,0,1,0,0,0000003c,0,1,00000000
3326,00000000,00000000,0,1,0,0,0000003c,1,0,00000000
3328,00000000,00000000,0,1,0,0,0000003c,0,1,00000000
3329,00000000,00000000,0,1,0,0,0000003c,1,0,00000000
3331,00000000,00000000,0,1,0,0,0000003c,0,1,00000000
3332,00000000,00000000,0,1,0,0,0000003c,1,0,00000000
3334,00000000,00000000,0,1,0,0,0000003c,0,1,00000000
3335,00000000,00000000,0,1,0,0,0000003c,1,0,00000000
3337,00000000,00000000,0,1,0,0,0000003c,0,1,00000000
3338,00000000,00000000,0,1,0,0,0000003c,1,0,00000000
3340,00000000,00000000,0,1,0,0,0000003c,0,1,00000000
3341,00000000,00000000,0,1,0,0,0000003c,1,0,00000000
3343,00000000,00000000,0,1,0,0,0000003c,0,1,00000000
3344,00000000,00000000,0,1,0,0,0000003c,1,0,00000000
3346,00000000,00000000,0,1,0,0,0000003c,0,1,00000000
3347,00000000,00000000,0,1,0,0,0000003c,1,0,00000000
3349,00000000,00000000,0,1,0,0,0000003c,0,1,00000000
3363,00000000,00000000,0,1,0,0,0000003c,1,0,00000000
3365,00000000,00000000,0,1,0,0,0000003c,0,1,00000000
3366,00000000,00000000,0,1,0,0,0000003c,1,0,00000000
3368,00000000,00000000,0,1,0,0,0000003c,0,1,00000000
3369,00000000,00000000,0,1,0,0,0000003c,1,0,00000000
3371,00000000,00000000,0,1,0,0,0000003c,0,1,00000000
3372,00000000,00000000,0,1,0,0,0000003c,1,0,00000000
3374,00000000,00000000,0,1,0,0,0000003c,0,1,00000000
3375,00000000,00000000,0,1,0,0,0000003c,1,0,00000000
3377,00000000,00000000,0,1,0,0,0000003c,0,1,00000000
3378,00000000,00000000,0,1,0,0,0000003c,1,0,00000000
3380,00000000,00000000,0,1,0,0,0000003c,0,1,00000000
3381,00000000,00000000,0,1,0,0,0000003c,1,0,00000000
3383,00000000,00000000,0,1,0,0,0000003c,0,1,00000000
3384,00000000,00000000,0,1,0,0,0000003c,1,0,00000000
3386,00000000,00000000,0,1,0,0,0000003c,0,1,00000000
3387,00000000,00000000,0,1,0,0,0000003c,1,0,00000000
3389,00000000,00000000,0,1,0,0,0000003c,0,1,00000000
3390,00000000,00000000,0,1,0,0,0000003c,1,0,00000000
3392,00000000,00000000,0,1,0,0,0000003c,0,1,00000000
3393,00000000,00000000,0,1,0,0,0000003c,1,0,00000000
3395,00000000,00000000,0,1,0,0,0000003c,0,1,00000000
3396,00000000,00000000,0,1,0,0,0000003c,1,0,00000000
3398,00000000,00000000,0,1,0,0,0000003c,0,1,00000000
3399,00000000,00000000,0,1,0,0,0000003c,1,0,00000000
3401,00000000,00000000,0,1,0,0,0000003c,0,1,00000000
3402,00000000,00000000,0,1,0,0,0000003c,1,0,00000000
3404,00000000,00000000,0,1,0,0,0000003c,0,1,00000000
3405,00000000,00000000,0,1,0,0,0000003c,1,0,00000000
3407,00000000,00000000,0,1,0,0,0000003c,0,1,00000000
3408,00000000,00000000,0,1,0,0,0000003c,1,0,00000000
3410,00000000,00000000,0,1,0,0,0000003c,0,1,00000000
3411,00000000,00000000,0,1,0,0,0000003c,1,0,00000000
3413,00000000,00000000,0,1,0,0,0000003c,0,1,00000000
3414,00000000,00000000,0,1,0,0,0000003c,1,0,00000000
3416,00000000,00000000,0,1,0,0,0000003c,0,1,00000000
3417,00000000,00000000,0,1,0,0,0000003c,1,0,00000000
3419,00000000,00000000,0,1,0,0,0000003c,0,1,00000000
3420,00000000,00000000,0,1,0,0,0000003c,1,0,00000000
3422,00000000,00000000,0,1,0,0,0000003c,0,1,00000000
3423,00000000,00000000,0,1,0,0,0000003c,1,0,00000000
3425,00000000,00000000,0,1,0,0,0000003c,0,1,00000000
3426,00000000,00000000,0,1,0,0,0000003c,1,0,00000000
3428,00000000,00000000,0,1,0,0,0000003c,0,1,00000000
3429,00000000,00000000,0,1,0,0,0000003c,1,0,00000000
3431,00000000,00000000,0,1,0,0,0000003c,0,1,00000000
3432,00000000,00000000,0,1,0,0,0000003c,1,0,00000000
3434,00000000,00000000,0,1,0,0,0000003c,0,1,00000000
3435,00000000,00000000,0,1,0,0,0000003c,1,0,00000000
3437,00000000,00000000,0,1,0,0,0000003c,0,1,00000000
3438,00000000,00000000,0,1,0,0,0000003c,1,0,00000000
3440,00000000,00000000,0,1,0,0,0000003c,0,1,00000000
3441,00000000,00000000,0,1,0,0,0000003c,1,0,00000000
3443,00000000,00000000,0,1,0,0,0000003c,0,1,00000000
3444,00000000,00000000,0,1,0,0,0000003c,1,0,00000000
3446,00000000,00000000,0,1,0,0,0000003c,0,1,00000000
3447,00000000,00000000,0,1,0,0,0000003c,1,0,00000000
3449,00000000,00000000,0,1,0,0,0000003c,0,1,00000000
3450,00000000,00000000,0,1,0,0,0000003c,1,0,00000000
3452,00000000,00000000,0,1,0,0,0000003c,0,1,00000000
3453,00000000,00000000,0,1,0,0,0000003c,1,0,00000000
3455,00000000,00000000,0,1,0,0,0000003c,0,1,00000000
3456,00000000,00000000,0,1,0,0,0000003c,1,0,00000000
3458,00000000,00000000,0,1,0,0,0000003c,0,1,00000000
3459,00000000,00000000,0,1,0,0,0000003c,1,0,00000000
3461,00000000,00000000,0,1,0,0,0000003c,0,1,00000000
3462,00000000,00000000,0,1,0,0,0000003c,1,0,00000000
3464,00000000,00000000,0,1,0,0,0000003c,0,1,00000000
3465,00000000,00000000,0,1,0,0,0000003c,1,0,00000000
3467,00000000,00000000,0,1,0,0,0000003c,0,1,00000000
3468,00000000,00000000,0,1,0,0,0000003c,1,0,00000000
3470,00000000,00000000,0,1,0,0,0000003c,0,1,00000000
3471,00000000,00000000,0,1,0,0,0000003c,1,0,00000000
3473,00000000,00000000,0,1,0,0,0000003c,0,1,00000000
3474,00000000,00000000,0,1,0,0,0000003c,1,0,00000000
3476,00000000,00000000,0,1,0,0,0000003c,0,1,00000000
3477,00000000,00000000,0,1,0,0,0000003c,1,0,00000000
3479,00000000,00000000,0,1,0,0,0000003c,0,1,00000000
3480,00000000,00000000,0,1,0,0,0000003c,1,0,00000000
3482,00000000,00000000,0,1,0,0,0000003c,0,1,00000000
3483,00000000,00000000,0,1,0,0,0000003c,1,0,00000000
3485,00000000,00000000,0,1,0,0,0000003c,0,1,00000000
3486,00000000,00000000,0,1,0,0,0000003c,1,0,00000000
3488,00000000,00000000,0,1,0,0,0000003c,0,1,00000000
3489,00000000,00000000,0,1,0,0,0000003c,1,0,00000000
3491,00000000,00000000,0,1,0,0,0000003c,0,1,00000000
3492,00000000,00000000,0,1,0,0,0000003c,1,0,00000000
3494,00000000,00000000,0,1,0,0,0000003c,0,1,00000000
3495,00000000,00000000,0,1,0,0,0000003c,1,0,00000000
3497,00000000,00000000,0,1,0,0,0000003c,0,1,00000000
3498,00000000,00000000,0,1,0,0,0000003c,1,0,00000000
3500,00000000,00000000,0,1,0,0,0000003c,0,1,00000000
3501,00000000,00000000,0,1,0,0,0000003c,1,0,00000000
3503,00000000,00000000,0,1,0,0,0000003c,0,1,00000000
3504,00000000,00000000,0,1,0,0,0000003c,1,0,00000000
3506,00000000,00000000,0,1,0,0,0000003c,0,1,00000000
3507,00000000,00000000,0,1,0,0,0000003c,1,0,00000000
3509,00000000,00000000,0,1,0,0,0000003c,0,1,00000000
3510,00000000,00000000,0,1,0,0,0000003c,1,0,00000000
3512,00000000,00000000,0,1,0,0,0000003c,0,1,00000000
3513,00000000,00000000,0,1,0,0,0000003c,1,0,00000000
3515,00000000,00000000,0,1,0,0,0000003c,0,1,00000000
3516,00000000,00000000,0,1,0,0,0000003c,1,0,00000000
3518,00000000,00000000,0,1,0,0,0000003c,0,1,00000000
3519,00000000,00000000,0,1,0,0,0000003c,1,0,00000000
3521,00000000,00000000,0,1,0,0,0000003c,0,1,00000000
3522,00000000,00000000,0,1,0,0,0000003c,1,0,00000000
3524,00000000,00000000,0,1,0,0,0000003c,0,1,00000000
3525,00000000,00000000,0,1,0,0,0000003c,1,0,00000000
3527,00000000,00000000,0,1,0,0,0000003c,0,1,00000000
3528,00000000,00000000,0,1,0,0,0000003c,1,0,00000000
3530,00000000,00000000,0,1,0,0,0000003c,0,1,00000000
3531,00000000,00000000,0,1,0,0,0000003c,1,0,00000000
3533,00000000,00000000,0,1,0,0,0000003c,0,1,00000000
3534,00000000,00000000,0,1,0,0,0000003c,1,0,00000000
3536,00000000,00000000,0,1,0,0,0000003c,0,1,00000000
3537,00000000,00000000,0,1,0,0,0000003c,1,0,00000000
3539,00000000,00000000,0,1,0,0,0000003c,0,1,00000000
3540,00000000,00000000,0,1,0,0,0000003c,1,0,00000000
3542,00000000,00000000,0,1,0,0,0000003c,0,1,00000000
3543,00000000,00000000,0,1,0,0,0000003c,1,0,00000000
3545,00000000,00000000,0,1,0,0,0000003c,0,1,00000000
3546,00000000,00000000,0,1,0,0,0000003c,1,0,00000000
3548,00000000,00000000,0,1,0,0,0000003c,0,1,00000000
3549,00000000,00000000,0,1,0,0,0000003c,1,0,00000000
3551,00000000,00000000,0,1,0,0,0000003c,0,1,00000000
3552,00000000,00000000,0,1,0,0,0000003c,1,0,00000000
3554,00000000,00000000,0,1,0,0,0000003c,0,1,00000000
3555,00000000,00000000,0,1,0,0,0000003c,1,0,00000000
3557,00000000,00000000,0,1,0,0,0000003c,0,1,00000000
3558,00000000,00000000,0,1,0,0,0000003c,1,0,00000000
3560,00000000,00000000,0,1,0,0,0000003c,0,1,00000000
3561,00000000,00000000,0,1,0,0,0000003c,1,0,00000000
3563,00000000,00000000,0,1,0,0,0000003c,0,1,00000000
3564,00000000,00000000,0,1,0,0,0000003c,1,0,00000000
3566,00000000,00000000,0,1,0,0,0000003c,0,1,00000000
3567,00000000,00000000,0,1,0,0,0000003c,1,0,00000000
3569,00000000,00000000,0,1,0,0,0000003c,0,1,00000000
3570,00000000,00000000,0,1,0,0,0000003c,1,0,00000000
3572,00000000,00000000,0,1,0,0,0000003c,0,1,00000000
3573,00000000,00000000,0,1,0,0,0000003c,1,0,00000000
3575,00000000,00000000,0,1,0,0,0000003c,0,1,00000000
3576,00000000,00000000,0,1,0,0,0000003c,1,0,00000000
3578,00000000,00000000,0,1,0,0,0000003c,0,1,00000000
3579,00000000,00000000,0,1,0,0,0000003c,1,0,00000000
3581,00000000,00000000,0,1,0,0,0000003c,0,1,00000000
3582,00000000,00000000,0,1,0,0,0000003c,1,0,00000000
3584,00000000,00000000,0,1,0,0,0000003c,0,1,00000000
3585,00000000,00000000,0,1,0,0,0000003c,1,0,00000000
3587,00000000,00000000,0,1,0,0,0000003c,0,1,00000000
3588,00000000,00000000,0,1,0,0,0000003c,1,0,00000000
3590,00000000,00000000,0,1,0,0,0000003c,0,1,00000000
3591,00000000,00000000,0,1,0,0,0000003c,1,0,00000000
3593,00000000,00000000,0,1,0,0,0000003c,0,1,00000000
3594,00000000,00000000,0,1,0,0,0000003c,1,0,00000000
3596,00000000,00000000,0,1,0,0,0000003c,0,1,00000000
3597,00000000,00000000,0,1,0,0,0000003c,1,0,00000000
3599,00000000,00000000,0,1,0,0,0000003c,0,1,00000000
3600,00000000,00000000,0,1,0,0,0000003c,1,0,00000000
3602,00000000,00000000,0,1,0,0,0000003c,0,1,00000000
3603,00000000,00000000,0,1,0,0,0000003c,1,0,00000000
3605,00000000,00000000,0,1,0,0,0000003c,0,1,00000000
3619,00000000,00000000,0,1,0,0,0000003c,1,0,00000000
3621,00000000,00000000,0,1,0,0,0000003c,0,1,00000000
3622,00000000,00000000,0,1,0,0,0000003c,1,0,00000000
3624,00000000,00000000,0,1,0,0,0000003c,0,1,00000000
3625,00000000,00000000,0,1,0,0,0000003c,1,0,00000000
3627,00000000,00000000,0,1,0,0,0000003c,0,1,00000000
3628,00000000,00000000,0,1,0,0,0000003c,1,0,00000000
3630,00000000,00000000,0,1,0,0,0000003c,0,1,00000000
3631,00000000,00000000,0,1,0,0,0000003c,1,0,00000000
3633,00000000,00000000,0,1,0,0,0000003c,0,1,00000000
3634,00000000,00000000,0,1,0,0,0000003c,1,0,00000000
3636,00000000,00000000,0,1,0,0,0000003c,0,1,00000000
3637,00000000,00000000,0,1,0,0,0000003c,1,0,00000000
3639,00000000,00000000,0,1,0,0,0000003c,0,1,00000000
3640,00000000,00000000,0,1,0,0,0000003c,1,0,00000000
3642,00000000,00000000,0,1,0,0,0000003c,0,1,00000000
3643,00000000,00000000,0,1,0,0,0000003c,1,0,00000000
3645,00000000,00000000,0,1,0,0,0000003c,0,1,00000000
3646,00000000,00000000,0,1,0,0,0000003c,1,0,00000000
3648,00000000,00000000,0,1,0,0,0000003c,0,1,00000000
3649,00000000,00000000,0,1,0,0,0000003c,1,0,00000000
3651,00000000,00000000,0,1,0,0,0000003c,0,1,00000000
3652,00000000,00000000,0,1,0,0,0000003c,1,0,00000000
3654,00000000,00000000,0,1,0,0,0000003c,0,1,00000000
3655,00000000,00000000,0,1,0,0,0000003c,1,0,00000000
3657,00000000,00000000,0,1,0,0,0000003c,0,1,00000000
3658,00000000,00000000,0,1,0,0,0000003c,1,0,00000000
3660,00000000,00000000,0,1,0,0,0000003c,0,1,00000000
3661,00000000,00000000,0,1,0,0,0000003c,1,0,00000000
3663,00000000,00000000,0,1,0,0,0000003c,0,1,00000000
3664,00000000,00000000,0,1,0,0,0000003c,1,0,00000000
3666,00000000,00000000,0,1,0,0,0000003c,0,1,00000000
3667,00000000,00000000,0,1,0,0,0000003c,1,0,00000000
3669,00000000,00000000,0,1,0,0,0000003c,0,1,00000000
3670,00000000,00000000,0,1,0,0,0000003c,1,0,00000000
3672,00000000,00000000,0,1,0,0,0000003c,0,1,00000000
3673,00000000,00000000,0,1,0,0,0000003c,1,0,00000000
3675,00000000,00000000,0,1,0,0,0000003c,0,1,00000000
3676,00000000,00000000,0,1,0,0,0000003c,1,0,00000000
3678,00000000,00000000,0,1,0,0,0000003c,0,1,00000000
3679,00000000,00000000,0,1,0,0,0000003c,1,0,00000000
3681,00000000,00000000,0,1,0,0,0000003c,0,1,00000000
3682,00000000,00000000,0,1,0,0,0000003c,1,0,00000000
3684,00000000,00000000,0,1,0,0,0000003c,0,1,00000000
3685,00000000,00000000,0,1,0,0,0000003c,1,0,00000000
3687,00000000,00000000,0,1,0,0,0000003c,0,1,00000000
3688,00000000,00000000,0,1,0,0,0000003c,1,0,00000000
3690,00000000,00000000,0,1,0,0,0000003c,0,1,00000000
3691,00000000,00000000,0,1,0,0,0000003c,1,0,00000000
3693,00000000,00000000,0,1,0,0,0000003c,0,1,00000000
3694,00000000,00000000,0,1,0,0,0000003c,1,0,00000000
3696,00000000,00000000,0,1,0,0,0000003c,0,1,00000000
3697,00000000,00000000,0,1,0,0,0000003c,1,0,00000000
3699,00000000,00000000,0,1,0,0,0000003c,0,1,00000000
3700,00000000,00000000,0,1,0,0,0000003c,1,0,00000000
3702,00000000,00000000,0,1,0,0,0000003c,0,1,00000000
3703,00000000,00000000,0,1,0,0,0000003c,1,0,00000000
3705,00000000,00000000,0,1,0,0,0000003c,0,1,00000000
3706,00000000,00000000,0,1,0,0,0000003c,1,0,00000000
3708,00000000,00000000,0,1,0,0,0000003c,0,1,00000000
3709,00000000,00000000,0,1,0,0,0000003c,1,0,00000000
3711,00000000,00000000,0,1,0,0,0000003c,0,1,00000000
3712,00000000,00000000,0,1,0,0,0000003c,1,0,00000000
3714,00000000,00000000,0,1,0,0,0000003c,0,1,00000000
3715,00000000,00000000,0,1,0,0,0000003c,1,0,00000000
3717,00000000,00000000,0,1,0,0,0000003c,0,1,00000000
3718,00000000,00000000,0,1,0,0,0000003c,1,0,00000000
3720,00000000,00000000,0,1,0,0,0000003c,0,1,00000000
3721,00000000,00000000,0,1,0,0,0000003c,1,0,00000000
3723,00000000,00000000,0,1,0,0,0000003c,0,1,00000000
3724,00000000,00000000,0,1,0,0,0000003c,1,0,00000000
3726,00000000,00000000,0,1,0,0,0000003c,0,1,00000000
3727,00000000,00000000,0,1,0,0,0000003c,1,0,00000000
3729,00000000,00000000,0,1,0,0,0000003c,0,1,00000000
3730,00000000,00000000,0,1,0,0,0000003c,1,0,00000000
3732,00000000,00000000,0,1,0,0,0000003c,0,1,00000000
3733,00000000,00000000,0,1,0,0,0000003c,1,0,00000000
3735,00000000,00000000,0,1,0,0,0000003c,0,1,00000000
3736,00000000,00000000,0,1,0,0,0000003c,1,0,00000000
3738,00000000,00000000,0,1,0,0,0000003c,0,1,00000000
3739,00000000,00000000,0,1,0,0,0000003c,1,0,00000000
3741,00000000,00000000,0,1,0,0,0000003c,0,1,00000000
3742,00000000,00000000,0,1,0,0,0000003c,1,0,00000000
3744,00000000,00000000,0,1,0,0,0000003c,0,1,00000000
3745,00000000,00000000,0,1,0,0,0000003c,1,0,00000000
3747,00000000,00000000,0,1,0,0,0000003c,0,1,00000000
3748,00000000,00000000,0,1,0,0,0000003c,1,0,00000000
3750,00000000,00000000,0,1,0,0,0000003c,0,1,00000000
3751,00000000,00000000,0,1,0,0,0000003c,1,0,00000000
3753,00000000,00000000,0,1,0,0,0000003c,0,1,00000000
3754,00000000,00000000,0,1,0,0,0000003c,1,0,00000000
3756,00000000,00000000,0,1,0,0,0000003c,0,1,00000000
3757,00000000,00000000,0,1,0,0,0000003c,1,0,00000000
3759,00000000,00000000,0,1,0,0,0000003c,0,1,00000000
3760,00000000,00000000,0,1,0,0,0000003c,1,0,00000000
3762,00000000,00000000,0,1,0,0,0000003c,0,1,00000000
3763,00000000,00000000,0,1,0,0,0000003c,1,0,00000000
3765,00000000,00000000,0,1,0,0,0000003c,0,1,00000000
3766,00000000,00000000,0,1,0,0,0000003c,1,0,00000000
3768,00000000,00000000,0,1,0,0,0000003c,0,1,00000000
3769,00000000,00000000,0,1,0,0,0000003c,1,0,00000000
3771,00000000,00000000,0,1,0,0,0000003c,0,1,00000000
3772,00000000,00000000,0,1,0,0,0000003c,1,0,00000000
3774,00000000,00000000,0,1,0,0,0000003c,0,1,00000000
3775,00000000,00000000,0,1,0,0,0000003c,1,0,00000000
3777,00000000,00000000,0,1,0,0,0000003c,0,1,00000000
3778,00000000,00000000,0,1,0,0,0000003c,1,0,00000000
3780,00000000,00000000,0,1,0,0,0000003c,0,1,00000000
3781,00000000,00000000,0,1,0,0,0000003c,1,0,00000000
3783,00000000,00000000,0,1,0,0,0000003c,0,1,00000000
3784,00000000,00000000,0,1,0,0,0000003c,1,0,00000000
3786,00000000,00000000,0,1,0,0,0000003c,0,1,00000000
3787,00000000,00000000,0,1,0,0,0000003c,1,0,00000000
3789,00000000,00000000,0,1,0,0,0000003c,0,1,00000000
3790,00000000,00000000,0,1,0,0,0000003c,1,0,00000000
3792,00000000,00000000,0,1,0,0,0000003c,0,1,00000000
3793,00000000,00000000,0,1,0,0,0000003c,1,0,00000000
3795,00000000,00000000,0,1,0,0,0000003c,0,1,00000000
3796,00000000,00000000,0,1,0,0,0000003c,1,0,00000000
3798,00000000,00000000,0,1,0,0,0000003c,0,1,00000000
3799,00000000,00000000,0,1,0,0,0000003c,1,0,00000000
3801,00000000,00000000,0,1,0,0,0000003c,0,1,00000000
3802,00000000,00000000,0,1,0,0,0000003c,1,0,00000000
3804,00000000,00000000,0,1,0,0,0000003c,0,1,00000000
3805,00000000,00000000,0,1,0,0,0000003c,1,0,00000000
3807,00000000,00000000,0,1,0,0,0000003c,0,1,00000000
3808,00000000,00000000,0,1,0,0,0000003c,1,0,00000000
3810,00000000,00000000,0,1,0,0,0000003c,0,1,00000000
3811,00000000,00000000,0,1,0,0,0000003c,1,0,00000000
3813,00000000,00000000,0,1,0,0,0000003c,0,1,00000000
3814,00000000,00000000,0,1,0,0,0000003c,1,0,00000000
3816,00000000,00000000,0,1,0,0,0000003c,0,1,00000000
3817,00000000,00000000,0,1,0,0,0000003c,1,0,00000000
3819,00000000,00000000,0,1,0,0,0000003c,0,1,00000000
3820,00000000,00000000,0,1,0,0,0000003c,1,0,00000000
3822,00000000,00000000,0,1,0,0,0000003c,0,1,00000000
3823,00000000,00000000,0,1,0,0,0000003c,1,0,00000000
3825,00000000,00000000,0,1,0,0,0000003c,0,1,00000000
3826,00000000,00000000,0,1,0,0,0000003c,1,0,00000000
3828,00000000,00000000,0,1,0,0,0000003c,0,1,00000000
3829,00000000,00000000,0,1,0,0,0000003c,1,0,00000000
3831,00000000,00000000,0,1,0,0,0000003c,0,1,00000000
3832,00000000,00000000,0,1,0,0,0000003c,1,0,00000000
3834,00000000,00000000,0,1,0,0,0000003c,0,1,00000000
3835,00000000,00000000,0,1,0,0,0000003c,1,0,00000000
3837,00000000,00000000,0,1,0,0,0000003c,0,1,00000000
3838,00000000,00000000,0,1,0,0,0000003c,1,0,00000000
3840,00000000,00000000,0,1,0,0,0000003c,0,1,00000000
3841,00000000,00000000,0,1,0,0,0000003c,1,0,00000000
3843,00000000,00000000,0,1,0,0,0000003c,0,1,00000000
3844,00000000,00000000,0,1,0,0,0000003c,1,0,00000000
3846,00000000,00000000,0,1,0,0,0000003c,0,1,00000000
3847,00000000,00000000,0,1,0,0,0000003c,1,0,00000000
3849,00000000,00000000,0,1,0,0,0000003c,0,1,00000000
3850,00000000,00000000,0,1,0,0,0000003c,1,0,00000000
3852,00000000,00000000,0,1,0,0,0000003c,0,1,00000000
3853,00000000,00000000,0,1,0,0,0000003c,1,0,00000000
3855,00000000,00000000,0,1,0,0,0000003c,0,1,00000000
3856,00000000,00000000,0,1,0,0,0000003c,1,0,00000000
3858,00000000,00000000,0,1,0,0,0000003c,0,1,00000000
3859,00000000,00000000,0,1,0,0,0000003c,1,0,00000000
3861,00000000,00000000,0,1,0,0,0000003c,0,1,00000000
3875,00000000,00000000,0,1,0,0,0000003c,1,0,00000000
3877,00000000,00000000,0,1,0,0,0000003c,0,1,00000000
3878,00000000,00000000,0,1,0,0,0000003c,1,0,00000000
3880,00000000,00000000,0,1,0,0,0000003c,0,1,00000000
3881,00000000,00000000,0,1,0,0,0000003c,1,0,00000000
3883,00000000,00000000,0,1,0,0,0000003c,0,1,00000000
3884,00000000,00000000,0,1,0,0,0000003c,1,0,00000000
3886,00000000,00000000,0,1,0,0,0000003c,0,1,00000000
3887,00000000,00000000,0,1,0,0,0000003c,1,0,00000000
3889,00000000,00000000,0,1,0,0,0000003c,0,1,00000000
3890,00000000,00000000,0,1,0,0,0000003c,1,0,00000000
3892,00000000,00000000,0,1,0,0,0000003c,0,1,00000000
3893,00000000,00000000,0,1,0,0,0000003c,1,0,00000000
3895,00000000,00000000,0,1,0,0,0000003c,0,1,00000000
3896,00000000,00000000,0,1,0,0,0000003c,1,0,00000000
3898,00000000,00000000,0,1,0,0,0000003c,0,1,00000000
3899,00000000,00000000,0,1,0,0,0000003c,1,0,00000000
3901,00000000,00000000,0,1,0,0,0000003c,0,1,00000000
3902,00000000,00000000,0,1,0,0,0000003c,1,0,00000000
3904,00000000,00000000,0,1,0,0,0000003c,0,1,00000000
3905,00000000,00000000,0,1,0,0,0000003c,1,0,00000000
3907,00000000,00000000,0,1,0,0,0000003c,0,1,00000000
3908,00000000,00000000,0,1,0,0,0000003c,1,0,00000000
3910,00000000,00000000,0,1,0,0,0000003c,0,1,00000000
3911,00000000,00000000,0,1,0,0,0000003c,1,0,00000000
3913,00000000,00000000,0,1,0,0,0000003c,0,1,00000000
3914,00000000,00000000,0,1,0,0,0000003c,1,0,00000000
3916,00000000,00000000,0,1,0,0,0000003c,0,1,00000000
3917,00000000,00000000,0,1,0,0,0000003c,1,0,00000000
3919,00000000,00000000,0,1,0,0,0000003c,0,1,00000000
3920,00000000,00000000,0,1,0,0,0000003c,1,0,00000000
3922,00000000,00000000,0,1,0,0,0000003c,0,1,00000000
3923,00000000,00000000,0,1,0,0,0000003c,1,0,00000000
3925,00000000,00000000,0,1,0,0,0000003c,0,1,00000000
3926,00000000,00000000,0,1,0,0,0000003c,1,0,00000000
3928,00000000,00000000,0,1,0,0,0000003c,0,1,00000000
3929,00000000,00000000,0,1,0,0,0000003c,1,0,00000000
3931,00000000,00000000,0,1,0,0,0000003c,0,1,00000000
3932,00000000,00000000,0,1,0,0,0000003c,1,0,00000000
3934,00000000,00000000,0,1,0,0,0000003c,0,1,00000000
3935,00000000,00000000,0,1,0,0,0000003c,1,0,00000000
3937,00000000,00000000,0,1,0,0,0000003c,0,1,00000000
3938,00000000,00000000,0,1,0,0,0000003c,1,0,00000000
3940,00000000,00000000,0,1,0,0,0000003c,0,1,00000000
3941,00000000,00000000,0,1,0,0,0000003c,1,0,00000000
3943,00000000,00000000,0,1,0,0,0000003c,0,1,00000000
3944,00000000,00000000,0,1,0,0,0000003c,1,0,00000000
3946,00000000,00000000,0,1,0,0,0000003c,0,1,00000000
3947,00000000,00000000,0,1,0,0,0000003c,1,0,00000000
3949,00000000,00000000,0,1,0,0,0000003c,0,1,00000000
3950,00000000,00000000,0,1,0,0,0000003c,1,0,00000000
3952,00000000,00000000,0,1,0,0,0000003c,0,1,00000000
3953,00000000,00000000,0,1,0,0,0000003c,1,0,00000000
3955,00000000,00000000,0,1,0,0,0000003c,0,1,00000000
3956,00000000,00000000,0,1,0,0,0000003c,1,0,00000000
3958,00000000,00000000,0,1,0,0,0000003c,0,1,00000000
3959,00000000,00000000,0,1,0,0,0000003c,1,0,00000000
3961,00000000,00000000,0,1,0,0,0000003c,0,1,00000000
3962,00000000,00000000,0,1,0,0,0000003c,1,0,00000000
3964,00000000,00000000,0,1,0,0,0000003c,0,1,00000000
3965,00000000,00000000,0,1,0,0,0000003c,1,0,00000000
3967,00000000,00000000,0,1,0,0,0000003c,0,1,00000000
3968,00000000,00000000,0,1,0,0,0000003c,1,0,00000000
3970,00000000,00000000,0,1,0,0,0000003c,0,1,00000000
3971,00000000,00000000,0,1,0,0,0000003c,1,0,00000000
3973,00000000,00000000,0,1,0,0,0000003c,0,1,00000000
3974,00000000,00000000,0,1,0,0,0000003c,1,0,00000000
3976,00000000,00000000,0,1,0,0,0000003c,0,1,00000000
3977,00000000,00000000,0,1,0,0,0000003c,1,0,00000000
3979,00000000,00000000,0,1,0,0,0000003c,0,1,00000000
3980,00000000,00000000,0,1,0,0,0000003c,1,0,00000000
3982,00000000,00000000,0,1,0,0,0000003c,0,1,00000000
3983,00000000,00000000,0,1,0,0,0000003c,1,0,00000000
3985,00000000,00000000,0,1,0,0,0000003c,0,1,00000000
3986,00000000,00000000,0,1,0,0,0000003c,1,0,00000000
3988,00000000,00000000,0,1,0,0,0000003c,0,1,00000000
3989,00000000,00000000,0,1,0,0,0000003c,1,0,00000000
3991,00000000,00000000,0,1,0,0,0000003c,0,1,00000000
3992,00000000,00000000,0,1,0,0,0000003c,1,0,00000000
3994,00000000,00000000,0,1,0,0,0000003c,0,1,00000000
3995,00000000,00000000,0,1,0,0,0000003c,1,0,00000000
3997,00000000,00000000,0,1,0,0,0000003c,0,1,00000000
3998,00000000,00000000,0,1,0,0,0000003c,1,0,00000000
4000,00000000,00000000,0,1,0,0,0000003c,0,1,00000000
4001,00000000,00000000,0,1,0,0,0000003c,1,0,00000000
4003,00000000,00000000,0,1,0,0,0000003c,0,1,00000000
4004,00000000,00000000,0,1,0,0,0000003c,1,0,00000000
4006,00000000,00000000,0,1,0,0,0000003c,0,1,00000000
4007,00000000,00000000,0,1,0,0,0000003c,1,0,00000000
4009,00000000,00000000,0,1,0,0,0000003c,0,1,00000000
4010,00000000,00000000,0,1,0,0,0000003c,1,0,00000000
4012,00000000,00000000,0,1,0,0,0000003c,0,1,00000000
4013,00000000,00000000,0,1,0,0,0000003c,1,0,00000000
4015,00000000,00000000,0,1,0,0,0000003c,0,1,00000000
4016,00000000,00000000,0,1,0,0,0000003c,1,0,00000000
4018,00000000,00000000,0,1,0,0,0000003c,0,1,00000000
4019,00000000,00000000,0,1,0,0,0000003c,1,0,00000000
4021,00000000,00000000,0,1,0,0,0000003c,0,1,00000000
4022,00000000,00000000,0,1,0,0,0000003c,1,0,00000000
4024,00000000,00000000,0,1,0,0,0000003c,0,1,00000000
4025,00000000,00000000,0,1,0,0,0000003c,1,0,00000000
4027,00000000,00000000,0,1,0,0,0000003c,0,1,00000000
4028,00000000,00000000,0,1,0,0,0000003c,1,0,00000000
4030,00000000,00000000,0,1,0,0,0000003c,0,1,00000000
4031,00000000,00000000,0,1,0,0,0000003c,1,0,00000000
4033,00000000,00000000,0,1,0,0,0000003c,0,1,00000000
4034,00000000,00000000,0,1,0,0,0000003c,1,0,00000000
4036,00000000,00000000,0,1,0,0,0000003c,0,1,00000000
4037,00000000,00000000,0,1,0,0,0000003c,1,0,00000000
4039,00000000,00000000,0,1,0,0,0000003c,0,1,00000000
4040,00000000,00000000,0,1,0,0,0000003c,1,0,00000000
4042,00000000,00000000,0,1,0,0,0000003c,0,1,00000000
4043,00000000,00000000,0,1,0,0,0000003c,1,0,00000000
4045,00000000,00000000,0,1,0,0,0000003c,0,1,00000000
4046,00000000,00000000,0,1,0,0,0000003c,1,0,00000000
4048,00000000,00000000,0,1,0,0,0000003c,0,1,00000000
4049,00000000,00000000,0,1,0,0,0000003c,1,0,00000000
4051,00000000,00000000,0,1,0,0,0000003c,0,1,00000000
4052,00000000,00000000,0,1,0,0,0000003c,1,0,00000000
4054,00000000,00000000,0,1,0,0,0000003c,0,1,00000000
4055,00000000,00000000,0,1,0,0,0000003c,1,0,00000000
4057,00000000,00000000,0,1,0,0,0000003c,0,1,00000000
4058,00000000,00000000,0,1,0,0,0000003c,1,0,00000000
4060,00000000,00000000,0,1,0,0,0000003c,0,1,00000000
4061,00000000,00000000,0,1,0,0,0000003c,1,0,00000000
4063,00000000,00000000,0,1,0,0,0000003c,0,1,00000000
4064,00000000,00000000,0,1,0,0,0000003c,1,0,00000000
4066,00000000,00000000,0,1,0,0,0000003c,0,1,00000000
4067,00000000,00000000,0,1,0,0,0000003c,1,0,00000000
4069,00000000,00000000,0,1,0,0,0000003c,0,1,00000000
4070,00000000,00000000,0,1,0,0,0000003c,1,0,00000000
4072,00000000,00000000,0,1,0,0,0000003c,0,1,00000000
4073,00000000,00000000,0,1,0,0,0000003c,1,0,00000000
4075,00000000,00000000,0,1,0,0,0000003c,0,1,00000000
4076,00000000,00000000,0,1,0,0,0000003c,1,0,00000000
4078,00000000,00000000,0,1,0,0,0000003c,0,1,00000000
4079,00000000,00000000,0,1,0,0,0000003c,1,0,00000000
4081,00000000,00000000,0,1,0,0,0000003c,0,1,00000000
4082,00000000,00000000,0,1,0,0,0000003c,1,0,00000000
4084,00000000,00000000,0,1,0,0,0000003c,0,1,00000000
4085,00000000,00000000,0,1,0,0,0000003c,1,0,00000000
4087,00000000,00000000,0,1,0,0,0000003c,0,1,00000000
4088,00000000,00000000,0,1,0,0,0000003c,1,0,00000000
4090,00000000,00000000,0,1,0,0,0000003c,0,1,00000000
4091,00000000,00000000,0,1,0,0,0000003c,1,0,00000000
4093,00000000,00000000,0,1,0,0,0000003c,0,1,00000000
4094,00000000,00000000,0,1,0,0,0000003c,1,0,00000000
4096,00000000,00000000,0,1,0,0,0000003c,0,1,00000000
4097,00000000,00000000,0,1,0,0,0000003c,1,0,00000000
4099,00000000,00000000,0,1,0,0,0000003c,0,1,00000000
4100,00000000,00000000,0,1,0,0,0000003c,1,0,00000000
4102,00000000,00000000,0,1,0,0,0000003c,0,1,00000000
4103,00000000,00000000,0,1,0,0,0000003c,1,0,00000000
4105,00000000,00000000,0,1,0,0,0000003c,0,1,00000000
4106,00000000,00000000,0,1,0,0,0000003c,1,0,00000000
4108,00000000,00000000,0,1,0,0,0000003c,0,1,00000000
4109,00000000,00000000,0,1,0,0,0000003c,1,0,00000000
4111,00000000,00000000,0,1,0,0,0000003c,0,1,00000000
4112,00000000,00000000,0,1,0,0,0000003c,1,0,00000000
4114,00000000,00000000,0,1,0,0,0000003c,0,1,00000000
4115,00000000,00000000,0,1,0,0,0000003c,1,0,00000000
4117,00000000,00000000,0,1,0,0,0000003c,0,1,00000000
4131,00000000,00000000,0,1,0,0,0000003c,1,0,00000000
4133,00000000,00000000,0,1,0,0,0000003c,0,1,00000000
4134,00000000,00000000,0,1,0,0,0000003c,1,0,00000000
4136,00000000,00000000,0,1,0,0,0000003c,0,1,00000000
4137,00000000,00000000,0,1,0,0,0000003c,1,0,00000000
4139,00000000,00000000,0,1,0,0,0000003c,0,1,00000000
4140,00000000,00000000,0,1,0,0,0000003c,1,0,00000000
4142,00000000,00000000,0,1,0,0,0000003c,0,1,00000000
4143,00000000,00000000,0,1,0,0,0000003c,1,0,00000000
4145,00000000,00000000,0,1,0,0,0000003c,0,1,00000000
4146,00000000,00000000,0,1,0,0,0000003c,1,0,00000000
4148,00000000,00000000,0,1,0,0,0000003c,0,1,00000000
4149,00000000,00000000,0,1,0,0,0000003c,1,0,00000000
4151,00000000,00000000,0,1,0,0,0000003c,0,1,00000000
4152,00000000,00000000,0,1,0,0,0000003c,1,0,00000000
4154,00000000,00000000,0,1,0,0,0000003c,0,1,00000000
4155,00000000,00000000,0,1,0,0,0000003c,1,0,00000000
4157,00000000,00000000,0,1,0,0,0000003c,0,1,00000000
4158,00000000,00000000,0,1,0,0,0000003c,1,0,00000000
4160,00000000,00000000,0,1,0,0,0000003c,0,1,00000000
4161,00000000,00000000,0,1,0,0,0000003c,1,0,00000000
4163,00000000,00000000,0,1,0,0,0000003c,0,1,00000000
4164,00000000,00000000,0,1,0,0,0000003c,1,0,00000000
4166,00000000,00000000,0,1,0,0,0000003c,0,1,00000000
4167,00000000,00000000,0,1,0,0,0000003c,1,0,00000000
4169,00000000,00000000,0,1,0,0,0000003c,0,1,00000000
4170,00000000,00000000,0,1,0,0,0000003c,1,0,00000000
4172,00000000,00000000,0,1,0,0,0000003c,0,1,00000000
4173,00000000,00000000,0,1,0,0,0000003c,1,0,00000000
4175,00000000,00000000,0,1,0,0,0000003c,0,1,00000000
4176,00000000,00000000,0,1,0,0,0000003c,1,0,00000000
4178,00000000,00000000,0,1,0,0,0000003c,0,1,00000000
4179,00000000,00000000,0,1,0,0,0000003c,1,0,00000000
4181,00000000,00000000,0,1,0,0,0000003c,0,1,00000000
4182,00000000,00000000,0,1,0,0,0000003c,1,0,00000000
4184,00000000,00000000,0,1,0,0,0000003c,0,1,00000000
4185,00000000,00000000,0,1,0,0,0000003c,1,0,00000000
4187,00000000,00000000,0,1,0,0,0000003c,0,1,00000000
4188,00000000,00000000,0,1,0,0,0000003c,1,0,00000000
4190,00000000,00000000,0,1,0,0,0000003c,0,1,00000000
4191,00000000,00000000,0,1,0,0,0000003c,1,0,00000000
4193,00000000,00000000,0,1,0,0,0000003c,0,1,00000000
4194,00000000,00000000,0,1,0,0,0000003c,1,0,00000000
4196,00000000,00000000,0,1,0,0,0000003c,0,1,00000000
4197,00000000,00000000,0,1,0,0,0000003c,1,0,00000000
4199,00000000,00000000,0,1,0,0,0000003c,0,1,00000000
4200,00000000,00000000,0,1,0,0,0000003c,1,0,00000000
4202,00000000,00000000,0,1,0,0,0000003c,0,1,00000000
4203,00000000,00000000,0,1,0,0,0000003c,1,0,00000000
4205,00000000,00000000,0,1,0,0,0000003c,0,1,00000000
4206,00000000,00000000,0,1,0,0,0000003c,1,0,00000000
4208,00000000,00000000,0,1,0,0,0000003c,0,1,00000000
4209,00000000,00000000,0,1,0,0,0000003c,1,0,00000000
4211,00000000,00000000,0,1,0,0,0000003c,0,1,00000000
4212,00000000,00000000,0,1,0,0,0000003c,1,0,00000000
4214,00000000,00000000,0,1,0,0,0000003c,0,1,00000000
4215,00000000,00000000,0,1,0,0,0000003c,1,0,00000000
4217,00000000,00000000,0,1,0,0,0000003c,0,1,00000000
4218,00000000,00000000,0,1,0,0,0000003c,1,0,00000000
4220,00000000,00000000,0,1,0,0,0000003c,0,1,00000000
4221,00000000,00000000,0,1,0,0,0000003c,1,0,00000000
4223,00000000,00000000,0,1,0,0,0000003c,0,1,00000000
4224,00000000,00000000,0,1,0,0,0000003c,1,0,00000000
4226,00000000,00000000,0,1,0,0,0000003c,0,1,00000000
4227,00000000,00000000,0,1,0,0,0000003c,1,0,00000000
4229,00000000,00000000,0,1,0,0,0000003c,0,1,00000000
4230,00000000,00000000,0,1,0,0,0000003c,1,0,00000000
4232,00000000,00000000,0,1,0,0,0000003c,0,1,00000000
4233,00000000,00000000,0,1,0,0,0000003c,1,0,00000000
4235,00000000,00000000,0,1,0,0,0000003c,0,1,00000000
4236,00000000,00000000,0,1,0,0,0000003c,1,0,00000000
4238,00000000,00000000,0,1,0,0,0000003c,0,1,00000000
4239,00000000,00000000,0,1,0,0,0000003c,1,0,00000000
4241,00000000,00000000,0,1,0,0,0000003c,0,1,00000000
4242,00000000,00000000,0,1,0,0,0000003c,1,0,00000000
4244,00000000,00000000,0,1,0,0,0000003c,0,1,00000000
4245,00000000,00000000,0,1,0,0,0000003c,1,0,00000000
4247,00000000,00000000,0,1,0,0,0000003c,0,1,00000000
4248,00000000,00000000,0,1,0,0,0000003c,1,0,00000000
4250,00000000,00000000,0,1,0,0,0000003c,0,1,00000000
4251,00000000,00000000,0,1,0,0,0000003c,1,0,00000000
4253,00000000,00000000,0,1,0,0,0000003c,0,1,00000000
4254,00000000,00000000,0,1,0,0,0000003c,1,0,00000000
4256,00000000,00000000,0,1,0,0,0000003c,0,1,00000000
4257,00000000,00000000,0,1,0,0,0000003c,1,0,00000000
4259,00000000,00000000,0,1,0,0,0000003c,0,1,00000000
4260,00000000,00000000,0,1,0,0,0000003c,1,0,00000000
4262,00000000,00000000,0,1,0,0,0000003c,0,1,00000000
4263,00000000,00000000,0,1,0,0,0000003c,1,0,00000000
4265,00000000,00000000,0,1,0,0,0000003c,0,1,00000000
4266,00000000,00000000,0,1,0,0,0000003c,1,0,00000000
4268,00000000,00000000,0,1,0,0,0000003c,0,1,00000000
4269,00000000,00000000,0,1,0,0,0000003c,1,0,00000000
4271,00000000,00000000,0,1,0,0,0000003c,0,1,00000000
4272,00000000,00000000,0,1,0,0,0000003c,1,0,00000000
4274,00000000,00000000,0,1,0,0,0000003c,0,1,00000000
4275,00000000,00000000,0,1,0,0,0000003c,1,0,00000000
4277,00000000,00000000,0,1,0,0,0000003c,0,1,00000000
4278,00000000,00000000,0,1,0,0,0000003c,1,0,00000000
4280,00000000,00000000,0,1,0,0,0000003c,0,1,00000000
4281,00000000,00000000,0,1,0,0,0000003c,1,0,00000000
4283,00000000,00000000,0,1,0,0,0000003c,0,1,00000000
4284,00000000,00000000,0,1,0,0,0000003c,1,0,00000000
4286,00000000,00000000,0,1,0,0,0000003c,0,1,00000000
4287,00000000,00000000,0,1,0,0,0000003c,1,0,00000000
4289,00000000,00000000,0,1,0,0,0000003c,0,1,00000000
4290,00000000,00000000,0,1,0,0,0000003c,1,0,00000000
4292,00000000,00000000,0,1,0,0,0000003c,0,1,00000000
4293,00000000,00000000,0,1,0,0,0000003c,1,0,00000000
4295,00000000,00000000,0,1,0,0,0000003c,0,1,00000000
4296,00000000,00000000,0,1,0,0,0000003c,1,0,00000000
4298,00000000,00000000,0,1,0,0,0000003c,0,1,00000000
4299,00000000,00000000,0,1,0,0,0000003c,1,0,00000000
4301,00000000,00000000,0,1,0,0,0000003c,0,1,00000000
4302,00000000,00000000,0,1,0,0,0000003c,1,0,00000000
4304,00000000,00000000,0,1,0,0,0000003c,0,1,00000000
4305,00000000,00000000,0,1,0,0,0000003c,1,0,00000000
4307,00000000,00000000,0,1,0,0,0000003c,0,1,00000000
4308,00000000,00000000,0,1,0,0,0000003c,1,0,00000000
4310,00000000,00000000,0,1,0,0,0000003c,0,1,00000000
4311,00000000,00000000,0,1,0,0,0000003c,1,0,00000000
4313,00000000,00000000,0,1,0,0,0000003c,0,1,00000000
4314,00000000,00000000,0,1,0,0,0000003c,1,0,00000000
4316,00000000,00000000,0,1,0,0,0000003c,0,1,00000000
4317,00000000,00000000,0,1,0,0,0000003c,1,0,00000000
4319,00000000,00000000,0,1,0,0,0000003c,0,1,00000000
4320,00000000,00000000,0,1,0,0,0000003c,1,0,00000000
4322,00000000,00000000,0,1,0,0,0000003c,0,1,00000000
4323,00000000,00000000,0,1,0,0,0000003c,1,0,00000000
4325,00000000,00000000,0,1,0,0,0000003c,0,1,00000000
4326,00000000,00000000,0,1,0,0,0000003c,1,0,00000000
4328,00000000,00000000,0,1,0,0,0000003c,0,1,00000000
4329,00000000,00000000,0,1,0,0,0000003c,1,0,00000000
4331,00000000,00000000,0,1,0,0,0000003c,0,1,00000000
4332,00000000,00000000,0,1,0,0,0000003c,1,0,00000000
4334,00000000,00000000,0,1,0,0,0000003c,0,1,00000000
4335,00000000,00000000,0,1,0,0,0000003c,1,0,00000000
4337,00000000,00000000,0,1,0,0,0000003c,0,1,00000000
4338,00000000,00000000,0,1,0,0,0000003c,1,0,00000000
4340,00000000,00000000,0,1,0,0,0000003c,0,1,00000000
4341,00000000,00000000,0,1,0,0,0000003c,1,0,00000000
4343,00000000,00000000,0,1,0,0,0000003c,0,1,00000000
4344,00000000,00000000,0,1,0,0,0000003c,1,0,00000000
4346,00000000,00000000,0,1,0,0,0000003c,0,1,00000000
4347,00000000,00000000,0,1,0,0,0000003c,1,0,00000000
4349,00000000,00000000,0,1,0,0,0000003c,0,1,00000000
4350,00000000,00000000,0,1,0,0,0000003c,1,0,00000000
4352,00000000,00000000,0,1,0,0,0000003c,0,1,00000000
4353,00000000,00000000,0,1,0,0,0000003c,1,0,00000000
4355,00000000,00000000,0,1,0,0,0000003c,0,1,00000000
4356,00000000,00000000,0,1,0,0,0000003c,1,0,00000000
4358,00000000,00000000,0,1,0,0,0000003c,0,1,00000000
4359,00000000,00000000,0,1,0,0,0000003c,1,0,00000000
4361,00000000,00000000,0,1,0,0,0000003c,0,1,00000000
4362,00000000,00000000,0,1,0,0,0000003c,1,0,00000000
4364,00000000,00000000,0,1,0,0,0000003c,0,1,00000000
4365,00000000,00000000,0,1,0,0,0000003c,1,0,00000000
4367,00000000,00000000,0,1,0,0,0000003c,0,1,00000000
4368,00000000,00000000,0,1,0,0,0000003c,1,0,00000000
4370,00000000,00000000,0,1,0,0,0000003c,0,1,00000000
4371,00000000,00000000,0,1,0,0,0000003c,1,0,00000000
4373,00000000,00000000,0,1,0,0,0000003c,0,1,00000000
4387,00000000,00000000,0,1,0,0,0000003c,1,0,00000000
4389,00000000,00000000,0,1,0,0,0000003c,0,1,00000000
4390,00000000,00000000,0,1,0,0,0000003c,1,0,00000000
4392,00000000,00000000,0,1,0,0,0000003c,0,1,00000000
4393,00000000,00000000,0,1,0,0,0000003c,1,0,00000000
4395,00000000,00000000,0,1,0,0,0000003c,0,1,00000000
4396,00000000,00000000,0,1,0,0,0000003c,1,0,00000000
4398,00000000,00000000,0,1,0,0,0000003c,0,1,00000000
4399,00000000,00000000,0,1,0,0,0000003c,1,0,00000000
4401,00000000,00000000,0,1,0,0,0000003c,0,1,00000000
4402,00000000,00000000,0,1,0,0,0000003c,1,0,00000000
4404,00000000,00000000,0,1,0,0,0000003c,0,1,00000000
4405,00000000,00000000,0,1,0,0,0000003c,1,0,00000000
4407,00000000,00000000,0,1,0,0,0000003c,0,1,00000000
4408,00000000,00000000,0,1,0,0,0000003c,1,0,00000000
4410,00000000,00000000,0,1,0,0,0000003c,0,1,00000000
4411,00000000,00000000,0,1,0,0,0000003c,1,0,00000000
4413,00000000,00000000,0,1,0,0,0000003c,0,1,00000000
4414,00000000,00000000,0,1,0,0,0000003c,1,0,00000000
4416,00000000,00000000,0,1,0,0,0000003c,0,1,00000000
4417,00000000,00000000,0,1,0,0,0000003c,1,0,00000000
4419,00000000,00000000,0,1,0,0,0000003c,0,1,00000000
4420,00000000,00000000,0,1,0,0,0000003c,1,0,00000000
4422,00000000,00000000,0,1,0,0,0000003c,0,1,00000000
4423,00000000,00000000,0,1,0,0,0000003c,1,0,00000000
4425,00000000,00000000,0,1,0,0,0000003c,0,1,00000000
4426,00000000,00000000,0,1,0,0,0000003c,1,0,00000000
4428,00000000,00000000,0,1,0,0,0000003c,0,1,00000000
4429,00000000,00000000,0,1,0,0,0000003c,1,0,00000000
4431,00000000,00000000,0,1,0,0,0000003c,0,1,00000000
4432,00000000,00000000,0,1,0,0,0000003c,1,0,00000000
4434,00000000,00000000,0,1,0,0,0000003c,0,1,00000000
4435,00000000,00000000,0,1,0,0,0000003c,1,0,00000000
4437,00000000,00000000,0,1,0,0,0000003c,0,1,00000000
4438,00000000,00000000,0,1,0,0,0000003c,1,0,00000000
4440,00000000,00000000,0,1,0,0,0000003c,0,1,00000000
4441,00000000,00000000,0,1,0,0,0000003c,1,0,00000000
4443,00000000,00000000,0,1,0,0,0000003c,0,1,00000000
4444,00000000,00000000,0,1,0,0,0000003c,1,0,00000000
4446,00000000,00000000,0,1,0,0,0000003c,0,1,00000000
4447,00000000,00000000,0,1,0,0,0000003c,1,0,00000000
4449,00000000,00000000,0,1,0,0,0000003c,0,1,00000000
4450,00000000,00000000,0,1,0,0,0000003c,1,0,00000000
4452,00000000,00000000,0,1,0,0,0000003c,0,1,00000000
4453,00000000,00000000,0,1,0,0,0000003c,1,0,00000000
4455,00000000,00000000,0,1,0,0,0000003c,0,1,00000000
4456,00000000,00000000,0,1,0,0,0000003c,1,0,00000000
4458,00000000,00000000,0,1,0,0,0000003c,0,1,00000000
4459,00000000,00000000,0,1,0,0,0000003c,1,0,00000000
4461,00000000,00000000,0,1,0,0,0000003c,0,1,00000000
4462,00000000,00000000,0,1,0,0,0000003c,1,0,00000000
4464,00000000,00000000,0,1,0,0,0000003c,0,1,00000000
4465,00000000,00000000,0,1,0,0,0000003c,1,0,00000000
4467,00000000,00000000,0,1,0,0,0000003c,0,1,00000000
4468,00000000,00000000,0,1,0,0,0000003c,1,0,00000000
4470,00000000,00000000,0,1,0,0,0000003c,0,1,00000000
4471,00000000,00000000,0,1,0,0,0000003c,1,0,00000000
4473,00000000,00000000,0,1,0,0,0000003c,0,1,00000000
4474,00000000,00000000,0,1,0,0,0000003c,1,0,00000000
4476,00000000,00000000,0,1,0,0,0000003c,0,1,00000000
4477,00000000,00000000,0,1,0,0,0000003c,1,0,00000000
4479,00000000,00000000,0,1,0,0,0000003c,0,1,00000000
4480,00000000,00000000,0,1,0,0,0000003c,1,0,00000000
4482,00000000,00000000,0,1,0,0,0000003c,0,1,00000000
4483,00000000,00000000,0,1,0,0,0000003c,1,0,00000000
4485,00000000,00000000,0,1,0,0,0000003c,0,1,00000000
4486,00000000,00000000,0,1,0,0,0000003c,1,0,00000000
4488,00000000,00000000,0,1,0,0,0000003c,0,1,00000000
4489,00000000,00000000,0,1,0,0,0000003c,1,0,00000000
4491,00000000,00000000,0,1,0,0,0000003c,0,1,00000000
4492,00000000,00000000,0,1,0,0,0000003c,1,0,00000000
4494,00000000,00000000,0,1,0,0,0000003c,0,1,00000000
4495,00000000,00000000,0,1,0,0,0000003c,1,0,00000000
4497,00000000,00000000,0,1,0,0,0000003c,0,1,00000000
4498,00000000,00000000,0,1,0,0,0000003c,1,0,00000000
4500,00000000,00000000,0,1,0,0,0000003c,0,1,00000000
4501,00000000,00000000,0,1,0,0,0000003c,1,0,00000000
4503,00000000,00000000,0,1,0,0,0000003c,0,1,00000000
4504,00000000,00000000,0,1,0,0,0000003c,1,0,00000000
4506,00000000,00000000,0,1,0,0,0000003c,0,1,00000000
4507,00000000,00000000,0,1,0,0,0000003c,1,0,00000000
4509,00000000,00000000,0,1,0,0,0000003c,0,1,00000000
4510,00000000,00000000,0,1,0,0,0000003c,1,0,00000000
4512,00000000,00000000,0,1,0,0,0000003c,0,1,00000000
4513,00000000,00000000,0,1,0,0,0000003c,1,0,00000000
4515,00000000,00000000,0,1,0,0,0000003c,0,1,00000000
4516,00000000,00000000,0,1,0,0,0000003c,1,0,00000000
4518,00000000,00000000,0,1,0,0,0000003c,0,1,00000000
4519,00000000,00000000,0,1,0,0,0000003c,1,0,00000000
4521,00000000,00000000,0,1,0,0,0000003c,0,1,00000000
4522,00000000,00000000,0,1,0,0,0000003c,1,0,00000000
4524,00000000,00000000,0,1,0,0,0000003c,0,1,00000000
4525,00000000,00000000,0,1,0,0,0000003c,1,0,00000000
4527,00000000,00000000,0,1,0,0,0000003c,0,1,00000000
4528,00000000,00000000,0,1,0,0,0000003c,1,0,00000000
4530,00000000,00000000,0,1,0,0,0000003c,0,1,00000000
4531,00000000,00000000,0,1,0,0,0000003c,1,0,00000000
4533,00000000,00000000,0,1,0,0,0000003c,0,1,00000000
4534,00000000,00000000,0,1,0,0,0000003c,1,0,00000000
4536,00000000,00000000,0,1,0,0,0000003c,0,1,00000000
4537,00000000,00000000,0,1,0,0,0000003c,1,0,00000000
4539,00000000,00000000,0,1,0,0,0000003c,0,1,00000000
4540,00000000,00000000,0,1,0,0,0000003c,1,0,00000000
4542,00000000,00000000,0,1,0,0,0000003c,0,1,00000000
4543,00000000,00000000,0,1,0,0,0000003c,1,0,00000000
4545,00000000,00000000,0,1,0,0,0000003c,0,1,00000000
4546,00000000,00000000,0,1,0,0,0000003c,1,0,00000000
4548,00000000,00000000,0,1,0,0,0000003c,0,1,00000000
4549,00000000,00000000,0,1,0,0,0000003c,1,0,00000000
4551,00000000,00000000,0,1,0,0,0000003c,0,1,00000000
4552,00000000,00000000,0,1,0,0,0000003c,1,0,00000000
4554,00000000,00000000,0,1,0,0,0000003c,0,1,00000000
4555,00000000,00000000,0,1,0,0,0000003c,1,0,00000000
4557,00000000,00000000,0,1,0,0,0000003c,0,1,00000000
4558,00000000,00000000,0,1,0,0,0000003c,1,0,00000000
4560,00000000,00000000,0,1,0,0,0000003c,0,1,00000000
4561,00000000,00000000,0,1,0,0,0000003c,1,0,00000000
4563,00000000,00000000,0,1,0,0,0000003c,0,1,00000000
4564,00000000,00000000,0,1,0,0,0000003c,1,0,00000000
4566,00000000,00000000,0,1,0,0,0000003c,0,1,00000000
4567,00000000,00000000,0,1,0,0,0000003c,1,0,00000000
4569,00000000,00000000,0,1,0,0,0000003c,0,1,00000000
4570,00000000,00000000,0,1,0,0,0000003c,1,0,00000000
4572,00000000,00000000,0,1,0,0,0000003c,0,1,00000000
4573,00000000,00000000,0,1,0,0,0000003c,1,0,00000000
4575,00000000,00000000,0,1,0,0,0000003c,0,1,00000000
4576,00000000,00000000,0,1,0,0,0000003c,1,0,00000000
4578,00000000,00000000,0,1,0,0,0000003c,0,1,00000000
4579,00000000,00000000,0,1,0,0,0000003c,1,0,00000000
4581,00000000,00000000,0,1,0,0,0000003c,0,1,00000000
4582,00000000,00000000,0,1,0,0,0000003c,1,0,00000000
4584,00000000,00000000,0,1,0,0,0000003c,0,1,00000000
4585,00000000,00000000,0,1,0,0,0000003c,1,0,00000000
4587,00000000,00000000,0,1,0,0,0000003c,0,1,00000000
4588,00000000,00000000,0,1,0,0,0000003c,1,0,00000000
4590,00000000,00000000,0,1,0,0,0000003c,0,1,00000000
4591,00000000,00000000,0,1,0,0,0000003c,1,0,00000000
4593,00000000,00000000,0,1,0,0,0000003c,0,1,00000000
4594,00000000,00000000,0,1,0,0,0000003c,1,0,00000000
4596,00000000,00000000,0,1,0,0,0000003c,0,1,00000000
4597,00000000,00000000,0,1,0,0,0000003c,1,0,00000000
4599,00000000,00000000,0,1,0,0,0000003c,0,1,00000000
4600,00000000,00000000,0,1,0,0,0000003c,1,0,00000000
4602,00000000,00000000,0,1,0,0,0000003c,0,1,00000000
4603,00000000,00000000,0,1,0,0,0000003c,1,0,00000000
4605,00000000,00000000,0,1,0,0,0000003c,0,1,00000000
4606,00000000,00000000,0,1,0,0,0000003c,1,0,00000000
4608,00000000,00000000,0,1,0,0,0000003c,0,1,00000000
4609,00000000,00000000,0,1,0,0,0000003c,1,0,00000000
4611,00000000,00000000,0,1,0,0,0000003c,0,1,00000000
4612,00000000,00000000,0,1,0,0,0000003c,1,0,00000000
4614,00000000,00000000,0,1,0,0,0000003c,0,1,00000000
4615,00000000,00000000,0,1,0,0,0000003c,1,0,00000000
4617,00000000,00000000,0,1,0,0,0000003c,0,1,00000000
4618,00000000,00000000,0,1,0,0,0000003c,1,0,00000000
4620,00000000,00000000,0,1,0,0,0000003c,0,1,00000000
4621,00000000,00000000,0,1,0,0,0000003c,1,0,00000000
4623,00000000,00000000,0,1,0,0,0000003c,0,1,00000000
4624,00000000,00000000,0,1,0,0,0000003c,1,0,00000000
4626,00000000,00000000,0,1,0,0,0000003c,0,1,00000000
4627,00000000,00000000,0,1,0,0,0000003c,1,0,00000000
4629,00000000,00000000,0,1,0,0,0000003c,0,1,00000000
4643,00000000,00000000,0,1,0,0,0000003c,1,0,00000000
4645,00000000,00000000,0,1,0,0,0000003c,0,1,00000000
4646,00000000,00000000,0,1,0,0,0000003c,1,0,00000000
4648,00000000,00000000,0,1,0,0,0000003c,0,1,00000000
4649,00000000,00000000,0,1,0,0,0000003c,1,0,00000000
4651,00000000,00000000,0,1,0,0,0000003c,0,1,00000000
4652,00000000,00000000,0,1,0,0,0000003c,1,0,00000000
4654,00000000,00000000,0,1,0,0,0000003c,0,1,00000000
4655,00000000,00000000,0,1,0,0,0000003c,1,0,00000000
4657,00000000,00000000,0,1,0,0,0000003c,0,1,00000000
4658,00000000,00000000,0,1,0,0,0000003c,1,0,00000000
4660,00000000,00000000,0,1,0,0,0000003c,0,1,00000000
4661,00000000,00000000,0,1,0,0,0000003c,1,0,00000000
4663,00000000,00000000,0,1,0,0,0000003c,0,1,00000000
4664,00000000,00000000,0,1,0,0,0000003c,1,0,00000000
4666,00000000,00000000,0,1,0,0,0000003c,0,1,00000000
4667,00000000,00000000,0,1,0,0,0000003c,1,0,00000000
4669,00000000,00000000,0,1,0,0,0000003c,0,1,00000000
4670,00000000,00000000,0,1,0,0,0000003c,1,0,00000000
4672,00000000,00000000,0,1,0,0,0000003c,0,1,00000000
4673,00000000,00000000,0,1,0,0,0000003c,1,0,00000000
4675,00000000,00000000,0,1,0,0,0000003c,0,1,00000000
4676,00000000,00000000,0,1,0,0,0000003c,1,0,00000000
4678,00000000,00000000,0,1,0,0,0000003c,0,1,00000000
4679,00000000,00000000,0,1,0,0,0000003c,1,0,00000000
4681,00000000,00000000,0,1,0,0,0000003c,0,1,00000000
4682,00000000,00000000,0,1,0,0,0000003c,1,0,00000000
4684,00000000,00000000,0,1,0,0,0000003c,0,1,00000000
4685,00000000,00000000,0,1,0,0,0000003c,1,0,00000000
4687,00000000,00000000,0,1,0,0,0000003c,0,1,00000000
4688,00000000,00000000,0,1,0,0,0000003c,1,0,00000000
4690,00000000,00000000,0,1,0,0,0000003c,0,1,00000000
4691,00000000,00000000,0,1,0,0,0000003c,1,0,00000000
4693,00000000,00000000,0,1,0,0,0000003c,0,1,00000000
4694,00000000,00000000,0,1,0,0,0000003c,1,0,00000000
4696,00000000,00000000,0,1,0,0,0000003c,0,1,00000000
4697,00000000,00000000,0,1,0,0,0000003c,1,0,00000000
4699,00000000,00000000,0,1,0,0,0000003c,0,1,00000000
4700,00000000,00000000,0,1,0,0,0000003c,1,0,00000000
4702,00000000,00000000,0,1,0,0,0000003c,0,1,00000000
4703,00000000,00000000,0,1,0,0,0000003c,1,0,00000000
4705,00000000,00000000,0,1,0,0,0000003c,0,1,00000000
4706,00000000,00000000,0,1,0,0,0000003c,1,0,00000000
4708,00000000,00000000,0,1,0,0,0000003c,0,1,00000000
4709,00000000,00000000,0,1,0,0,0000003c,1,0,00000000
4711,00000000,00000000,0,1,0,0,0000003c,0,1,00000000
4712,00000000,00000000,0,1,0,0,0000003c,1,0,00000000
4714,00000000,00000000,0,1,0,0,0000003c,0,1,00000000
4715,00000000,00000000,0,1,0,0,0000003c,1,0,00000000
4717,00000000,00000000,0,1,0,0,0000003c,0,1,00000000
4718,00000000,00000000,0,1,0,0,0000003c,1,0,00000000
4720,00000000,00000000,0,1,0,0,0000003c,0,1,00000000
4721,00000000,00000000,0,1,0,0,0000003c,1,0,00000000
4723,00000000,00000000,0,1,0,0,0000003c,0,1,00000000
4724,00000000,00000000,0,1,0,0,0000003c,1,0,00000000
4726,00000000,00000000,0,1,0,0,0000003c,0,1,00000000
4727,00000000,00000000,0,1,0,0,0000003c,1,0,00000000
4729,00000000,00000000,0,1,0,0,0000003c,0,1,00000000
4730,00000000,00000000,0,1,0,0,0000003c,1,0,00000000
4732,00000000,00000000,0,1,0,0,0000003c,0,1,00000000
4733,00000000,00000000,0,1,0,0,0000003c,1,0,00000000
4735,00000000,00000000,0,1,0,0,0000003c,0,1,00000000
4736,00000000,00000000,0,1,0,0,0000003c,1,0,00000000
4738,00000000,00000000,0,1,0,0,0000003c,0,1,00000000
4739,00000000,00000000,0,1,0,0,0000003c,1,0,00000000
4741,00000000,00000000,0,1,0,0,0000003c,0,1,00000000
4742,00000000,00000000,0,1,0,0,0000003c,1,0,00000000
4744,00000000,00000000,0,1,0,0,0000003c,0,1,00000000
4745,00000000,00000000,0,1,0,0,0000003c,1,0,00000000
4747,00000000,00000000,0,1,0,0,0000003c,0,1,00000000
4748,00000000,00000000,0,1,0,0,0000003c,1,0,00000000
4750,00000000,00000000,0,1,0,0,0000003c,0,1,00000000
4751,00000000,00000000,0,1,0,0,0000003c,1,0,00000000
4753,00000000,00000000,0,1,0,0,0000003c,0,1,00000000
4754,00000000,00000000,0,1,0,0,0000003c,1,0,00000000
4756,00000000,00000000,0,1,0,0,0000003c,0,1,00000000
4757,00000000,00000000,0,1,0,0,0000003c,1,0,00000000
4759,00000000,00000000,0,1,0,0,0000003c,0,1,00000000
4760,00000000,00000000,0,1,0,0,0000003c,1,0,00000000
4762,00000000,00000000,0,1,0,0,0000003c,0,1,00000000
4763,00000000,00000000,0,1,0,0,0000003c,1,0,00000000
4765,00000000,00000000,0,1,0,0,0000003c,0,1,00000000
4766,00000000,00000000,0,1,0,0,0000003c,1,0,00000000
4768,00000000,00000000,0,1,0,0,0000003c,0,1,00000000
4769,00000000,00000000,0,1,0,0,0000003c,1,0,00000000
4771,00000000,00000000,0,1,0,0,0000003c,0,1,00000000
4772,00000000,00000000,0,1,0,0,0000003c,1,0,00000000
4774,00000000,00000000,0,1,0,0,0000003c,0,1,00000000
4775,00000000,00000000,0,1,0,0,0000003c,1,0,00000000
4777,00000000,00000000,0,1,0,0,0000003c,0,1,00000000
4778,00000000,00000000,0,1,0,0,0000003c,1,0,00000000
4780,00000000,00000000,0,1,0,0,0000003c,0,1,00000000
4781,00000000,00000000,0,1,0,0,0000003c,1,0,00000000
4783,00000000,00000000,0,1,0,0,0000003c,0,1,00000000
4784,00000000,00000000,0,1,0,0,0000003c,1,0,00000000
4786,00000000,00000000,0,1,0,0,0000003c,0,1,00000000
4787,00000000,00000000,0,1,0,0,0000003c,1,0,00000000
4789,00000000,00000000,0,1,0,0,0000003c,0,1,00000000
4790,00000000,00000000,0,1,0,0,0000003c,1,0,00000000
4792,00000000,00000000,0,1,0,0,0000003c,0,1,00000000
4793,00000000,00000000,0,1,0,0,0000003c,1,0,00000000
4795,00000000,00000000,0,1,0,0,0000003c,0,1,00000000
4796,00000000,00000000,0,1,0,0,0000003c,1,0,00000000
4798,00000000,00000000,0,1,0,0,0000003c,0,1,00000000
4799,00000000,00000000,0,1,0,0,0000003c,1,0,00000000
4801,00000000,00000000,0,1,0,0,0000003c,0,1,00000000
4802,00000000,00000000,0,1,0,0,0000003c,1,0,00000000
4804,00000000,00000000,0,1,0,0,0000003c,0,1,00000000
4805,00000000,00000000,0,1,0,0,0000003c,1,0,00000000
4807,00000000,00000000,0,1,0,0,0000003c,0,1,00000000
4808,00000000,00000000,0,1,0,0,0000003c,1,0,00000000
4810,00000000,00000000,0,1,0,0,0000003c,0,1,00000000
4811,00000000,00000000,0,1,0,0,0000003c,1,0,00000000
4813,00000000,00000000,0,1,0,0,0000003c,0,1,00000000
4814,00000000,00000000,0,1,0,0,0000003c,1,0,00000000
4816,00000000,00000000,0,1,0,0,0000003c,0,1,00000000
4817,00000000,00000000,0,1,0,0,0000003c,1,0,00000000
4819,00000000,00000000,0,1,0,0,0000003c,0,1,00000000
4820,00000000,00000000,0,1,0,0,0000003c,1,0,00000000
4822,00000000,00000000,0,1,0,0,0000003c,0,1,00000000
4823,00000000,00000000,0,1,0,0,0000003c,1,0,00000000
4825,00000000,00000000,0,1,0,0,0000003c,0,1,00000000
4826,00000000,00000000,0,1,0,0,0000003c,1,0,00000000
4828,00000000,00000000,0,1,0,0,0000003c,0,1,00000000
4829,00000000,00000000,0,1,0,0,0000003c,1,0,00000000
4831,00000000,00000000,0,1,0,0,0000003c,0,1,00000000
4832,00000000,00000000,0,1,0,0,0000003c,1,0,00000000
4834,00000000,00000000,0,1,0,0,0000003c,0,1,00000000
4835,00000000,00000000,0,1,0,0,0000003c,1,0,00000000
4837,00000000,00000000,0,1,0,0,0000003c,0,1,00000000
4838,00000000,00000000,0,1,0,0,0000003c,1,0,00000000
4840,00000000,00000000,0,1,0,0,0000003c,0,1,00000000
4841,00000000,00000000,0,1,0,0,0000003c,1,0,00000000
4843,00000000,00000000,0,1,0,0,0000003c,0,1,00000000
4844,00000000,00000000,0,1,0,0,0000003c,1,0,00000000
4846,00000000,00000000,0,1,0,0,0000003c,0,1,00000000
4847,00000000,00000000,0,1,0,0,0000003c,1,0,00000000
4849,00000000,00000000,0,1,0,0,0000003c,0,1,00000000
4850,00000000,00000000,0,1,0,0,0000003c,1,0,00000000
4852,00000000,00000000,0,1,0,0,0000003c,0,1,00000000
4853,00000000,00000000,0,1,0,0,0000003c,1,0,00000000
4855,00000000,00000000,0,1,0,0,0000003c,0,1,00000000
4856,00000000,00000000,0,1,0,0,0000003c,1,0,00000000
4858,00000000,00000000,0,1,0,0,0000003c,0,1,00000000
4859,00000000,00000000,0,1,0,0,0000003c,1,0,00000000
4861,00000000,00000000,0,1,0,0,0000003c,0,1,00000000
4862,00000000,00000000,0,1,0,0,0000003c,1,0,00000000
4864,00000000,00000000,0,1,0,0,0000003c,0,1,00000000
4865,00000000,00000000,0,1,0,0,0000003c,1,0,00000000
4867,00000000,00000000,0,1,0,0,0000003c,0,1,00000000
4868,00000000,00000000,0,1,0,0,0000003c,1,0,00000000
4870,00000000,00000000,0,1,0,0,0000003c,0,1,00000000
4871,00000000,00000000,0,1,0,0,0000003c,1,0,00000000
4873,00000000,00000000,0,1,0,0,0000003c,0,1,00000000
4874,00000000,00000000,0,1,0,0,0000003c,1,0,00000000
4876,00000000,00000000,0,1,0,0,0000003c,0,1,00000000
4877,00000000,00000000,0,1,0,0,0000003c,1,0,00000000
4879,00000000,00000000,0,1,0,0,0000003c,0,1,00000000
4880,00000000,00000000,0,1,0,0,0000003c,1,0,00000000
4882,00000000,00000000,0,1,0,0,0000003c,0,1,00000000
4883,00000000,00000000,0,1,0,0,0000003c,1,0,00000000
4885,00000000,00000000,0,1,0,0,0000003c,0,1,00000000
4899,00000000,00000000,0,1,0,0,0000003c,1,0,00000000
4901,00000000,00000000,0,1,0,0,0000003c,0,1,00000000
4902,00000000,00000000,0,1,0,0,0000003c,1,0,00000000
4904,00000000,00000000,0,1,0,0,0000003c,0,1,00000000
4905,00000000,00000000,0,1,0,0,0000003c,1,0,00000000
4907,00000000,00000000,0,1,0,0,0000003c,0,1,00000000
4908,00000000,00000000,0,1,0,0,0000003c,1,0,00000000
4910,00000000,00000000,0,1,0,0,0000003c,0,1,00000000
4911,00000000,00000000,0,1,0,0,0000003c,1,0,00000000
4913,00000000,00000000,0,1,0,0,0000003c,0,1,00000000
4914,00000000,00000000,0,1,0,0,0000003c,1,0,00000000
4916,00000000,00000000,0,1,0,0,0000003c,0,1,00000000
4917,00000000,00000000,0,1,0,0,0000003c,1,0,00000000
4919,00000000,00000000,0,1,0,0,0000003c,0,1,00000000
4920,00000000,00000000,0,1,0,0,0000003c,1,0,00000000
4922,00000000,00000000,0,1,0,0,0000003c,0,1,00000000
4923,00000000,00000000,0,1,0,0,0000003c,1,0,00000000
4925,00000000,00000000,0,1,0,0,0000003c,0,1,00000000
4926,00000000,00000000,0,1,0,0,0000003c,1,0,00000000
4928,00000000,00000000,0,1,0,0,0000003c,0,1,00000000
4929,00000000,00000000,0,1,0,0,0000003c,1,0,00000000
4931,00000000,00000000,0,1,0,0,0000003c,0,1,00000000
4932,00000000,00000000,0,1,0,0,0000003c,1,0,00000000
4934,00000000,00000000,0,1,0,0,0000003c,0,1,00000000
4935,00000000,00000000,0,1,0,0,0000003c,1,0,00000000
4937,00000000,00000000,0,1,0,0,0000003c,0,1,00000000
4938,00000000,00000000,0,1,0,0,0000003c,1,0,00000000
4940,00000000,00000000,0,1,0,0,0000003c,0,1,00000000
4941,00000000,00000000,0,1,0,0,0000003c,1,0,00000000
4943,00000000,00000000,0,1,0,0,0000003c,0,1,00000000
4944,00000000,00000000,0,1,0,0,0000003c,1,0,00000000
4946,00000000,00000000,0,1,0,0,0000003c,0,1,00000000
4947,00000000,00000000,0,1,0,0,0000003c,1,0,00000000
4949,00000000,00000000,0,1,0,0,0000003c,0,1,00000000
4950,00000000,00000000,0,1,0,0,0000003c,1,0,00000000
4952,00000000,00000000,0,1,0,0,0000003c,0,1,00000000
4953,00000000,00000000,0,1,0,0,0000003c,1,0,00000000
4955,00000000,00000000,0,1,0,0,0000003c,0,1,00000000
4956,00000000,00000000,0,1,0,0,0000003c,1,0,00000000
4958,00000000,00000000,0,1,0,0,0000003c,0,1,00000000
4959,00000000,00000000,0,1,0,0,0000003c,1,0,00000000
4961,00000000,00000000,0,1,0,0,0000003c,0,1,00000000
4962,00000000,00000000,0,1,0,0,0000003c,1,0,00000000
4964,00000000,00000000,0,1,0,0,0000003c,0,1,00000000
4965,00000000,00000000,0,1,0,0,0000003c,1,0,00000000
4967,00000000,00000000,0,1,0,0,0000003c,0,1,00000000
4968,00000000,00000000,0,1,0,0,0000003c,1,0,00000000
4970,00000000,00000000,0,1,0,0,0000003c,0,1,00000000
4971,00000000,00000000,0,1,0,0,0000003c,1,0,00000000
4973,00000000,00000000,0,1,0,0,0000003c,0,1,00000000
4974,00000000,00000000,0,1,0,0,0000003c,1,0,00000000
4976,00000000,00000000,0,1,0,0,0000003c,0,1,00000000
4977,00000000,00000000,0,1,0,0,0000003c,1,0,00000000
4979,00000000,00000000,0,1,0,0,0000003c,0,1,00000000
4980,00000000,00000000,0,1,0,0,0000003c,1,0,00000000
4982,00000000,00000000,0,1,0,0,0000003c,0,1,00000000
4983,00000000,00000000,0,1,0,0,0000003c,1,0,00000000
4985,00000000,00000000,0,1,0,0,0000003c,0,1,00000000
4986,00000000,00000000,0,1,0,0,0000003c,1,0,00000000
4988,00000000,00000000,0,1,0,0,0000003c,0,1,00000000
4989,00000000,00000000,0,1,0,0,0000003c,1,0,00000000
4991,00000000,00000000,0,1,0,0,0000003c,0,1,00000000
4992,00000000,00000000,0,1,0,0,0000003c,1,0,00000000
4994,00000000,00000000,0,1,0,0,0000003c,0,1,00000000
4995,00000000,00000000,0,1,0,0,0000003c,1,0,00000000
4997,00000000,00000000,0,1,0,0,0000003c,0,1,00000000
4998,00000000,00000000,0,1,0,0,0000003c,1,0,00000000
5000,00000000,00000000,0,1,0,0,0000003c,0,1,00000000
5001,00000000,00000000,0,1,0,0,0000003c,1,0,00000000
5003,00000000,00000000,0,1,0,0,0000003c,0,1,00000000
5004,00000000,00000000,0,1,0,0,0000003c,1,0,00000000
5006,00000000,00000000,0,1,0,0,0000003c,0,1,00000000
5007,00000000,00000000,0,1,0,0,0000003c,1,0,00000000
5009,00000000,00000000,0,1,0,0,0000003c,0,1,00000000
5010,00000000,00000000,0,1,0,0,0000003c,1,0,00000000
5012,00000000,00000000,0,1,0,0,0000003c,0,1,00000000
5013,00000000,00000000,0,1,0,0,0000003c,1,0,00000000
5015,00000000,00000000,0,1,0,0,0000003c,0,1,00000000
5016,00000000,00000000,0,1,0,0,0000003c,1,0,00000000
5018,00000000,00000000,0,1,0,0,0000003c,0,1,00000000
5019,00000000,00000000,0,1,0,0,0000003c,1,0,00000000
5021,00000000,00000000,0,1,0,0,0000003c,0,1,00000000
5022,00000000,00000000,0,1,0,0,0000003c,1,0,00000000
5024,00000000,00000000,0,1,0,0,0000003c,0,1,00000000
5025,00000000,00000000,0,1,0,0,0000003c,1,0,00000000
5027,00000000,00000000,0,1,0,0,0000003c,0,1,00000000
5028,00000000,00000000,0,1,0,0,0000003c,1,0,00000000
5030,00000000,00000000,0,1,0,0,0000003c,0,1,00000000
5031,00000000,00000000,0,1,0,0,0000003c,1,0,00000000
5033,00000000,00000000,0,1,0,0,0000003c,0,1,00000000
5034,00000000,00000000,0,1,0,0,0000003c,1,0,00000000
5036,00000000,00000000,0,1,0,0,0000003c,0,1,00000000
5037,00000000,00000000,0,1,0,0,0000003c,1,0,00000000
5039,00000000,00000000,0,1,0,0,0000003c,0,1,00000000
5040,00000000,00000000,0,1,0,0,0000003c,1,0,00000000
5042,00000000,00000000,0,1,0,0,0000003c,0,1,00000000
5043,00000000,00000000,0,1,0,0,0000003c,1,0,00000000
5045,00000000,00000000,0,1,0,0,0000003c,0,1,00000000
5046,00000000,00000000,0,1,0,0,0000003c,1,0,00000000
5048,00000000,00000000,0,1,0,0,0000003c,0,1,00000000
5049,00000000,00000000,0,1,0,0,0000003c,1,0,00000000
5051,00000000,00000000,0,1,0,0,0000003c,0,1,00000000
5052,00000000,00000000,0,1,0,0,0000003c,1,0,00000000
5054,00000000,00000000,0,1,0,0,0000003c,0,1,00000000
5055,00000000,00000000,0,1,0,0,0000003c,1,0,00000000
5057,00000000,00000000,0,1,0,0,0000003c,0,1,00000000
5058,00000000,00000000,0,1,0,0,0000003c,1,0,00000000
5060,00000000,00000000,0,1,0,0,0000003c,0,1,00000000
5061,00000000,00000000,0,1,0,0,0000003c,1,0,00000000
5063,00000000,00000000,0,1,0,0,0000003c,0,1,00000000
5064,00000000,00000000,0,1,0,0,0000003c,1,0,00000000
5066,00000000,00000000,0,1,0,0,0000003c,0,1,00000000
5067,00000000,00000000,0,1,0,0,0000003c,1,0,00000000
5069,00000000,00000000,0,1,0,0,0000003c,0,1,00000000
5070,00000000,00000000,0,1,0,0,0000003c,1,0,00000000
5072,00000000,00000000,0,1,0,0,0000003c,0,1,00000000
5073,00000000,00000000,0,1,0,0,0000003c,1,0,00000000
5075,00000000,00000000,0,1,0,0,0000003c,0,1,00000000
5076,00000000,00000000,0,1,0,0,0000003c,1,0,00000000
5078,00000000,00000000,0,1,0,0,0000003c,0,1,00000000
5079,00000000,00000000,0,1,0,0,0000003c,1,0,00000000
5081,00000000,00000000,0,1,0,0,0000003c,0,1,00000000
5082,00000000,00000000,0,1,0,0,0000003c,1,0,00000000
5084,00000000,00000000,0,1,0,0,0000003c,0,1,00000000
5085,00000000,00000000,0,1,0,0,0000003c,1,0,00000000
5087,00000000,00000000,0,1,0,0,0000003c,0,1,00000000
5088,00000000,00000000,0,1,0,0,0000003c,1,0,00000000
5090,00000000,00000000,0,1,0,0,0000003c,0,1,00000000
5091,00000000,00000000,0,1,0,0,0000003c,1,0,00000000
5093,00000000,00000000,0,1,0,0,0000003c,0,1,00000000
5094,00000000,00000000,0,1,0,0,0000003c,1,0,00000000
5096,00000000,00000000,0,1,0,0,0000003c,0,1,00000000
5097,00000000,00000000,0,1,0,0,0000003c,1,0,00000000
5099,00000000,00000000,0,1,0,0,0000003c,0,1,00000000
5100,00000000,00000000,0,1,0,0,0000003c,1,0,00000000
5102,00000000,00000000,0,1,0,0,0000003c,0,1,00000000
5103,00000000,00000000,0,1,0,0,0000003c,1,0,00000000
5105,00000000,00000000,0,1,0,0,0000003c,0,1,00000000
5106,00000000,00000000,0,1,0,0,0000003c,1,0,00000000
5108,00000000,00000000,0,1,0,0,0000003c,0,1,00000000
5109,00000000,00000000,0,1,0,0,0000003c,1,0,00000000
5111,00000000,00000000,0,1,0,0,0000003c,0,1,00000000
5112,00000000,00000000,0,1,0,0,0000003c,1,0,00000000
5114,00000000,00000000,0,1,0,0,0000003c,0,1,00000000
5115,00000000,00000000,0,1,0,0,0000003c,1,0,00000000
5117,00000000,00000000,0,1,0,0,0000003c,0,1,00000000
5118,00000000,00000000,0,1,0,0,0000003c,1,0,00000000
5120,00000000,00000000,0,1,0,0,0000003c,0,1,00000000
5121,00000000,00000000,0,1,0,0,0000003c,1,0,00000000
5123,00000000,00000000,0,1,0,0,0000003c,0,1,00000000
5124,00000000,00000000,0,1,0,0,0000003c,1,0,00000000
5126,00000000,00000000,0,1,0,0,0000003c,0,1,00000000
5127,00000000,00000000,0,1,0,0,0000003c,1,0,00000000
5129,00000000,00000000,0,1,0,0,0000003c,0,1,00000000
5130,00000000,00000000,0,1,0,0,0000003c,1,0,00000000
5132,00000000,00000000,0,1,0,0,0000003c,0,1,00000000
5133,00000000,00000000,0,1,0,0,0000003c,1,0,00000000
5135,00000000,00000000,0,1,0,0,0000003c,0,1,00000000
5136,00000000,00000000,0,1,0,0,0000003c,1,0,00000000
5138,00000000,00000000,0,1,0,0,0000003c,0,1,00000000
5139,00000000,00000000,0,1,0,0,0000003c,1,0,00000000
5141,00000000,00000000,0,1,0,0,0000003c,0,1,00000000
5155,00000000,00000000,0,1,0,0,0000003c,1,0,00000000
5157,00000000,00000000,0,1,0,0,0000003c,0,1,00000000
5158,00000000,00000000,0,1,0,0,0000003c,1,0,00000000
5160,00000000,00000000,0,1,0,0,0000003c,0,1,00000000
5161,00000000,00000000,0,1,0,0,0000003c,1,0,00000000
5163,00000000,00000000,0,1,0,0,0000003c,0,1,00000000
5164,00000000,00000000,0,1,0,0,0000003c,1,0,00000000
5166,00000000,00000000,0,1,0,0,0000003c,0,1,00000000
5167,00000000,00000000,0,1,0,0,0000003c,1,0,00000000
5169,00000000,00000000,0,1,0,0,0000003c,0,1,00000000
5170,00000000,00000000,0,1,0,0,0000003c,1,0,00000000
5172,00000000,00000000,0,1,0,0,0000003c,0,1,00000000
5173,00000000,00000000,0,1,0,0,0000003c,1,0,00000000
5175,00000000,00000000,0,1,0,0,0000003c,0,1,00000000
5176,00000000,00000000,0,1,0,0,0000003c,1,0,00000000
5178,00000000,00000000,0,1,0,0,0000003c,0,1,00000000
5179,00000000,00000000,0,1,0,0,0000003c,1,0,00000000
5181,00000000,00000000,0,1,0,0,0000003c,0,1,00000000
5182,00000000,00000000,0,1,0,0,0000003c,1,0,00000000
5184,00000000,00000000,0,1,0,0,0000003c,0,1,00000000
5185,00000000,00000000,0,1,0,0,0000003c,1,0,00000000
5187,00000000,00000000,0,1,0,0,0000003c,0,1,00000000
5188,00000000,00000000,0,1,0,0,0000003c,1,0,00000000
5190,00000000,00000000,0,1,0,0,0000003c,0,1,00000000
5191,00000000,00000000,0,1,0,0,0000003c,1,0,00000000
5193,00000000,00000000,0,1,0,0,0000003c,0,1,00000000
5194,00000000,00000000,0,1,0,0,0000003c,1,0,00000000
5196,00000000,00000000,0,1,0,0,0000003c,0,1,00000000
5197,00000000,00000000,0,1,0,0,0000003c,1,0,00000000
5199,00000000,00000000,0,1,0,0,0000003c,0,1,00000000
5200,00000000,00000000,0,1,0,0,0000003c,1,0,00000000
5202,00000000,00000000,0,1,0,0,0000003c,0,1,00000000
5203,00000000,00000000,0,1,0,0,0000003c,1,0,00000000
5205,00000000,00000000,0,1,0,0,0000003c,0,1,00000000
5206,00000000,00000000,0,1,0,0,0000003c,1,0,00000000
5208,00000000,00000000,0,1,0,0,0000003c,0,1,00000000
5209,00000000,00000000,0,1,0,0,0000003c,1,0,00000000
5211,00000000,00000000,0,1,0,0,0000003c,0,1,00000000
5212,00000000,00000000,0,1,0,0,0000003c,1,0,00000000
5214,00000000,00000000,0,1,0,0,0000003c,0,1,00000000
5215,00000000,00000000,0,1,0,0,0000003c,1,0,00000000
5217,00000000,00000000,0,1,0,0,0000003c,0,1,00000000
5218,00000000,00000000,0,1,0,0,0000003c,1,0,00000000
5220,00000000,00000000,0,1,0,0,0000003c,0,1,00000000
5221,00000000,00000000,0,1,0,0,0000003c,1,0,00000000
5223,00000000,00000000,0,1,0,0,0000003c,0,1,00000000
5224,00000000,00000000,0,1,0,0,0000003c,1,0,00000000
5226,00000000,00000000,0,1,0,0,0000003c,0,1,00000000
5227,00000000,00000000,0,1,0,0,0000003c,1,0,00000000
5229,00000000,00000000,0,1,0,0,0000003c,0,1,00000000
5230,00000000,00000000,0,1,0,0,0000003c,1,0,00000000
5232,00000000,00000000,0,1,0,0,0000003c,0,1,00000000
5233,00000000,00000000,0,1,0,0,0000003c,1,0,00000000
5235,00000000,00000000,0,1,0,0,0000003c,0,1,00000000
5236,00000000,00000000,0,1,0,0,0000003c,1,0,00000000
5238,00000000,00000000,0,1,0,0,0000003c,0,1,00000000
5239,00000000,00000000,0,1,0,0,0000003c,1,0,00000000
5241,00000000,00000000,0,1,0,0,0000003c,0,1,00000000
5242,00000000,00000000,0,1,0,0,0000003c,1,0,00000000
5244,00000000,00000000,0,1,0,0,0000003c,0,1,00000000
5245,00000000,00000000,0,1,0,0,0000003c,1,0,00000000
5247,00000000,00000000,0,1,0,0,0000003c,0,1,00000000
5248,00000000,00000000,0,1,0,0,0000003c,1,0,00000000
5250,00000000,00000000,0,1,0,0,0000003c,0,1,00000000
5251,00000000,00000000,0,1,0,0,0000003c,1,0,00000000
5253,00000000,00000000,0,1,0,0,0000003c,0,1,00000000
5254,00000000,00000000,0,1,0,0,0000003c,1,0,00000000
5256,00000000,00000000,0,1,0,0,0000003c,0,1,00000000
5257,00000000,00000000,0,1,0,0,0000003c,1,0,00000000
5259,00000000,00000000,0,1,0,0,0000003c,0,1,00000000
5260,00000000,00000000,0,1,0,0,0000003c,1,0,00000000
5262,00000000,00000000,0,1,0,0,0000003c,0,1,00000000
5263,00000000,00000000,0,1,0,0,0000003c,1,0,00000000
5265,00000000,00000000,0,1,0,0,0000003c,0,1,00000000
5266,00000000,00000000,0,1,0,0,0000003c,1,0,00000000
5268,00000000,00000000,0,1,0,0,0000003c,0,1,00000000
5269,00000000,00000000,0,1,0,0,0000003c,1,0,00000000
5271,00000000,00000000,0,1,0,0,0000003c,0,1,00000000
5272,00000000,00000000,0,1,0,0,0000003c,1,0,00000000
5274,00000000,00000000,0,1,0,0,0000003c,0,1,00000000
5275,00000000,00000000,0,1,0,0,0000003c,1,0,00000000
5277,00000000,00000000,0,1,0,0,0000003c,0,1,00000000
5278,00000000,00000000,0,1,0,0,0000003c,1,0,00000000
5280,00000000,00000000,0,1,0,0,0000003c,0,1,00000000
5281,00000000,00000000,0,1,0,0,0000003c,1,0,00000000
5283,00000000,00000000,0,1,0,0,0000003c,0,1,00000000
5284,00000000,00000000,0,1,0,0,0000003c,1,0,00000000
5286,00000000,00000000,0,1,0,0,0000003c,0,1,00000000
5287,00000000,00000000,0,1,0,0,0000003c,1,0,00000000
5289,00000000,00000000,0,1,0,0,0000003c,0,1,00000000
5290,00000000,00000000,0,1,0,0,0000003c,1,0,00000000
5292,00000000,00000000,0,1,0,0,0000003c,0,1,00000000
5293,00000000,00000000,0,1,0,0,0000003c,1,0,00000000
5295,00000000,00000000,0,1,0,0,0000003c,0,1,00000000
5296,00000000,00000000,0,1,0,0,0000003c,1,0,00000000
5298,00000000,00000000,0,1,0,0,0000003c,0,1,00000000
5299,00000000,00000000,0,1,0,0,0000003c,1,0,00000000
5301,00000000,00000000,0,1,0,0,0000003c,0,1,00000000
5302,00000000,00000000,0,1,0,0,0000003c,1,0,00000000
5304,00000000,00000000,0,1,0,0,0000003c,0,1,00000000
5305,00000000,00000000,0,1,0,0,0000003c,1,0,00000000
5307,00000000,00000000,0,1,0,0,0000003c,0,1,00000000
5308,00000000,00000000,0,1,0,0,0000003c,1,0,00000000
5310,00000000,00000000,0,1,0,0,0000003c,0,1,00000000
5311,00000000,00000000,0,1,0,0,0000003c,1,0,00000000
5313,00000000,00000000,0,1,0,0,0000003c,0,1,00000000
5314,00000000,00000000,0,1,0,0,0000003c,1,0,00000000
5316,00000000,00000000,0,1,0,0,0000003c,0,1,00000000
5317,00000000,00000000,0,1,0,0,0000003c,1,0,00000000
5319,00000000,00000000,0,1,0,0,0000003c,0,1,00000000
5320,00000000,00000000,0,1,0,0,0000003c,1,0,00000000
5322,00000000,00000000,0,1,0,0,0000003c,0,1,00000000
5323,00000000,00000000,0,1,0,0,0000003c,1,0,00000000
5325,00000000,00000000,0,1,0,0,0000003c,0,1,00000000
5326,00000000,00000000,0,1,0,0,0000003c,1,0,00000000
5328,00000000,00000000,0,1,0,0,0000003c,0,1,00000000
5329,00000000,00000000,0,1,0,0,0000003c,1,0,00000000
5331,00000000,00000000,0,1,0,0,0000003c,0,1,00000000
5332,00000000,00000000,0,1,0,0,0000003c,1,0,00000000
5334,00000000,00000000,0,1,0,0,0000003c,0,1,00000000
5335,00000000,00000000,0,1,0,0,0000003c,1,0,00000000
5337,00000000,00000000,0,1,0,0,0000003c,0,1,00000000
5338,00000000,00000000,0,1,0,0,0000003c,1,0,00000000
5340,00000000,00000000,0,1,0,0,0000003c,0,1,00000000
5341,00000000,00000000,0,1,0,0,0000003c,1,0,00000000
5343,00000000,00000000,0,1,0,0,0000003c,0,1,00000000
5344,00000000,00000000,0,1,0,0,0000003c,1,0,00000000
5346,00000000,00000000,0,1,0,0,0000003c,0,1,00000000
5347,00000000,00000000,0,1,0,0,0000003c,1,0,00000000
5349,00000000,00000000,0,1,0,0,0000003c,0,1,00000000
5350,00000000,00000000,0,1,0,0,0000003c,1,0,00000000
5352,00000000,00000000,0,1,0,0,0000003c,0,1,00000000
5353,00000000,00000000,0,1,0,0,0000003c,1,0,00000000
5355,00000000,00000000,0,1,0,0,0000003c,0,1,00000000
5356,00000000,00000000,0,1,0,0,0000003c,1,0,00000000
5358,00000000,00000000,0,1,0,0,0000003c,0,1,00000000
5359,00000000,00000000,0,1,0,0,0000003c,1,0,00000000
5361,00000000,00000000,0,1,0,0,0000003c,0,1,00000000
5362,00000000,00000000,0,1,0,0,0000003c,1,0,00000000
5364,00000000,00000000,0,1,0,0,0000003c,0,1,00000000
5365,00000000,00000000,0,1,0,0,0000003c,1,0,00000000
5367,00000000,00000000,0,1,0,0,0000003c,0,1,00000000
5368,00000000,00000000,0,1,0,0,0000003c,1,0,00000000
5370,00000000,00000000,0,1,0,0,0000003c,0,1,00000000
5371,00000000,00000000,0,1,0,0,0000003c,1,0,00000000
5373,00000000,00000000,0,1,0,0,0000003c,0,1,00000000
5374,00000000,00000000,0,1,0,0,0000003c,1,0,00000000
5376,00000000,00000000,0,1,0,0,0000003c,0,1,00000000
5377,00000000,00000000,0,1,0,0,0000003c,1,0,00000000
5379,00000000,00000000,0,1,0,0,0000003c,0,1,00000000
5380,00000000,00000000,0,1,0,0,0000003c,1,0,00000000
5382,00000000,00000000,0,1,0,0,0000003c,0,1,00000000
5383,00000000,00000000,0,1,0,0,0000003c,1,0,00000000
5385,00000000,00000000,0,1,0,0,0000003c,0,1,00000000
5386,00000000,00000000,0,1,0,0,0000003c,1,0,00000000
5388,00000000,00000000,0,1,0,0,0000003c,0,1,00000000
5389,00000000,00000000,0,1,0,0,0000003c,1,0,00000000
5391,00000000,00000000,0,1,0,0,0000003c,0,1,00000000
5392,00000000,00000000,0,1,0,0,0000003c,1,0,00000000
5394,00000000,00000000,0,1,0,0,0000003c,0,1,00000000
5395,00000000,00000000,0,1,0,0,0000003c,1,0,00000000
5397,00000000,00000000,0,1,0,0,0000003c,0,1,00000000
5411,00000000,00000000,0,1,0,0,0000003c,1,0,00000000
5413,00000000,00000000,0,1,0,0,0000003c,0,1,00000000
5414,00000000,00000000,0,1,0,0,0000003c,1,0,00000000
5416,00000000,00000000,0,1,0,0,0000003c,0,1,00000000
5417,00000000,00000000,0,1,0,0,0000003c,1,0,00000000
5419,00000000,00000000,0,1,0,0,0000003c,0,1,00000000
5420,00000000,00000000,0,1,0,0,0000003c,1,0,00000000
5422,00000000,00000000,0,1,0,0,0000003c,0,1,00000000
5423,00000000,00000000,0,1,0,0,0000003c,1,0,00000000
5425,00000000,00000000,0,1,0,0,0000003c,0,1,00000000
5426,00000000,00000000,0,1,0,0,0000003c,1,0,00000000
5428,00000000,00000000,0,1,0,0,0000003c,0,1,00000000
5429,00000000,00000000,0,1,0,0,0000003c,1,0,00000000
5431,00000000,00000000,0,1,0,0,0000003c,0,1,00000000
5432,00000000,00000000,0,1,0,0,0000003c,1,0,00000000
5433,00000000,00000000,0,0,1,0,0000003c,0,0,00000000
5434,00000000,00000000,0,0,0,1,00000044,0,1,00000000
5435,00000000,00000000,0,0,0,0,00000044,1,0,00000000
5437,00000000,00000000,0,0,0,0,00000044,0,1,00000000
5438,00000000,00000000,0,0,0,0,00000044,1,0,00000000
5440,00000000,00000000,0,0,0,0,00000044,0,1,00000000
5441,00000000,00000000,0,0,0,0,00000044,1,0,00000000
5443,00000000,00000000,0,0,0,0,00000044,0,1,00000000
5444,00000000,00000000,0,0,0,0,00000044,1,0,00000000
5446,00000000,00000000,0,0,0,0,00000044,0,1,00000000
5447,00000000,00000000,0,0,0,0,00000044,1,0,00000000
5449,00000000,00000000,0,0,0,0,00000044,0,1,00000000
5450,00000000,00000000,0,0,0,0,00000044,1,0,00000000
5452,00000000,00000000,0,0,0,0,00000044,0,1,00000000
5453,00000000,00000000,0,0,0,0,00000044,1,0,00000000
5455,00000000,00000000,0,0,0,0,00000044,0,1,00000000
5456,00000000,00000000,0,0,0,0,00000044,1,0,00000000
5458,00000000,00000000,0,0,0,0,00000044,0,1,00000000
5459,00000000,00000000,0,0,0,0,00000044,1,0,00000000
5461,00000000,00000000,0,0,0,0,00000044,0,1,00000000
5462,00000000,00000000,0,0,0,0,00000044,1,0,00000000
5464,00000000,00000000,0,0,0,0,00000044,0,1,00000000
5465,00000000,00000000,0,0,0,0,00000044,1,0,00000000
5467,00000000,00000000,0,0,0,0,00000044,0,1,00000000
5468,00000000,00000000,0,0,0,0,00000044,1,0,00000000
5470,00000000,00000000,0,0,0,0,00000044,0,1,00000000
5471,00000000,00000000,0,0,0,0,00000044,1,0,00000000
5473,00000000,00000000,0,0,0,0,00000044,0,1,00000000
5474,00000000,00000000,0,0,0,0,00000044,1,0,00000000
5476,00000000,00000000,0,0,0,0,00000044,0,1,00000000
5477,00000000,00000000,0,0,0,0,00000044,1,0,00000000
5479,00000000,00000000,0,0,0,0,00000044,0,1,00000000
5480,00000000,00000000,0,0,0,0,00000044,1,0,00000000
5482,00000000,00000000,0,0,0,0,00000044,0,1,00000000
5483,00000000,00000000,0,0,0,0,00000044,1,0,00000000
5485,00000000,00000000,0,0,0,0,00000044,0,1,00000000
5486,00000000,00000000,0,0,0,0,00000044,1,0,00000000
5488,00000000,00000000,0,0,0,0,00000044,0,1,00000000
5489,00000000,00000000,0,0,0,0,00000044,1,0,00000000
5491,00000000,00000000,0,0,0,0,00000044,0,1,00000000
5492,00000000,00000000,0,0,0,0,00000044,1,0,00000000
5494,00000000,00000000,0,0,0,0,00000044,0,1,00000000
5495,00000000,00000000,0,0,0,0,00000044,1,0,00000000
5497,00000000,00000000,0,0,0,0,00000044,0,1,00000000
5498,00000000,00000000,0,0,0,0,00000044,1,0,00000000
5500,00000000,00000000,0,0,0,0,00000044,0,1,00000000
5501,00000000,00000000,0,0,0,0,00000044,1,0,00000000
5503,00000000,00000000,0,0,0,0,00000044,0,1,00000000
5504,00000000,00000000,0,0,0,0,00000044,1,0,00000000
5506,00000000,00000000,0,0,0,0,00000044,0,1,00000000
5507,00000000,00000000,0,0,0,0,00000044,1,0,00000000
5509,00000000,00000000,0,0,0,0,00000044,0,1,00000000
5510,00000000,00000000,0,0,0,0,00000044,1,0,00000000
5512,00000000,00000000,0,0,0,0,00000044,0,1,00000000
5513,00000000,00000000,0,0,0,0,00000044,1,0,00000000
5515,00000000,00000000,0,0,0,0,00000044,0,1,00000000
5516,00000000,00000000,0,0,0,0,00000044,1,0,00000000
5518,00000000,00000000,0,0,0,0,00000044,0,1,00000000
5519,00000000,00000000,0,0,0,0,00000044,1,0,00000000
5521,00000000,00000000,0,0,0,0,00000044,0,1,00000000
5522,00000000,00000000,0,0,0,0,00000044,1,0,00000000
5524,00000000,00000000,0,0,0,0,00000044,0,1,00000000
5525,00000000,00000000,0,0,0,0,00000044,1,0,00000000
5527,00000000,00000000,0,0,0,0,00000044,0,1,00000000
5528,00000000,00000000,0,0,0,0,00000044,1,0,00000000
5530,00000000,00000000,0,0,0,0,00000044,0,1,00000000
5531,00000000,00000000,0,0,0,0,00000044,1,0,00000000
5533,00000000,00000000,0,0,0,0,00000044,0,1,00000000
5534,00000000,00000000,0,0,0,0,00000044,1,0,00000000
5536,00000000,00000000,0,0,0,0,00000044,0,1,00000000
5537,00000000,00000000,0,0,0,0,00000044,1,0,00000000
5539,00000000,00000000,0,0,0,0,00000044,0,1,00000000
5540,00000000,00000000,0,0,0,0,00000044,1,0,00000000
5542,00000000,00000000,0,0,0,0,00000044,0,1,00000000
5543,00000000,00000000,0,0,0,0,00000044,1,0,00000000
5545,00000000,00000000,0,0,0,0,00000044,0,1,00000000
5546,00000000,00000000,0,0,0,0,00000044,1,0,00000000
5548,00000000,00000000,0,0,0,0,00000044,0,1,00000000
5549,00000000,00000000,0,0,0,0,00000044,1,0,00000000
5551,00000000,00000000,0,0,0,0,00000044,0,1,00000000
5552,00000000,00000000,0,0,0,0,00000044,1,0,00000000
5554,00000000,00000000,0,0,0,0,00000044,0,1,00000000
5555,00000000,00000000,0,0,0,0,00000044,1,0,00000000
5557,00000000,00000000,0,0,0,0,00000044,0,1,00000000
5558,00000000,00000000,0,0,0,0,00000044,1,0,00000000
5560,00000000,00000000,0,0,0,0,00000044,0,1,00000000
5561,00000000,00000000,0,0,0,0,00000044,1,0,00000000
5563,00000000,00000000,0,0,0,0,00000044,0,1,00000000
5564,00000000,00000000,0,0,0,0,00000044,1,0,00000000
5566,00000000,00000000,0,0,0,0,00000044,0,1,00000000
5567,00000000,00000000,0,0,0,0,00000044,1,0,00000000
5569,00000000,00000000,0,0,0,0,00000044,0,1,00000000
5570,00000000,00000000,0,0,0,0,00000044,1,0,00000000
5572,00000000,00000000,0,0,0,0,00000044,0,1,00000000
5573,00000000,00000000,0,0,0,0,00000044,1,0,00000000
5575,00000000,00000000,0,0,0,0,00000044,0,1,00000000
5576,00000000,00000000,0,0,0,0,00000044,1,0,00000000
5578,00000000,00000000,0,0,0,0,00000044,0,1,00000000
5579,00000000,00000000,0,0,0,0,00000044,1,0,00000000
5581,00000000,00000000,0,0,0,0,00000044,0,1,00000000
5582,00000000,00000000,0,0,0,0,00000044,1,0,00000000
5584,00000000,00000000,0,0,0,0,00000044,0,1,00000000
5585,00000000,00000000,0,0,0,0,00000044,1,0,00000000
5587,00000000,00000000,0,0,0,0,00000044,0,1,00000000
5588,00000000,00000000,0,0,0,0,00000044,1,0,00000000
5590,00000000,00000000,0,0,0,0,00000044,0,1,00000000
5591,00000000,00000000,0,0,0,0,00000044,1,0,00000000
5593,00000000,00000000,0,0,0,0,00000044,0,1,00000000
5594,00000000,00000000,0,0,0,0,00000044,1,0,00000000
5596,00000000,00000000,0,0,0,0,00000044,0,1,00000000
5597,00000000,00000000,0,0,0,0,00000044,1,0,00000000
5599,00000000,00000000,0,0,0,0,00000044,0,1,00000000
5600,00000000,00000000,0,0,0,0,00000044,1,0,00000000
5602,00000000,00000000,0,0,0,0,00000044,0,1,00000000
5603,00000000,00000000,0,0,0,0,00000044,1,0,00000000
5605,00000000,00000000,0,0,0,0,00000044,0,1,00000000
5606,00000000,00000000,0,0,0,0,00000044,1,0,00000000
5608,00000000,00000000,0,0,0,0,00000044,0,1,00000000
5609,00000000,00000000,0,0,0,0,00000044,1,0,00000000
5611,00000000,00000000,0,0,0,0,00000044,0,1,00000000
5612,00000000,00000000,0,0,0,0,00000044,1,0,00000000
5614,00000000,00000000,0,0,0,0,00000044,0,1,00000000
5615,00000000,00000000,0,0,0,0,00000044,1,0,00000000
5617,00000000,00000000,0,0,0,0,00000044,0,1,00000000
5618,00000000,00000000,0,0,0,0,00000044,1,0,00000000
5620,00000000,00000000,0,0,0,0,00000044,0,1,00000000
5621,00000000,00000000,0,0,0,0,00000044,1,0,00000000
5623,00000000,00000000,0,0,0,0,00000044,0,1,00000000
5624,00000000,00000000,0,0,0,0,00000044,1,0,00000000
5626,00000000,00000000,0,0,0,0,00000044,0,1,00000000
5627,00000000,00000000,0,0,0,0,00000044,1,0,00000000
5629,00000000,00000000,0,0,0,0,00000044,0,1,00000000
5630,00000000,00000000,0,0,0,0,00000044,1,0,00000000
5632,00000000,00000000,0,0,0,0,00000044,0,1,00000000
5633,00000000,00000000,0,0,0,0,00000044,1,0,00000000
5635,00000000,00000000,0,0,0,0,00000044,0,1,00000000
5636,00000000,00000000,0,0,0,0,00000044,1,0,00000000
5638,00000000,00000000,0,0,0,0,00000044,0,1,00000000
5639,00000000,00000000,0,0,0,0,00000044,1,0,00000000
5641,00000000,00000000,0,0,0,0,00000044,0,1,00000000
5642,00000000,00000000,0,0,0,0,00000044,1,0,00000000
5644,00000000,00000000,0,0,0,0,00000044,0,1,00000000
5645,00000000,00000000,0,0,0,0,00000044,1,0,00000000
5647,00000000,00000000,0,0,0,0,00000044,0,1,00000000
5648,00000000,00000000,0,0,0,0,00000044,1,0,00000000
5650,00000000,00000000,0,0,0,0,00000044,0,1,00000000
5651,00000000,00000000,0,0,0,0,00000044,1,0,00000000
5653,00000000,00000000,0,0,0,0,00000044,0,1,00000000
5667,00000000,00000000,0,1,0,0,00000044,1,0,00000000
5669,00000000,00000000,0,1,0,0,00000044,0,1,00000000
5670,00000000,00000000,0,1,0,0,00000044,1,0,00000000
5672,00000000,00000000,0,1,0,0,00000044,0,1,00000000
5673,00000000,00000000,0,1,0,0,00000044,1,0,00000000
5675,00000000,00000000,0,1,0,0,00000044,0,1,00000000
5676,00000000,00000000,0,1,0,0,00000044,1,0,00000000
5678,00000000,00000000,0,1,0,0,00000044,0,1,00000000
5679,00000000,00000000,0,1,0,0,00000044,1,0,00000000
5681,00000000,00000000,0,1,0,0,00000044,0,1,00000000
5682,00000000,00000000,0,1,0,0,00000044,1,0,00000000
5684,00000000,00000000,0,1,0,0,00000044,0,1,00000000
5685,00000000,00000000,0,1,0,0,00000044,1,0,00000000
5687,00000000,00000000,0,1,0,0,00000044,0,1,00000000
5688,00000000,00000000,0,1,0,0,00000044,1,0,00000000
5690,00000000,00000000,0,1,0,0,00000044,0,1,00000000
5691,00000000,00000000,0,1,0,0,00000044,1,0,00000000
5693,00000000,00000000,0,1,0,0,00000044,0,1,00000000
5694,00000000,00000000,0,1,0,0,00000044,1,0,00000000
5696,00000000,00000000,0,1,0,0,00000044,0,1,00000000
5697,00000000,00000000,0,1,0,0,00000044,1,0,00000000
5699,00000000,00000000,0,1,0,0,00000044,0,1,00000000
5700,00000000,00000000,0,1,0,0,00000044,1,0,00000000
5702,00000000,00000000,0,1,0,0,00000044,0,1,00000000
5703,00000000,00000000,0,1,0,0,00000044,1,0,00000000
5705,00000000,00000000,0,1,0,0,00000044,0,1,00000000
5706,00000000,00000000,0,1,0,0,00000044,1,0,00000000
5708,00000000,00000000,0,1,0,0,00000044,0,1,00000000
5709,00000000,00000000,0,1,0,0,00000044,1,0,00000000
5711,00000000,00000000,0,1,0,0,00000044,0,1,00000000
5712,00000000,00000000,0,1,0,0,00000044,1,0,00000000
5714,00000000,00000000,0,1,0,0,00000044,0,1,00000000
5715,00000000,00000000,0,1,0,0,00000044,1,0,00000000
5717,00000000,00000000,0,1,0,0,00000044,0,1,00000000
5718,00000000,00000000,0,1,0,0,00000044,1,0,00000000
5720,00000000,00000000,0,1,0,0,00000044,0,1,00000000
5721,00000000,00000000,0,1,0,0,00000044,1,0,00000000
5723,00000000,00000000,0,1,0,0,00000044,0,1,00000000
5724,00000000,00000000,0,1,0,0,00000044,1,0,00000000
5726,00000000,00000000,0,1,0,0,00000044,0,1,00000000
5727,00000000,00000000,0,1,0,0,00000044,1,0,00000000
5729,00000000,00000000,0,1,0,0,00000044,0,1,00000000
5730,00000000,00000000,0,1,0,0,00000044,1,0,00000000
5732,00000000,00000000,0,1,0,0,00000044,0,1,00000000
5733,00000000,00000000,0,1,0,0,00000044,1,0,00000000
5735,00000000,00000000,0,1,0,0,00000044,0,1,00000000
5736,00000000,00000000,0,1,0,0,00000044,1,0,00000000
5738,00000000,00000000,0,1,0,0,00000044,0,1,00000000
5739,00000000,00000000,0,1,0,0,00000044,1,0,00000000
5741,00000000,00000000,0,1,0,0,00000044,0,1,00000000
5742,00000000,00000000,0,1,0,0,00000044,1,0,00000000
5744,00000000,00000000,0,1,0,0,00000044,0,1,00000000
5745,00000000,00000000,0,1,0,0,00000044,1,0,00000000
5747,00000000,00000000,0,1,0,0,00000044,0,1,00000000
5748,00000000,00000000,0,1,0,0,00000044,1,0,00000000
5750,00000000,00000000,0,1,0,0,00000044,0,1,00000000
5751,00000000,00000000,0,1,0,0,00000044,1,0,00000000
5753,00000000,00000000,0,1,0,0,00000044,0,1,00000000
5754,00000000,00000000,0,1,0,0,00000044,1,0,00000000
5756,00000000,00000000,0,1,0,0,00000044,0,1,00000000
5757,00000000,00000000,0,1,0,0,00000044,1,0,00000000
5759,00000000,00000000,0,1,0,0,00000044,0,1,00000000
5760,00000000,00000000,0,1,0,0,00000044,1,0,00000000
5762,00000000,00000000,0,1,0,0,00000044,0,1,00000000
5763,00000000,00000000,0,1,0,0,00000044,1,0,00000000
5765,00000000,00000000,0,1,0,0,00000044,0,1,00000000
5766,00000000,00000000,0,1,0,0,00000044,1,0,00000000
5768,00000000,00000000,0,1,0,0,00000044,0,1,00000000
5769,00000000,00000000,0,1,0,0,00000044,1,0,00000000
5771,00000000,00000000,0,1,0,0,00000044,0,1,00000000
5772,00000000,00000000,0,1,0,0,00000044,1,0,00000000
5774,00000000,00000000,0,1,0,0,00000044,0,1,00000000
5775,00000000,00000000,0,1,0,0,00000044,1,0,00000000
5777,00000000,00000000,0,1,0,0,00000044,0,1,00000000
5778,00000000,00000000,0,1,0,0,00000044,1,0,00000000
5780,00000000,00000000,0,1,0,0,00000044,0,1,00000000
5781,00000000,00000000,0,1,0,0,00000044,1,0,00000000
5783,00000000,00000000,0,1,0,0,00000044,0,1,00000000
5784,00000000,00000000,0,1,0,0,00000044,1,0,00000000
5786,00000000,00000000,0,1,0,0,00000044,0,1,00000000
5787,00000000,00000000,0,1,0,0,00000044,1,0,00000000
5789,00000000,00000000,0,1,0,0,00000044,0,1,00000000
5790,00000000,00000000,0,1,0,0,00000044,1,0,00000000
5792,00000000,00000000,0,1,0,0,00000044,0,1,00000000
5793,00000000,00000000,0,1,0,0,00000044,1,0,00000000
5795,00000000,00000000,0,1,0,0,00000044,0,1,00000000
5796,00000000,00000000,0,1,0,0,00000044,1,0,00000000
5798,00000000,00000000,0,1,0,0,00000044,0,1,00000000
5799,00000000,00000000,0,1,0,0,00000044,1,0,00000000
5801,00000000,00000000,0,1,0,0,00000044,0,1,00000000
5802,00000000,00000000,0,1,0,0,00000044,1,0,00000000
5804,00000000,00000000,0,1,0,0,00000044,0,1,00000000
5805,00000000,00000000,0,1,0,0,00000044,1,0,00000000
5807,00000000,00000000,0,1,0,0,00000044,0,1,00000000
5808,00000000,00000000,0,1,0,0,00000044,1,0,00000000
5810,00000000,00000000,0,1,0,0,00000044,0,1,00000000
5811,00000000,00000000,0,1,0,0,00000044,1,0,00000000
5813,00000000,00000000,0,1,0,0,00000044,0,1,00000000
5814,00000000,00000000,0,1,0,0,00000044,1,0,00000000
5816,00000000,00000000,0,1,0,0,00000044,0,1,00000000
5817,00000000,00000000,0,1,0,0,00000044,1,0,00000000
5819,00000000,00000000,0,1,0,0,00000044,0,1,00000000
5820,00000000,00000000,0,1,0,0,00000044,1,0,00000000
5822,00000000,00000000,0,1,0,0,00000044,0,1,00000000
5823,00000000,00000000,0,1,0,0,00000044,1,0,00000000
5825,00000000,00000000,0,1,0,0,00000044,0,1,00000000
5826,00000000,00000000,0,1,0,0,00000044,1,0,00000000
5828,00000000,00000000,0,1,0,0,00000044,0,1,00000000
5829,00000000,00000000,0,1,0,0,00000044,1,0,00000000
5831,00000000,00000000,0,1,0,0,00000044,0,1,00000000
5832,00000000,00000000,0,1,0,0,00000044,1,0,00000000
5834,00000000,00000000,0,1,0,0,00000044,0,1,00000000
5835,00000000,00000000,0,1,0,0,00000044,1,0,00000000
5837,00000000,00000000,0,1,0,0,00000044,0,1,00000000
5838,00000000,00000000,0,1,0,0,00000044,1,0,00000000
5840,00000000,00000000,0,1,0,0,00000044,0,1,00000000
5841,00000000,00000000,0,1,0,0,00000044,1,0,00000000
5843,00000000,00000000,0,1,0,0,00000044,0,1,00000000
5844,00000000,00000000,0,1,0,0,00000044,1,0,00000000
5846,00000000,00000000,0,1,0,0,00000044,0,1,00000000
5847,00000000,00000000,0,1,0,0,00000044,1,0,00000000
5849,00000000,00000000,0,1,0,0,00000044,0,1,00000000
5850,00000000,00000000,0,1,0,0,00000044,1,0,00000000
5852,00000000,00000000,0,1,0,0,00000044,0,1,00000000
5853,00000000,00000000,0,1,0,0,00000044,1,0,00000000
5855,00000000,00000000,0,1,0,0,00000044,0,1,00000000
5856,00000000,00000000,0,1,0,0,00000044,1,0,00000000
5858,00000000,00000000,0,1,0,0,00000044,0,1,00000000
5859,00000000,00000000,0,1,0,0,00000044,1,0,00000000
5861,00000000,00000000,0,1,0,0,00000044,0,1,00000000
5862,00000000,00000000,0,1,0,0,00000044,1,0,00000000
5864,00000000,00000000,0,1,0,0,00000044,0,1,00000000
5865,00000000,00000000,0,1,0,0,00000044,1,0,00000000
5867,00000000,00000000,0,1,0,0,00000044,0,1,00000000
5868,00000000,00000000,0,1,0,0,00000044,1,0,00000000
5870,00000000,00000000,0,1,0,0,00000044,0,1,00000000
5871,00000000,00000000,0,1,0,0,00000044,1,0,00000000
5873,00000000,00000000,0,1,0,0,00000044,0,1,00000000
5874,00000000,00000000,0,1,0,0,00000044,1,0,00000000
5876,00000000,00000000,0,1,0,0,00000044,0,1,00000000
5877,00000000,00000000,0,1,0,0,00000044,1,0,00000000
5879,00000000,00000000,0,1,0,0,00000044,0,1,00000000
5880,00000000,00000000,0,1,0,0,00000044,1,0,00000000
5882,00000000,00000000,0,1,0,0,00000044,0,1,00000000
5883,00000000,00000000,0,1,0,0,00000044,1,0,00000000
5885,00000000,00000000,0,1,0,0,00000044,0,1,00000000
5886,00000000,00000000,0,1,0,0,00000044,1,0,00000000
5888,00000000,00000000,0,1,0,0,00000044,0,1,00000000
5889,00000000,00000000,0,1,0,0,00000044,1,0,00000000
5891,00000000,00000000,0,1,0,0,00000044,0,1,00000000
5892,00000000,00000000,0,1,0,0,00000044,1,0,00000000
5894,00000000,00000000,0,1,0,0,00000044,0,1,00000000
5895,00000000,00000000,0,1,0,0,00000044,1,0,00000000
5897,00000000,00000000,0,1,0,0,00000044,0,1,00000000
5898,00000000,00000000,0,1,0,0,00000044,1,0,00000000
5900,00000000,00000000,0,1,0,0,00000044,0,1,00000000
5901,00000000,00000000,0,1,0,0,00000044,1,0,00000000
5903,00000000,00000000,0,1,0,0,00000044,0,1,00000000
5904,00000000,00000000,0,1,0,0,00000044,1,0,00000000
5906,00000000,00000000,0,1,0,0,00000044,0,1,00000000
5907,00000000,00000000,0,1,0,0,00000044,1,0,00000000
5909,00000000,00000000,0,1,0,0,00000044,0,1,00000000
5923,00000000,00000000,0,1,0,0,00000044,1,0,00000000
5925,00000000,00000000,0,1,0,0,00000044,0,1,00000000
5926,00000000,00000000,0,1,0,0,00000044,1,0,00000000
5928,00000000,00000000,0,1,0,0,00000044,0,1,00000000
5929,00000000,00000000,0,1,0,0,00000044,1,0,00000000
5931,00000000,00000000,0,1,0,0,00000044,0,1,00000000
5932,00000000,00000000,0,1,0,0,00000044,1,0,00000000
5934,00000000,00000000,0,1,0,0,00000044,0,1,00000000
5935,00000000,00000000,0,1,0,0,00000044,1,0,00000000
5937,00000000,00000000,0,1,0,0,00000044,0,1,00000000
5938,00000000,00000000,0,1,0,0,00000044,1,0,00000000
5940,00000000,00000000,0,1,0,0,00000044,0,1,00000000
5941,00000000,00000000,0,1,0,0,00000044,1,0,00000000
5943,00000000,00000000,0,1,0,0,00000044,0,1,00000000
5944,00000000,00000000,0,1,0,0,00000044,1,0,00000000
5946,00000000,00000000,0,1,0,0,00000044,0,1,00000000
5947,00000000,00000000,0,1,0,0,00000044,1,0,00000000
5949,00000000,00000000,0,1,0,0,00000044,0,1,00000000
5950,00000000,00000000,0,1,0,0,00000044,1,0,00000000
5952,00000000,00000000,0,1,0,0,00000044,0,1,00000000
5953,00000000,00000000,0,1,0,0,00000044,1,0,00000000
5955,00000000,00000000,0,1,0,0,00000044,0,1,00000000
5956,00000000,00000000,0,1,0,0,00000044,1,0,00000000
5958,00000000,00000000,0,1,0,0,00000044,0,1,00000000
5959,00000000,00000000,0,1,0,0,00000044,1,0,00000000
5961,00000000,00000000,0,1,0,0,00000044,0,1,00000000
5962,00000000,00000000,0,1,0,0,00000044,1,0,00000000
5964,00000000,00000000,0,1,0,0,00000044,0,1,00000000
5965,00000000,00000000,0,1,0,0,00000044,1,0,00000000
5967,00000000,00000000,0,1,0,0,00000044,0,1,00000000
5968,00000000,00000000,0,1,0,0,00000044,1,0,00000000
5970,00000000,00000000,0,1,0,0,00000044,0,1,00000000
5971,00000000,00000000,0,1,0,0,00000044,1,0,00000000
5973,00000000,00000000,0,1,0,0,00000044,0,1,00000000
5974,00000000,00000000,0,1,0,0,00000044,1,0,00000000
5976,00000000,00000000,0,1,0,0,00000044,0,1,00000000
5977,00000000,00000000,0,1,0,0,00000044,1,0,00000000
5979,00000000,00000000,0,1,0,0,00000044,0,1,00000000
5980,00000000,00000000,0,1,0,0,00000044,1,0,00000000
5982,00000000,00000000,0,1,0,0,00000044,0,1,00000000
5983,00000000,00000000,0,1,0,0,00000044,1,0,00000000
5985,00000000,00000000,0,1,0,0,00000044,0,1,00000000
5986,00000000,00000000,0,1,0,0,00000044,1,0,00000000
5988,00000000,00000000,0,1,0,0,00000044,0,1,00000000
5989,00000000,00000000,0,1,0,0,00000044,1,0,00000000
5991,00000000,00000000,0,1,0,0,00000044,0,1,00000000
5992,00000000,00000000,0,1,0,0,00000044,1,0,00000000
5994,00000000,00000000,0,1,0,0,00000044,0,1,00000000
5995,00000000,00000000,0,1,0,0,00000044,1,0,00000000
5997,00000000,00000000,0,1,0,0,00000044,0,1,00000000
5998,00000000,00000000,0,1,0,0,00000044,1,0,00000000
6000,00000000,00000000,0,1,0,0,00000044,0,1,00000000
6001,00000000,00000000,0,1,0,0,00000044,1,0,00000000
6003,00000000,00000000,0,1,0,0,00000044,0,1,00000000
6004,00000000,00000000,0,1,0,0,00000044,1,0,00000000
6006,00000000,00000000,0,1,0,0,00000044,0,1,00000000
6007,00000000,00000000,0,1,0,0,00000044,1,0,00000000
6009,00000000,00000000,0,1,0,0,00000044,0,1,00000000
6010,00000000,00000000,0,1,0,0,00000044,1,0,00000000
6012,00000000,00000000,0,1,0,0,00000044,0,1,00000000
6013,00000000,00000000,0,1,0,0,00000044,1,0,00000000
6015,00000000,00000000,0,1,0,0,00000044,0,1,00000000
6016,00000000,00000000,0,1,0,0,00000044,1,0,00000000
6018,00000000,00000000,0,1,0,0,00000044,0,1,00000000
6019,00000000,00000000,0,1,0,0,00000044,1,0,00000000
6021,00000000,00000000,0,1,0,0,00000044,0,1,00000000
6022,00000000,00000000,0,1,0,0,00000044,1,0,00000000
6024,00000000,00000000,0,1,0,0,00000044,0,1,00000000
6025,00000000,00000000,0,1,0,0,00000044,1,0,00000000
6027,00000000,00000000,0,1,0,0,00000044,0,1,00000000
6028,00000000,00000000,0,1,0,0,00000044,1,0,00000000
6030,00000000,00000000,0,1,0,0,00000044,0,1,00000000
6031,00000000,00000000,0,1,0,0,00000044,1,0,00000000
6033,00000000,00000000,0,1,0,0,00000044,0,1,00000000
6034,00000000,00000000,0,1,0,0,00000044,1,0,00000000
6036,00000000,00000000,0,1,0,0,00000044,0,1,00000000
6037,00000000,00000000,0,1,0,0,00000044,1,0,00000000
6039,00000000,00000000,0,1,0,0,00000044,0,1,00000000
6040,00000000,00000000,0,1,0,0,00000044,1,0,00000000
6042,00000000,00000000,0,1,0,0,00000044,0,1,00000000
6043,00000000,00000000,0,1,0,0,00000044,1,0,00000000
6045,00000000,00000000,0,1,0,0,00000044,0,1,00000000
6046,00000000,00000000,0,1,0,0,00000044,1,0,00000000
6048,00000000,00000000,0,1,0,0,00000044,0,1,00000000
6049,00000000,00000000,0,1,0,0,00000044,1,0,00000000
6051,00000000,00000000,0,1,0,0,00000044,0,1,00000000
6052,00000000,00000000,0,1,0,0,00000044,1,0,00000000
6054,00000000,00000000,0,1,0,0,00000044,0,1,00000000
6055,00000000,00000000,0,1,0,0,00000044,1,0,00000000
6057,00000000,00000000,0,1,0,0,00000044,0,1,00000000
6058,00000000,00000000,0,1,0,0,00000044,1,0,00000000
6060,00000000,00000000,0,1,0,0,00000044,0,1,00000000
6061,00000000,00000000,0,1,0,0,00000044,1,0,00000000
6063,00000000,00000000,0,1,0,0,00000044,0,1,00000000
6064,00000000,00000000,0,1,0,0,00000044,1,0,00000000
6066,00000000,00000000,0,1,0,0,00000044,0,1,00000000
6067,00000000,00000000,0,1,0,0,00000044,1,0,00000000
6069,00000000,00000000,0,1,0,0,00000044,0,1,00000000
6070,00000000,00000000,0,1,0,0,00000044,1,0,00000000
6072,00000000,00000000,0,1,0,0,00000044,0,1,00000000
6073,00000000,00000000,0,1,0,0,00000044,1,0,00000000
6075,00000000,00000000,0,1,0,0,00000044,0,1,00000000
6076,00000000,00000000,0,1,0,0,00000044,1,0,00000000
6078,00000000,00000000,0,1,0,0,00000044,0,1,00000000
6079,00000000,00000000,0,1,0,0,00000044,1,0,00000000
6081,00000000,00000000,0,1,0,0,00000044,0,1,00000000
6082,00000000,00000000,0,1,0,0,00000044,1,0,00000000
6084,00000000,00000000,0,1,0,0,00000044,0,1,00000000
6085,00000000,00000000,0,1,0,0,00000044,1,0,00000000
6087,00000000,00000000,0,1,0,0,00000044,0,1,00000000
6088,00000000,00000000,0,1,0,0,00000044,1,0,00000000
6090,00000000,00000000,0,1,0,0,00000044,0,1,00000000
6091,00000000,00000000,0,1,0,0,00000044,1,0,00000000
6093,00000000,00000000,0,1,0,0,00000044,0,1,00000000
6094,00000000,00000000,0,1,0,0,00000044,1,0,00000000
6096,00000000,00000000,0,1,0,0,00000044,0,1,00000000
6097,00000000,00000000,0,1,0,0,00000044,1,0,00000000
6099,00000000,00000000,0,1,0,0,00000044,0,1,00000000
6100,00000000,00000000,0,1,0,0,00000044,1,0,00000000
6102,00000000,00000000,0,1,0,0,00000044,0,1,00000000
6103,00000000,00000000,0,1,0,0,00000044,1,0,00000000
6105,00000000,00000000,0,1,0,0,00000044,0,1,00000000
6106,00000000,00000000,0,1,0,0,00000044,1,0,00000000
6108,00000000,00000000,0,1,0,0,00000044,0,1,00000000
6109,00000000,00000000,0,1,0,0,00000044,1,0,00000000
6111,00000000,00000000,0,1,0,0,00000044,0,1,00000000
6112,00000000,00000000,0,1,0,0,00000044,1,0,00000000
6114,00000000,00000000,0,1,0,0,00000044,0,1,00000000
6115,00000000,00000000,0,1,0,0,00000044,1,0,00000000
6117,00000000,00000000,0,1,0,0,00000044,0,1,00000000
6118,00000000,00000000,0,1,0,0,00000044,1,0,00000000
6120,00000000,00000000,0,1,0,0,00000044,0,1,00000000
6121,00000000,00000000,0,1,0,0,00000044,1,0,00000000
6123,00000000,00000000,0,1,0,0,00000044,0,1,00000000
6124,00000000,00000000,0,1,0,0,00000044,1,0,00000000
6126,00000000,00000000,0,1,0,0,00000044,0,1,00000000
6127,00000000,00000000,0,1,0,0,00000044,1,0,00000000
6129,00000000,00000000,0,1,0,0,00000044,0,1,00000000
6130,00000000,00000000,0,1,0,0,00000044,1,0,00000000
6132,00000000,00000000,0,1,0,0,00000044,0,1,00000000
6133,00000000,00000000,0,1,0,0,00000044,1,0,00000000
6135,00000000,00000000,0,1,0,0,00000044,0,1,00000000
6136,00000000,00000000,0,1,0,0,00000044,1,0,00000000
6138,00000000,00000000,0,1,0,0,00000044,0,1,00000000
6139,00000000,00000000,0,1,0,0,00000044,1,0,00000000
6141,00000000,00000000,0,1,0,0,00000044,0,1,00000000
6142,00000000,00000000,0,1,0,0,00000044,1,0,00000000
6144,00000000,00000000,0,1,0,0,00000044,0,1,00000000
6145,00000000,00000000,0,1,0,0,00000044,1,0,00000000
6147,00000000,00000000,0,1,0,0,00000044,0,1,00000000
6148,00000000,00000000,0,1,0,0,00000044,1,0,00000000
6150,00000000,00000000,0,1,0,0,00000044,0,1,00000000
6151,00000000,00000000,0,1,0,0,00000044,1,0,00000000
6153,00000000,00000000,0,1,0,0,00000044,0,1,00000000
6154,00000000,00000000,0,1,0,0,00000044,1,0,00000000
6156,00000000,00000000,0,1,0,0,00000044,0,1,00000000
6157,00000000,00000000,0,1,0,0,00000044,1,0,00000000
6159,00000000,00000000,0,1,0,0,00000044,0,1,00000000
6160,00000000,00000000,0,1,0,0,00000044,1,0,00000000
6162,00000000,00000000,0,1,0,0,00000044,0,1,00000000
6163,00000000,00000000,0,1,0,0,00000044,1,0,00000000
6165,00000000,00000000,0,1,0,0,00000044,0,1,00000000
6179,00000000,00000000,0,1,0,0,00000044,1,0,00000000
6181,00000000,00000000,0,1,0,0,00000044,0,1,00000000
6182,00000000,00000000,0,1,0,0,00000044,1,0,00000000
6184,00000000,00000000,0,1,0,0,00000044,0,1,00000000
6185,00000000,00000000,0,1,0,0,00000044,1,0,00000000
6187,00000000,00000000,0,1,0,0,00000044,0,1,00000000
6188,00000000,00000000,0,1,0,0,00000044,1,0,00000000
6190,00000000,00000000,0,1,0,0,00000044,0,1,00000000
6191,00000000,00000000,0,1,0,0,00000044,1,0,00000000
6193,00000000,00000000,0,1,0,0,00000044,0,1,00000000
6194,00000000,00000000,0,1,0,0,00000044,1,0,00000000
6196,00000000,00000000,0,1,0,0,00000044,0,1,00000000
6197,00000000,00000000,0,1,0,0,00000044,1,0,00000000
6199,00000000,00000000,0,1,0,0,00000044,0,1,00000000
6200,00000000,00000000,0,1,0,0,00000044,1,0,00000000
6202,00000000,00000000,0,1,0,0,00000044,0,1,00000000
6203,00000000,00000000,0,1,0,0,00000044,1,0,00000000
6205,00000000,00000000,0,1,0,0,00000044,0,1,00000000
6206,00000000,00000000,0,1,0,0,00000044,1,0,00000000
6208,00000000,00000000,0,1,0,0,00000044,0,1,00000000
6209,00000000,00000000,0,1,0,0,00000044,1,0,00000000
6211,00000000,00000000,0,1,0,0,00000044,0,1,00000000
6212,00000000,00000000,0,1,0,0,00000044,1,0,00000000
6214,00000000,00000000,0,1,0,0,00000044,0,1,00000000
6215,00000000,00000000,0,1,0,0,00000044,1,0,00000000
6217,00000000,00000000,0,1,0,0,00000044,0,1,00000000
6218,00000000,00000000,0,1,0,0,00000044,1,0,00000000
6220,00000000,00000000,0,1,0,0,00000044,0,1,00000000
6221,00000000,00000000,0,1,0,0,00000044,1,0,00000000
6223,00000000,00000000,0,1,0,0,00000044,0,1,00000000
6224,00000000,00000000,0,1,0,0,00000044,1,0,00000000
6226,00000000,00000000,0,1,0,0,00000044,0,1,00000000
6227,00000000,00000000,0,1,0,0,00000044,1,0,00000000
6229,00000000,00000000,0,1,0,0,00000044,0,1,00000000
6230,00000000,00000000,0,1,0,0,00000044,1,0,00000000
6232,00000000,00000000,0,1,0,0,00000044,0,1,00000000
6233,00000000,00000000,0,1,0,0,00000044,1,0,00000000
6235,00000000,00000000,0,1,0,0,00000044,0,1,00000000
6236,00000000,00000000,0,1,0,0,00000044,1,0,00000000
6238,00000000,00000000,0,1,0,0,00000044,0,1,00000000
6239,00000000,00000000,0,1,0,0,00000044,1,0,00000000
6241,00000000,00000000,0,1,0,0,00000044,0,1,00000000
6242,00000000,00000000,0,1,0,0,00000044,1,0,00000000
6244,00000000,00000000,0,1,0,0,00000044,0,1,00000000
6245,00000000,00000000,0,1,0,0,00000044,1,0,00000000
6247,00000000,00000000,0,1,0,0,00000044,0,1,00000000
6248,00000000,00000000,0,1,0,0,00000044,1,0,00000000
6250,00000000,00000000,0,1,0,0,00000044,0,1,00000000
6251,00000000,00000000,0,1,0,0,00000044,1,0,00000000
6253,00000000,00000000,0,1,0,0,00000044,0,1,00000000
6254,00000000,00000000,0,1,0,0,00000044,1,0,00000000
6256,00000000,00000000,0,1,0,0,00000044,0,1,00000000
6257,00000000,00000000,0,1,0,0,00000044,1,0,00000000
6259,00000000,00000000,0,1,0,0,00000044,0,1,00000000
6260,00000000,00000000,0,1,0,0,00000044,1,0,00000000
6262,00000000,00000000,0,1,0,0,00000044,0,1,00000000
6263,00000000,00000000,0,1,0,0,00000044,1,0,00000000
6265,00000000,00000000,0,1,0,0,00000044,0,1,00000000
6266,00000000,00000000,0,1,0,0,00000044,1,0,00000000
6268,00000000,00000000,0,1,0,0,00000044,0,1,00000000
6269,00000000,00000000,0,1,0,0,00000044,1,0,00000000
6271,00000000,00000000,0,1,0,0,00000044,0,1,00000000
6272,00000000,00000000,0,1,0,0,00000044,1,0,00000000
6274,00000000,00000000,0,1,0,0,00000044,0,1,00000000
6275,00000000,00000000,0,1,0,0,00000044,1,0,00000000
6277,00000000,00000000,0,1,0,0,00000044,0,1,00000000
6278,00000000,00000000,0,1,0,0,00000044,1,0,00000000
6280,00000000,00000000,0,1,0,0,00000044,0,1,00000000
6281,00000000,00000000,0,1,0,0,00000044,1,0,00000000
6283,00000000,00000000,0,1,0,0,00000044,0,1,00000000
6284,00000000,00000000,0,1,0,0,00000044,1,0,00000000
6286,00000000,00000000,0,1,0,0,00000044,0,1,00000000
6287,00000000,00000000,0,1,0,0,00000044,1,0,00000000
6289,00000000,00000000,0,1,0,0,00000044,0,1,00000000
6290,00000000,00000000,0,1,0,0,00000044,1,0,00000000
6292,00000000,00000000,0,1,0,0,00000044,0,1,00000000
6293,00000000,00000000,0,1,0,0,00000044,1,0,00000000
6295,00000000,00000000,0,1,0,0,00000044,0,1,00000000
6296,00000000,00000000,0,1,0,0,00000044,1,0,00000000
6298,00000000,00000000,0,1,0,0,00000044,0,1,00000000
6299,00000000,00000000,0,1,0,0,00000044,1,0,00000000
6301,00000000,00000000,0,1,0,0,00000044,0,1,00000000
6302,00000000,00000000,0,1,0,0,00000044,1,0,00000000
6304,00000000,00000000,0,1,0,0,00000044,0,1,00000000
6305,00000000,00000000,0,1,0,0,00000044,1,0,00000000
6307,00000000,00000000,0,1,0,0,00000044,0,1,00000000
6308,00000000,00000000,0,1,0,0,00000044,1,0,00000000
6310,00000000,00000000,0,1,0,0,00000044,0,1,00000000
6311,00000000,00000000,0,1,0,0,00000044,1,0,00000000
6313,00000000,00000000,0,1,0,0,00000044,0,1,00000000
6314,00000000,00000000,0,1,0,0,00000044,1,0,00000000
6316,00000000,00000000,0,1,0,0,00000044,0,1,00000000
6317,00000000,00000000,0,1,0,0,00000044,1,0,00000000
6319,00000000,00000000,0,1,0,0,00000044,0,1,00000000
6320,00000000,00000000,0,1,0,0,00000044,1,0,00000000
6322,00000000,00000000,0,1,0,0,00000044,0,1,00000000
6323,00000000,00000000,0,1,0,0,00000044,1,0,00000000
6325,00000000,00000000,0,1,0,0,00000044,0,1,00000000
6326,00000000,00000000,0,1,0,0,00000044,1,0,00000000
6328,00000000,00000000,0,1,0,0,00000044,0,1,00000000
6329,00000000,00000000,0,1,0,0,00000044,1,0,00000000
6331,00000000,00000000,0,1,0,0,00000044,0,1,00000000
6332,00000000,00000000,0,1,0,0,00000044,1,0,00000000
6334,00000000,00000000,0,1,0,0,00000044,0,1,00000000
6335,00000000,00000000,0,1,0,0,00000044,1,0,00000000
6337,00000000,00000000,0,1,0,0,00000044,0,1,00000000
6338,00000000,00000000,0,1,0,0,00000044,1,0,00000000
6340,00000000,00000000,0,1,0,0,00000044,0,1,00000000
6341,00000000,00000000,0,1,0,0,00000044,1,0,00000000
6343,00000000,00000000,0,1,0,0,00000044,0,1,00000000
6344,00000000,00000000,0,1,0,0,00000044,1,0,00000000
6346,00000000,00000000,0,1,0,0,00000044,0,1,00000000
6347,00000000,00000000,0,1,0,0,00000044,1,0,00000000
6349,00000000,00000000,0,1,0,0,00000044,0,1,00000000
6350,00000000,00000000,0,1,0,0,00000044,1,0,00000000
6352,00000000,00000000,0,1,0,0,00000044,0,1,00000000
6353,00000000,00000000,0,1,0,0,00000044,1,0,00000000
6355,00000000,00000000,0,1,0,0,00000044,0,1,00000000
6356,00000000,00000000,0,1,0,0,00000044,1,0,00000000
6358,00000000,00000000,0,1,0,0,00000044,0,1,00000000
6359,00000000,00000000,0,1,0,0,00000044,1,0,00000000
6361,00000000,00000000,0,1,0,0,00000044,0,1,00000000
6362,00000000,00000000,0,1,0,0,00000044,1,0,00000000
6364,00000000,00000000,0,1,0,0,00000044,0,1,00000000
6365,00000000,00000000,0,1,0,0,00000044,1,0,00000000
6367,00000000,00000000,0,1,0,0,00000044,0,1,00000000
6368,00000000,00000000,0,1,0,0,00000044,1,0,00000000
6370,00000000,00000000,0,1,0,0,00000044,0,1,00000000
6371,00000000,00000000,0,1,0,0,00000044,1,0,00000000
6373,00000000,00000000,0,1,0,0,00000044,0,1,00000000
6374,00000000,00000000,0,1,0,0,00000044,1,0,00000000
6376,00000000,00000000,0,1,0,0,00000044,0,1,00000000
6377,00000000,00000000,0,1,0,0,00000044,1,0,00000000
6379,00000000,00000000,0,1,0,0,00000044,0,1,00000000
6380,00000000,00000000,0,1,0,0,00000044,1,0,00000000
6382,00000000,00000000,0,1,0,0,00000044,0,1,00000000
6383,00000000,00000000,0,1,0,0,00000044,1,0,00000000
6385,00000000,00000000,0,1,0,0,00000044,0,1,00000000
6386,00000000,00000000,0,1,0,0,00000044,1,0,00000000
6388,00000000,00000000,0,1,0,0,00000044,0,1,00000000
6389,00000000,00000000,0,1,0,0,00000044,1,0,00000000
6391,00000000,00000000,0,1,0,0,00000044,0,1,00000000
6392,00000000,00000000,0,1,0,0,00000044,1,0,00000000
6394,00000000,00000000,0,1,0,0,00000044,0,1,00000000
6395,00000000,00000000,0,1,0,0,00000044,1,0,00000000
6397,00000000,00000000,0,1,0,0,00000044,0,1,00000000
6398,00000000,00000000,0,1,0,0,00000044,1,0,00000000
6400,00000000,00000000,0,1,0,0,00000044,0,1,00000000
6401,00000000,00000000,0,1,0,0,00000044,1,0,00000000
6403,00000000,00000000,0,1,0,0,00000044,0,1,00000000
6404,00000000,00000000,0,1,0,0,00000044,1,0,00000000
6406,00000000,00000000,0,1,0,0,00000044,0,1,00000000
6407,00000000,00000000,0,1,0,0,00000044,1,0,00000000
6409,00000000,00000000,0,1,0,0,00000044,0,1,00000000
6410,00000000,00000000,0,1,0,0,00000044,1,0,00000000
6412,00000000,00000000,0,1,0,0,00000044,0,1,00000000
6413,00000000,00000000,0,1,0,0,00000044,1,0,00000000
6415,00000000,00000000,0,1,0,0,00000044,0,1,00000000
6416,00000000,00000000,0,1,0,0,00000044,1,0,00000000
6418,00000000,00000000,0,1,0,0,00000044,0,1,00000000
6419,00000000,00000000,0,1,0,0,00000044,1,0,00000000
6421,00000000,00000000,0,1,0,0,00000044,0,1,00000000
6435,00000000,00000000,0,1,0,0,00000044,1,0,00000000
6437,00000000,00000000,0,1,0,0,00000044,0,1,00000000
6438,00000000,00000000,0,1,0,0,00000044,1,0,00000000
6440,00000000,00000000,0,1,0,0,00000044,0,1,00000000
6441,00000000,00000000,0,1,0,0,00000044,1,0,00000000
6443,00000000,00000000,0,1,0,0,00000044,0,1,00000000
6444,00000000,00000000,0,1,0,0,00000044,1,0,00000000
6446,00000000,00000000,0,1,0,0,00000044,0,1,00000000
6447,00000000,00000000,0,1,0,0,00000044,1,0,00000000
6449,00000000,00000000,0,1,0,0,00000044,0,1,00000000
6450,00000000,00000000,0,1,0,0,00000044,1,0,00000000
6452,00000000,00000000,0,1,0,0,00000044,0,1,00000000
6453,00000000,00000000,0,1,0,0,00000044,1,0,00000000
6455,00000000,00000000,0,1,0,0,00000044,0,1,00000000
6456,00000000,00000000,0,1,0,0,00000044,1,0,00000000
6458,00000000,00000000,0,1,0,0,00000044,0,1,00000000
6459,00000000,00000000,0,1,0,0,00000044,1,0,00000000
6461,00000000,00000000,0,1,0,0,00000044,0,1,00000000
6462,00000000,00000000,0,1,0,0,00000044,1,0,00000000
6464,00000000,00000000,0,1,0,0,00000044,0,1,00000000
6465,00000000,00000000,0,1,0,0,00000044,1,0,00000000
6467,00000000,00000000,0,1,0,0,00000044,0,1,00000000
6468,00000000,00000000,0,1,0,0,00000044,1,0,00000000
6470,00000000,00000000,0,1,0,0,00000044,0,1,00000000
6471,00000000,00000000,0,1,0,0,00000044,1,0,00000000
6473,00000000,00000000,0,1,0,0,00000044,0,1,00000000
6474,00000000,00000000,0,1,0,0,00000044,1,0,00000000
6476,00000000,00000000,0,1,0,0,00000044,0,1,00000000
6477,00000000,00000000,0,1,0,0,00000044,1,0,00000000
6479,00000000,00000000,0,1,0,0,00000044,0,1,00000000
6480,00000000,00000000,0,1,0,0,00000044,1,0,00000000
6482,00000000,00000000,0,1,0,0,00000044,0,1,00000000
6483,00000000,00000000,0,1,0,0,00000044,1,0,00000000
6485,00000000,00000000,0,1,0,0,00000044,0,1,00000000
6486,00000000,00000000,0,1,0,0,00000044,1,0,00000000
6488,00000000,00000000,0,1,0,0,00000044,0,1,00000000
6489,00000000,00000000,0,1,0,0,00000044,1,0,00000000
6491,00000000,00000000,0,1,0,0,00000044,0,1,00000000
6492,00000000,00000000,0,1,0,0,00000044,1,0,00000000
6494,00000000,00000000,0,1,0,0,00000044,0,1,00000000
6495,00000000,00000000,0,1,0,0,00000044,1,0,00000000
6497,00000000,00000000,0,1,0,0,00000044,0,1,00000000
6498,00000000,00000000,0,1,0,0,00000044,1,0,00000000
6500,00000000,00000000,0,1,0,0,00000044,0,1,00000000
6501,00000000,00000000,0,1,0,0,00000044,1,0,00000000
6503,00000000,00000000,0,1,0,0,00000044,0,1,00000000
6504,00000000,00000000,0,1,0,0,00000044,1,0,00000000
6506,00000000,00000000,0,1,0,0,00000044,0,1,00000000
6507,00000000,00000000,0,1,0,0,00000044,1,0,00000000
6509,00000000,00000000,0,1,0,0,00000044,0,1,00000000
6510,00000000,00000000,0,1,0,0,00000044,1,0,00000000
6512,00000000,00000000,0,1,0,0,00000044,0,1,00000000
6513,00000000,00000000,0,1,0,0,00000044,1,0,00000000
6515,00000000,00000000,0,1,0,0,00000044,0,1,00000000
6516,00000000,00000000,0,1,0,0,00000044,1,0,00000000
6518,00000000,00000000,0,1,0,0,00000044,0,1,00000000
6519,00000000,00000000,0,1,0,0,00000044,1,0,00000000
6521,00000000,00000000,0,1,0,0,00000044,0,1,00000000
6522,00000000,00000000,0,1,0,0,00000044,1,0,00000000
6524,00000000,00000000,0,1,0,0,00000044,0,1,00000000
6525,00000000,00000000,0,1,0,0,00000044,1,0,00000000
6527,00000000,00000000,0,1,0,0,00000044,0,1,00000000
6528,00000000,00000000,0,1,0,0,00000044,1,0,00000000
6530,00000000,00000000,0,1,0,0,00000044,0,1,00000000
6531,00000000,00000000,0,1,0,0,00000044,1,0,00000000
6533,00000000,00000000,0,1,0,0,00000044,0,1,00000000
6534,00000000,00000000,0,1,0,0,00000044,1,0,00000000
6536,00000000,00000000,0,1,0,0,00000044,0,1,00000000
6537,00000000,00000000,0,1,0,0,00000044,1,0,00000000
6539,00000000,00000000,0,1,0,0,00000044,0,1,00000000
6540,00000000,00000000,0,1,0,0,00000044,1,0,00000000
6542,00000000,00000000,0,1,0,0,00000044,0,1,00000000
6543,00000000,00000000,0,1,0,0,00000044,1,0,00000000
6545,00000000,00000000,0,1,0,0,00000044,0,1,00000000
6546,00000000,00000000,0,1,0,0,00000044,1,0,00000000
6548,00000000,00000000,0,1,0,0,00000044,0,1,00000000
6549,00000000,00000000,0,1,0,0,00000044,1,0,00000000
6551,00000000,00000000,0,1,0,0,00000044,0,1,00000000
6552,00000000,00000000,0,1,0,0,00000044,1,0,00000000
6554,00000000,00000000,0,1,0,0,00000044,0,1,00000000
6555,00000000,00000000,0,1,0,0,00000044,1,0,00000000
6557,00000000,00000000,0,1,0,0,00000044,0,1,00000000
6558,00000000,00000000,0,1,0,0,00000044,1,0,00000000
6560,00000000,00000000,0,1,0,0,00000044,0,1,00000000
6561,00000000,00000000,0,1,0,0,00000044,1,0,00000000
6563,00000000,00000000,0,1,0,0,00000044,0,1,00000000
6564,00000000,00000000,0,1,0,0,00000044,1,0,00000000
6566,00000000,00000000,0,1,0,0,00000044,0,1,00000000
6567,00000000,00000000,0,1,0,0,00000044,1,0,00000000
6569,00000000,00000000,0,1,0,0,00000044,0,1,00000000
6570,00000000,00000000,0,1,0,0,00000044,1,0,00000000
6572,00000000,00000000,0,1,0,0,00000044,0,1,00000000
6573,00000000,00000000,0,1,0,0,00000044,1,0,00000000
6575,00000000,00000000,0,1,0,0,00000044,0,1,00000000
6576,00000000,00000000,0,1,0,0,00000044,1,0,00000000
6578,00000000,00000000,0,1,0,0,00000044,0,1,00000000
6579,00000000,00000000,0,1,0,0,00000044,1,0,00000000
6581,00000000,00000000,0,1,0,0,00000044,0,1,00000000
6582,00000000,00000000,0,1,0,0,00000044,1,0,00000000
6584,00000000,00000000,0,1,0,0,00000044,0,1,00000000
6585,00000000,00000000,0,1,0,0,00000044,1,0,00000000
6587,00000000,00000000,0,1,0,0,00000044,0,1,00000000
6588,00000000,00000000,0,1,0,0,00000044,1,0,00000000
6590,00000000,00000000,0,1,0,0,00000044,0,1,00000000
6591,00000000,00000000,0,1,0,0,00000044,1,0,00000000
6593,00000000,00000000,0,1,0,0,00000044,0,1,00000000
6594,00000000,00000000,0,1,0,0,00000044,1,0,00000000
6596,00000000,00000000,0,1,0,0,00000044,0,1,00000000
6597,00000000,00000000,0,1,0,0,00000044,1,0,00000000
6599,00000000,00000000,0,1,0,0,00000044,0,1,00000000
6600,00000000,00000000,0,1,0,0,00000044,1,0,00000000
6602,00000000,00000000,0,1,0,0,00000044,0,1,00000000
6603,00000000,00000000,0,1,0,0,00000044,1,0,00000000
6605,00000000,00000000,0,1,0,0,00000044,0,1,00000000
6606,00000000,00000000,0,1,0,0,00000044,1,0,00000000
6608,00000000,00000000,0,1,0,0,00000044,0,1,00000000
6609,00000000,00000000,0,1,0,0,00000044,1,0,00000000
6611,00000000,00000000,0,1,0,0,00000044,0,1,00000000
6612,00000000,00000000,0,1,0,0,00000044,1,0,00000000
6614,00000000,00000000,0,1,0,0,00000044,0,1,00000000
6615,00000000,00000000,0,1,0,0,00000044,1,0,00000000
6617,00000000,00000000,0,1,0,0,00000044,0,1,00000000
6618,00000000,00000000,0,1,0,0,00000044,1,0,00000000
6620,00000000,00000000,0,1,0,0,00000044,0,1,00000000
6621,00000000,00000000,0,1,0,0,00000044,1,0,00000000
6623,00000000,00000000,0,1,0,0,00000044,0,1,00000000
6624,00000000,00000000,0,1,0,0,00000044,1,0,00000000
6626,00000000,00000000,0,1,0,0,00000044,0,1,00000000
6627,00000000,00000000,0,1,0,0,00000044,1,0,00000000
6629,00000000,00000000,0,1,0,0,00000044,0,1,00000000
6630,00000000,00000000,0,1,0,0,00000044,1,0,00000000
6632,00000000,00000000,0,1,0,0,00000044,0,1,00000000
6633,00000000,00000000,0,1,0,0,00000044,1,0,00000000
6635,00000000,00000000,0,1,0,0,00000044,0,1,00000000
6636,00000000,00000000,0,1,0,0,00000044,1,0,00000000
6638,00000000,00000000,0,1,0,0,00000044,0,1,00000000
6639,00000000,00000000,0,1,0,0,00000044,1,0,00000000
6641,00000000,00000000,0,1,0,0,00000044,0,1,00000000
6642,00000000,00000000,0,1,0,0,00000044,1,0,00000000
6644,00000000,00000000,0,1,0,0,00000044,0,1,00000000
6645,00000000,00000000,0,1,0,0,00000044,1,0,00000000
6647,00000000,00000000,0,1,0,0,00000044,0,1,00000000
6648,00000000,00000000,0,1,0,0,00000044,1,0,00000000
6650,00000000,00000000,0,1,0,0,00000044,0,1,00000000
6651,00000000,00000000,0,1,0,0,00000044,1,0,00000000
6653,00000000,00000000,0,1,0,0,00000044,0,1,00000000
6654,00000000,00000000,0,1,0,0,00000044,1,0,00000000
6656,00000000,00000000,0,1,0,0,00000044,0,1,00000000
6657,00000000,00000000,0,1,0,0,00000044,1,0,00000000
6659,00000000,00000000,0,1,0,0,00000044,0,1,00000000
6660,00000000,00000000,0,1,0,0,00000044,1,0,00000000
6662,00000000,00000000,0,1,0,0,00000044,0,1,00000000
6663,00000000,00000000,0,1,0,0,00000044,1,0,00000000
6665,00000000,00000000,0,1,0,0,00000044,0,1,00000000
6666,00000000,00000000,0,1,0,0,00000044,1,0,00000000
6668,00000000,00000000,0,1,0,0,00000044,0,1,00000000
6669,00000000,00000000,0,1,0,0,00000044,1,0,00000000
6671,00000000,00000000,0,1,0,0,00000044,0,1,00000000
6672,00000000,00000000,0,1,0,0,00000044,1,0,00000000
6674,00000000,00000000,0,1,0,0,00000044,0,1,00000000
6675,00000000,00000000,0,1,0,0,00000044,1,0,00000000
6677,00000000,00000000,0,1,0,0,00000044,0,1,00000000
6691,00000000,00000000,0,1,0,0,00000044,1,0,00000000
6693,00000000,00000000,0,1,0,0,00000044,0,1,00000000
6694,00000000,00000000,0,1,0,0,00000044,1,0,00000000
6696,00000000,00000000,0,1,0,0,00000044,0,1,00000000
6697,00000000,00000000,0,1,0,0,00000044,1,0,00000000
6699,00000000,00000000,0,1,0,0,00000044,0,1,00000000
6700,00000000,00000000,0,1,0,0,00000044,1,0,00000000
6702,00000000,00000000,0,1,0,0,00000044,0,1,00000000
6703,00000000,00000000,0,1,0,0,00000044,1,0,00000000
6705,00000000,00000000,0,1,0,0,00000044,0,1,00000000
6706,00000000,00000000,0,1,0,0,00000044,1,0,00000000
6708,00000000,00000000,0,1,0,0,00000044,0,1,00000000
6709,00000000,00000000,0,1,0,0,00000044,1,0,00000000
6711,00000000,00000000,0,1,0,0,00000044,0,1,00000000
6712,00000000,00000000,0,1,0,0,00000044,1,0,00000000
6714,00000000,00000000,0,1,0,0,00000044,0,1,00000000
6715,00000000,00000000,0,1,0,0,00000044,1,0,00000000
6717,00000000,00000000,0,1,0,0,00000044,0,1,00000000
6718,00000000,00000000,0,1,0,0,00000044,1,0,00000000
6720,00000000,00000000,0,1,0,0,00000044,0,1,00000000
6721,00000000,00000000,0,1,0,0,00000044,1,0,00000000
6723,00000000,00000000,0,1,0,0,00000044,0,1,00000000
6724,00000000,00000000,0,1,0,0,00000044,1,0,00000000
6726,00000000,00000000,0,1,0,0,00000044,0,1,00000000
6727,00000000,00000000,0,1,0,0,00000044,1,0,00000000
6729,00000000,00000000,0,1,0,0,00000044,0,1,00000000
6730,00000000,00000000,0,1,0,0,00000044,1,0,00000000
6732,00000000,00000000,0,1,0,0,00000044,0,1,00000000
6733,00000000,00000000,0,1,0,0,00000044,1,0,00000000
6735,00000000,00000000,0,1,0,0,00000044,0,1,00000000
6736,00000000,00000000,0,1,0,0,00000044,1,0,00000000
6738,00000000,00000000,0,1,0,0,00000044,0,1,00000000
6739,00000000,00000000,0,1,0,0,00000044,1,0,00000000
6741,00000000,00000000,0,1,0,0,00000044,0,1,00000000
6742,00000000,00000000,0,1,0,0,00000044,1,0,00000000
6744,00000000,00000000,0,1,0,0,00000044,0,1,00000000
6745,00000000,00000000,0,1,0,0,00000044,1,0,00000000
6747,00000000,00000000,0,1,0,0,00000044,0,1,00000000
6748,00000000,00000000,0,1,0,0,00000044,1,0,00000000
6750,00000000,00000000,0,1,0,0,00000044,0,1,00000000
6751,00000000,00000000,0,1,0,0,00000044,1,0,00000000
6753,00000000,00000000,0,1,0,0,00000044,0,1,00000000
6754,00000000,00000000,0,1,0,0,00000044,1,0,00000000
6756,00000000,00000000,0,1,0,0,00000044,0,1,00000000
6757,00000000,00000000,0,1,0,0,00000044,1,0,00000000
6759,00000000,00000000,0,1,0,0,00000044,0,1,00000000
6760,00000000,00000000,0,1,0,0,00000044,1,0,00000000
6762,00000000,00000000,0,1,0,0,00000044,0,1,00000000
6763,00000000,00000000,0,1,0,0,00000044,1,0,00000000
6765,00000000,00000000,0,1,0,0,00000044,0,1,00000000
6766,00000000,00000000,0,1,0,0,00000044,1,0,00000000
6768,00000000,00000000,0,1,0,0,00000044,0,1,00000000
6769,00000000,00000000,0,1,0,0,00000044,1,0,00000000
6771,00000000,00000000,0,1,0,0,00000044,0,1,00000000
6772,00000000,00000000,0,1,0,0,00000044,1,0,00000000
6774,00000000,00000000,0,1,0,0,00000044,0,1,00000000
6775,00000000,00000000,0,1,0,0,00000044,1,0,00000000
6777,00000000,00000000,0,1,0,0,00000044,0,1,00000000
6778,00000000,00000000,0,1,0,0,00000044,1,0,00000000
6780,00000000,00000000,0,1,0,0,00000044,0,1,00000000
6781,00000000,00000000,0,1,0,0,00000044,1,0,00000000
6783,00000000,00000000,0,1,0,0,00000044,0,1,00000000
6784,00000000,00000000,0,1,0,0,00000044,1,0,00000000
6786,00000000,00000000,0,1,0,0,00000044,0,1,00000000
6787,00000000,00000000,0,1,0,0,00000044,1,0,00000000
6789,00000000,00000000,0,1,0,0,00000044,0,1,00000000
6790,00000000,00000000,0,1,0,0,00000044,1,0,00000000
6792,00000000,00000000,0,1,0,0,00000044,0,1,00000000
6793,00000000,00000000,0,1,0,0,00000044,1,0,00000000
6795,00000000,00000000,0,1,0,0,00000044,0,1,00000000
6796,00000000,00000000,0,1,0,0,00000044,1,0,00000000
6798,00000000,00000000,0,1,0,0,00000044,0,1,00000000
6799,00000000,00000000,0,1,0,0,00000044,1,0,00000000
6801,00000000,00000000,0,1,0,0,00000044,0,1,00000000
6802,00000000,00000000,0,1,0,0,00000044,1,0,00000000
6804,00000000,00000000,0,1,0,0,00000044,0,1,00000000
6805,00000000,00000000,0,1,0,0,00000044,1,0,00000000
6807,00000000,00000000,0,1,0,0,00000044,0,1,00000000
6808,00000000,00000000,0,1,0,0,00000044,1,0,00000000
6810,00000000,00000000,0,1,0,0,00000044,0,1,00000000
6811,00000000,00000000,0,1,0,0,00000044,1,0,00000000
6813,00000000,00000000,0,1,0,0,00000044,0,1,00000000
6814,00000000,00000000,0,1,0,0,00000044,1,0,00000000
6816,00000000,00000000,0,1,0,0,00000044,0,1,00000000
6817,00000000,00000000,0,1,0,0,00000044,1,0,00000000
6819,00000000,00000000,0,1,0,0,00000044,0,1,00000000
6820,00000000,00000000,0,1,0,0,00000044,1,0,00000000
6822,00000000,00000000,0,1,0,0,00000044,0,1,00000000
6823,00000000,00000000,0,1,0,0,00000044,1,0,00000000
6825,00000000,00000000,0,1,0,0,00000044,0,1,00000000
6826,00000000,00000000,0,1,0,0,00000044,1,0,00000000
6828,00000000,00000000,0,1,0,0,00000044,0,1,00000000
6829,00000000,00000000,0,1,0,0,00000044,1,0,00000000
6831,00000000,00000000,0,1,0,0,00000044,0,1,00000000
6832,00000000,00000000,0,1,0,0,00000044,1,0,00000000
6834,00000000,00000000,0,1,0,0,00000044,0,1,00000000
6835,00000000,00000000,0,1,0,0,00000044,1,0,00000000
6837,00000000,00000000,0,1,0,0,00000044,0,1,00000000
6838,00000000,00000000,0,1,0,0,00000044,1,0,00000000
6840,00000000,00000000,0,1,0,0,00000044,0,1,00000000
6841,00000000,00000000,0,1,0,0,00000044,1,0,00000000
6843,00000000,00000000,0,1,0,0,00000044,0,1,00000000
6844,00000000,00000000,0,1,0,0,00000044,1,0,00000000
6846,00000000,00000000,0,1,0,0,00000044,0,1,00000000
6847,00000000,00000000,0,1,0,0,00000044,1,0,00000000
6849,00000000,00000000,0,1,0,0,00000044,0,1,00000000
6850,00000000,00000000,0,1,0,0,00000044,1,0,00000000
6852,00000000,00000000,0,1,0,0,00000044,0,1,00000000
6853,00000000,00000000,0,1,0,0,00000044,1,0,00000000
6855,00000000,00000000,0,1,0,0,00000044,0,1,00000000
6856,00000000,00000000,0,1,0,0,00000044,1,0,00000000
6858,00000000,00000000,0,1,0,0,00000044,0,1,00000000
6859,00000000,00000000,0,1,0,0,00000044,1,0,00000000
6861,00000000,00000000,0,1,0,0,00000044,0,1,00000000
6862,00000000,00000000,0,1,0,0,00000044,1,0,00000000
6864,00000000,00000000,0,1,0,0,00000044,0,1,00000000
6865,00000000,00000000,0,1,0,0,00000044,1,0,00000000
6867,00000000,00000000,0,1,0,0,00000044,0,1,00000000
6868,00000000,00000000,0,1,0,0,00000044,1,0,00000000
6870,00000000,00000000,0,1,0,0,00000044,0,1,00000000
6871,00000000,00000000,0,1,0,0,00000044,1,0,00000000
6873,00000000,00000000,0,1,0,0,00000044,0,1,00000000
6874,00000000,00000000,0,1,0,0,00000044,1,0,00000000
6876,00000000,00000000,0,1,0,0,00000044,0,1,00000000
6877,00000000,00000000,0,1,0,0,00000044,1,0,00000000
6879,00000000,00000000,0,1,0,0,00000044,0,1,00000000
6880,00000000,00000000,0,1,0,0,00000044,1,0,00000000
6882,00000000,00000000,0,1,0,0,00000044,0,1,00000000
6883,00000000,00000000,0,1,0,0,00000044,1,0,00000000
6885,00000000,00000000,0,1,0,0,00000044,0,1,00000000
6886,00000000,00000000,0,1,0,0,00000044,1,0,00000000
6888,00000000,00000000,0,1,0,0,00000044,0,1,00000000
6889,00000000,00000000,0,1,0,0,00000044,1,0,00000000
6891,00000000,00000000,0,1,0,0,00000044,0,1,00000000
6892,00000000,00000000,0,1,0,0,00000044,1,0,00000000
6894,00000000,00000000,0,1,0,0,00000044,0,1,00000000
6895,00000000,00000000,0,1,0,0,00000044,1,0,00000000
6897,00000000,00000000,0,1,0,0,00000044,0,1,00000000
6898,00000000,00000000,0,1,0,0,00000044,1,0,00000000
6900,00000000,00000000,0,1,0,0,00000044,0,1,00000000
6901,00000000,00000000,0,1,0,0,00000044,1,0,00000000
6903,00000000,00000000,0,1,0,0,00000044,0,1,00000000
6904,00000000,00000000,0,1,0,0,00000044,1,0,00000000
6906,00000000,00000000,0,1,0,0,00000044,0,1,00000000
6907,00000000,00000000,0,1,0,0,00000044,1,0,00000000
6909,00000000,00000000,0,1,0,0,00000044,0,1,00000000
6910,00000000,00000000,0,1,0,0,00000044,1,0,00000000
6912,00000000,00000000,0,1,0,0,00000044,0,1,00000000
6913,00000000,00000000,0,1,0,0,00000044,1,0,00000000
6915,00000000,00000000,0,1,0,0,00000044,0,1,00000000
6916,00000000,00000000,0,1,0,0,00000044,1,0,00000000
6918,00000000,00000000,0,1,0,0,00000044,0,1,00000000
6919,00000000,00000000,0,1,0,0,00000044,1,0,00000000
6921,00000000,00000000,0,1,0,0,00000044,0,1,00000000
6922,00000000,00000000,0,1,0,0,00000044,1,0,00000000
6924,00000000,00000000,0,1,0,0,00000044,0,1,00000000
6925,00000000,00000000,0,1,0,0,00000044,1,0,00000000
6927,00000000,00000000,0,1,0,0,00000044,0,1,00000000
6928,00000000,00000000,0,1,0,0,00000044,1,0,00000000
6930,00000000,00000000,0,1,0,0,00000044,0,1,00000000
6931,00000000,00000000,0,1,0,0,00000044,1,0,00000000
6933,00000000,00000000,0,1,0,0,00000044,0,1,00000000
6947,00000000,00000000,0,1,0,0,00000044,1,0,00000000
6949,00000000,00000000,0,1,0,0,00000044,0,1,00000000
6950,00000000,00000000,0,1,0,0,00000044,1,0,00000000
6952,00000000,00000000,0,1,0,0,00000044,0,1,00000000
6953,00000000,00000000,0,1,0,0,00000044,1,0,00000000
6955,00000000,00000000,0,1,0,0,00000044,0,1,00000000
6956,00000000,00000000,0,1,0,0,00000044,1,0,00000000
6958,00000000,00000000,0,1,0,0,00000044,0,1,00000000
6959,00000000,00000000,0,1,0,0,00000044,1,0,00000000
6961,00000000,00000000,0,1,0,0,00000044,0,1,00000000
6962,00000000,00000000,0,1,0,0,00000044,1,0,00000000
6964,00000000,00000000,0,1,0,0,00000044,0,1,00000000
6965,00000000,00000000,0,1,0,0,00000044,1,0,00000000
6967,00000000,00000000,0,1,0,0,00000044,0,1,00000000
6968,00000000,00000000,0,1,0,0,00000044,1,0,00000000
6970,00000000,00000000,0,1,0,0,00000044,0,1,00000000
6971,00000000,00000000,0,1,0,0,00000044,1,0,00000000
6973,00000000,00000000,0,1,0,0,00000044,0,1,00000000
6974,00000000,00000000,0,1,0,0,00000044,1,0,00000000
6976,00000000,00000000,0,1,0,0,00000044,0,1,00000000
6977,00000000,00000000,0,1,0,0,00000044,1,0,00000000
6979,00000000,00000000,0,1,0,0,00000044,0,1,00000000
6980,00000000,00000000,0,1,0,0,00000044,1,0,00000000
6982,00000000,00000000,0,1,0,0,00000044,0,1,00000000
6983,00000000,00000000,0,1,0,0,00000044,1,0,00000000
6985,00000000,00000000,0,1,0,0,00000044,0,1,00000000
6986,00000000,00000000,0,1,0,0,00000044,1,0,00000000
6988,00000000,00000000,0,1,0,0,00000044,0,1,00000000
6989,00000000,00000000,0,1,0,0,00000044,1,0,00000000
6991,00000000,00000000,0,1,0,0,00000044,0,1,00000000
6992,00000000,00000000,0,1,0,0,00000044,1,0,00000000
6994,00000000,00000000,0,1,0,0,00000044,0,1,00000000
6995,00000000,00000000,0,1,0,0,00000044,1,0,00000000
6997,00000000,00000000,0,1,0,0,00000044,0,1,00000000
6998,00000000,00000000,0,1,0,0,00000044,1,0,00000000
7000,00000000,00000000,0,1,0,0,00000044,0,1,00000000
7001,00000000,00000000,0,1,0,0,00000044,1,0,00000000
7003,00000000,00000000,0,1,0,0,00000044,0,1,00000000
7004,00000000,00000000,0,1,0,0,00000044,1,0,00000000
7006,00000000,00000000,0,1,0,0,00000044,0,1,00000000
7007,00000000,00000000,0,1,0,0,00000044,1,0,00000000
7009,00000000,00000000,0,1,0,0,00000044,0,1,00000000
7010,00000000,00000000,0,1,0,0,00000044,1,0,00000000
7012,00000000,00000000,0,1,0,0,00000044,0,1,00000000
7013,00000000,00000000,0,1,0,0,00000044,1,0,00000000
7015,00000000,00000000,0,1,0,0,00000044,0,1,00000000
7016,00000000,00000000,0,1,0,0,00000044,1,0,00000000
7018,00000000,00000000,0,1,0,0,00000044,0,1,00000000
7019,00000000,00000000,0,1,0,0,00000044,1,0,00000000
7021,00000000,00000000,0,1,0,0,00000044,0,1,00000000
7022,00000000,00000000,0,1,0,0,00000044,1,0,00000000
7024,00000000,00000000,0,1,0,0,00000044,0,1,00000000
7025,00000000,00000000,0,1,0,0,00000044,1,0,00000000
7027,00000000,00000000,0,1,0,0,00000044,0,1,00000000
7028,00000000,00000000,0,1,0,0,00000044,1,0,00000000
7030,00000000,00000000,0,1,0,0,00000044,0,1,00000000
7031,00000000,00000000,0,1,0,0,00000044,1,0,00000000
7033,00000000,00000000,0,1,0,0,00000044,0,1,00000000
7034,00000000,00000000,0,1,0,0,00000044,1,0,00000000
7036,00000000,00000000,0,1,0,0,00000044,0,1,00000000
7037,00000000,00000000,0,1,0,0,00000044,1,0,00000000
7039,00000000,00000000,0,1,0,0,00000044,0,1,00000000
7040,00000000,00000000,0,1,0,0,00000044,1,0,00000000
7042,00000000,00000000,0,1,0,0,00000044,0,1,00000000
7043,00000000,00000000,0,1,0,0,00000044,1,0,00000000
7045,00000000,00000000,0,1,0,0,00000044,0,1,00000000
7046,00000000,00000000,0,1,0,0,00000044,1,0,00000000
7048,00000000,00000000,0,1,0,0,00000044,0,1,00000000
7049,00000000,00000000,0,1,0,0,00000044,1,0,00000000
7051,00000000,00000000,0,1,0,0,00000044,0,1,00000000
7052,00000000,00000000,0,1,0,0,00000044,1,0,00000000
7054,00000000,00000000,0,1,0,0,00000044,0,1,00000000
7055,00000000,00000000,0,1,0,0,00000044,1,0,00000000
7057,00000000,00000000,0,1,0,0,00000044,0,1,00000000
7058,00000000,00000000,0,1,0,0,00000044,1,0,00000000
7060,00000000,00000000,0,1,0,0,00000044,0,1,00000000
7061,00000000,00000000,0,1,0,0,00000044,1,0,00000000
7063,00000000,00000000,0,1,0,0,00000044,0,1,00000000
7064,00000000,00000000,0,1,0,0,00000044,1,0,00000000
7066,00000000,00000000,0,1,0,0,00000044,0,1,00000000
7067,00000000,00000000,0,1,0,0,00000044,1,0,00000000
7069,00000000,00000000,0,1,0,0,00000044,0,1,00000000
7070,00000000,00000000,0,1,0,0,00000044,1,0,00000000
7072,00000000,00000000,0,1,0,0,00000044,0,1,00000000
7073,00000000,00000000,0,1,0,0,00000044,1,0,00000000
7075,00000000,00000000,0,1,0,0,00000044,0,1,00000000
7076,00000000,00000000,0,1,0,0,00000044,1,0,00000000
7078,00000000,00000000,0,1,0,0,00000044,0,1,00000000
7079,00000000,00000000,0,1,0,0,00000044,1,0,00000000
7081,00000000,00000000,0,1,0,0,00000044,0,1,00000000
7082,00000000,00000000,0,1,0,0,00000044,1,0,00000000
7084,00000000,00000000,0,1,0,0,00000044,0,1,00000000
7085,00000000,00000000,0,1,0,0,00000044,1,0,00000000
7087,00000000,00000000,0,1,0,0,00000044,0,1,00000000
7088,00000000,00000000,0,1,0,0,00000044,1,0,00000000
7090,00000000,00000000,0,1,0,0,00000044,0,1,00000000
7091,00000000,00000000,0,1,0,0,00000044,1,0,00000000
7093,00000000,00000000,0,1,0,0,00000044,0,1,00000000
7094,00000000,00000000,0,1,0,0,00000044,1,0,00000000
7096,00000000,00000000,0,1,0,0,00000044,0,1,00000000
7097,00000000,00000000,0,1,0,0,00000044,1,0,00000000
7099,00000000,00000000,0,1,0,0,00000044,0,1,00000000
7100,00000000,00000000,0,1,0,0,00000044,1,0,00000000
7102,00000000,00000000,0,1,0,0,00000044,0,1,00000000
7103,00000000,00000000,0,1,0,0,00000044,1,0,00000000
7105,00000000,00000000,0,1,0,0,00000044,0,1,00000000
7106,00000000,00000000,0,1,0,0,00000044,1,0,00000000
7108,00000000,00000000,0,1,0,0,00000044,0,1,00000000
7109,00000000,00000000,0,1,0,0,00000044,1,0,00000000
7111,00000000,00000000,0,1,0,0,00000044,0,1,00000000
7112,00000000,00000000,0,1,0,0,00000044,1,0,00000000
7114,00000000,00000000,0,1,0,0,00000044,0,1,00000000
7115,00000000,00000000,0,1,0,0,00000044,1,0,00000000
7117,00000000,00000000,0,1,0,0,00000044,0,1,00000000
7118,00000000,00000000,0,1,0,0,00000044,1,0,00000000
7120,00000000,00000000,0,1,0,0,00000044,0,1,00000000
7121,00000000,00000000,0,1,0,0,00000044,1,0,00000000
7123,00000000,00000000,0,1,0,0,00000044,0,1,00000000
7124,00000000,00000000,0,1,0,0,00000044,1,0,00000000
7126,00000000,00000000,0,1,0,0,00000044,0,1,00000000
7127,00000000,00000000,0,1,0,0,00000044,1,0,00000000
7129,00000000,00000000,0,1,0,0,00000044,0,1,00000000
7130,00000000,00000000,0,1,0,0,00000044,1,0,00000000
7132,00000000,00000000,0,1,0,0,00000044,0,1,00000000
7133,00000000,00000000,0,1,0,0,00000044,1,0,00000000
7135,00000000,00000000,0,1,0,0,00000044,0,1,00000000
7136,00000000,00000000,0,1,0,0,00000044,1,0,00000000
7138,00000000,00000000,0,1,0,0,00000044,0,1,00000000
7139,00000000,00000000,0,1,0,0,00000044,1,0,00000000
7141,00000000,00000000,0,1,0,0,00000044,0,1,00000000
7142,00000000,00000000,0,1,0,0,00000044,1,0,00000000
7144,00000000,00000000,0,1,0,0,00000044,0,1,00000000
7145,00000000,00000000,0,1,0,0,00000044,1,0,00000000
7147,00000000,00000000,0,1,0,0,00000044,0,1,00000000
7148,00000000,00000000,0,1,0,0,00000044,1,0,00000000
7150,00000000,00000000,0,1,0,0,00000044,0,1,00000000
7151,00000000,00000000,0,1,0,0,00000044,1,0,00000000
7153,00000000,00000000,0,1,0,0,00000044,0,1,00000000
7154,00000000,00000000,0,1,0,0,00000044,1,0,00000000
7156,00000000,00000000,0,1,0,0,00000044,0,1,00000000
7157,00000000,00000000,0,1,0,0,00000044,1,0,00000000
7159,00000000,00000000,0,1,0,0,00000044,0,1,00000000
7160,00000000,00000000,0,1,0,0,00000044,1,0,00000000
7162,00000000,00000000,0,1,0,0,00000044,0,1,00000000
7163,00000000,00000000,0,1,0,0,00000044,1,0,00000000
7165,00000000,00000000,0,1,0,0,00000044,0,1,00000000
7166,00000000,00000000,0,1,0,0,00000044,1,0,00000000
7168,00000000,00000000,0,1,0,0,00000044,0,1,00000000
7169,00000000,00000000,0,1,0,0,00000044,1,0,00000000
7171,00000000,00000000,0,1,0,0,00000044,0,1,00000000
7172,00000000,00000000,0,1,0,0,00000044,1,0,00000000
7174,00000000,00000000,0,1,0,0,00000044,0,1,00000000
7175,00000000,00000000,0,1,0,0,00000044,1,0,00000000
7177,00000000,00000000,0,1,0,0,00000044,0,1,00000000
7178,00000000,00000000,0,1,0,0,00000044,1,0,00000000
7180,00000000,00000000,0,1,0,0,00000044,0,1,00000000
7181,00000000,00000000,0,1,0,0,00000044,1,0,00000000
7183,00000000,00000000,0,1,0,0,00000044,0,1,00000000
7184,00000000,00000000,0,1,0,0,00000044,1,0,00000000
7186,00000000,00000000,0,1,0,0,00000044,0,1,00000000
7187,00000000,00000000,0,1,0,0,00000044,1,0,00000000
7189,00000000,00000000,0,1,0,0,00000044,0,1,00000000
7203,00000000,00000000,0,1,0,0,00000044,1,0,00000000
7205,00000000,00000000,0,1,0,0,00000044,0,1,00000000
7206,00000000,00000000,0,1,0,0,00000044,1,0,00000000
7208,00000000,00000000,0,1,0,0,00000044,0,1,00000000
7209,00000000,00000000,0,1,0,0,00000044,1,0,00000000
7211,00000000,00000000,0,1,0,0,00000044,0,1,00000000
7212,00000000,00000000,0,1,0,0,00000044,1,0,00000000
7214,00000000,00000000,0,1,0,0,00000044,0,1,00000000
7215,00000000,00000000,0,1,0,0,00000044,1,0,00000000
7217,00000000,00000000,0,1,0,0,00000044,0,1,00000000
7218,00000000,00000000,0,1,0,0,00000044,1,0,00000000
7220,00000000,00000000,0,1,0,0,00000044,0,1,00000000
7221,00000000,00000000,0,1,0,0,00000044,1,0,00000000
7223,00000000,00000000,0,1,0,0,00000044,0,1,00000000
7224,00000000,00000000,0,1,0,0,00000044,1,0,00000000
7226,00000000,00000000,0,1,0,0,00000044,0,1,00000000
7227,00000000,00000000,0,1,0,0,00000044,1,0,00000000
7229,00000000,00000000,0,1,0,0,00000044,0,1,00000000
7230,00000000,00000000,0,1,0,0,00000044,1,0,00000000
7232,00000000,00000000,0,1,0,0,00000044,0,1,00000000
7233,00000000,00000000,0,1,0,0,00000044,1,0,00000000
7235,00000000,00000000,0,1,0,0,00000044,0,1,00000000
7236,00000000,00000000,0,1,0,0,00000044,1,0,00000000
7238,00000000,00000000,0,1,0,0,00000044,0,1,00000000
7239,00000000,00000000,0,1,0,0,00000044,1,0,00000000
7241,00000000,00000000,0,1,0,0,00000044,0,1,00000000
7242,00000000,00000000,0,1,0,0,00000044,1,0,00000000
7244,00000000,00000000,0,1,0,0,00000044,0,1,00000000
7245,00000000,00000000,0,1,0,0,00000044,1,0,00000000
7247,00000000,00000000,0,1,0,0,00000044,0,1,00000000
7248,00000000,00000000,0,1,0,0,00000044,1,0,00000000
7250,00000000,00000000,0,1,0,0,00000044,0,1,00000000
7251,00000000,00000000,0,1,0,0,00000044,1,0,00000000
7253,00000000,00000000,0,1,0,0,00000044,0,1,00000000
7254,00000000,00000000,0,1,0,0,00000044,1,0,00000000
7256,00000000,00000000,0,1,0,0,00000044,0,1,00000000
7257,00000000,00000000,0,1,0,0,00000044,1,0,00000000
7259,00000000,00000000,0,1,0,0,00000044,0,1,00000000
7260,00000000,00000000,0,1,0,0,00000044,1,0,00000000
7262,00000000,00000000,0,1,0,0,00000044,0,1,00000000
7263,00000000,00000000,0,1,0,0,00000044,1,0,00000000
7265,00000000,00000000,0,1,0,0,00000044,0,1,00000000
7266,00000000,00000000,0,1,0,0,00000044,1,0,00000000
7268,00000000,00000000,0,1,0,0,00000044,0,1,00000000
7269,00000000,00000000,0,1,0,0,00000044,1,0,00000000
7271,00000000,00000000,0,1,0,0,00000044,0,1,00000000
7272,00000000,00000000,0,1,0,0,00000044,1,0,00000000
7274,00000000,00000000,0,1,0,0,00000044,0,1,00000000
7275,00000000,00000000,0,1,0,0,00000044,1,0,00000000
7277,00000000,00000000,0,1,0,0,00000044,0,1,00000000
7278,00000000,00000000,0,1,0,0,00000044,1,0,00000000
7280,00000000,00000000,0,1,0,0,00000044,0,1,00000000
7281,00000000,00000000,0,1,0,0,00000044,1,0,00000000
7283,00000000,00000000,0,1,0,0,00000044,0,1,00000000
7284,00000000,00000000,0,1,0,0,00000044,1,0,00000000
7286,00000000,00000000,0,1,0,0,00000044,0,1,00000000
7287,00000000,00000000,0,1,0,0,00000044,1,0,00000000
7289,00000000,00000000,0,1,0,0,00000044,0,1,00000000
7290,00000000,00000000,0,1,0,0,00000044,1,0,00000000
7292,00000000,00000000,0,1,0,0,00000044,0,1,00000000
7293,00000000,00000000,0,1,0,0,00000044,1,0,00000000
7295,00000000,00000000,0,1,0,0,00000044,0,1,00000000
7296,00000000,00000000,0,1,0,0,00000044,1,0,00000000
7298,00000000,00000000,0,1,0,0,00000044,0,1,00000000
7299,00000000,00000000,0,1,0,0,00000044,1,0,00000000
7301,00000000,00000000,0,1,0,0,00000044,0,1,00000000
7302,00000000,00000000,0,1,0,0,00000044,1,0,00000000
7304,00000000,00000000,0,1,0,0,00000044,0,1,00000000
7305,00000000,00000000,0,1,0,0,00000044,1,0,00000000
7307,00000000,00000000,0,1,0,0,00000044,0,1,00000000
7308,00000000,00000000,0,1,0,0,00000044,1,0,00000000
7310,00000000,00000000,0,1,0,0,00000044,0,1,00000000
7311,00000000,00000000,0,1,0,0,00000044,1,0,00000000
7313,00000000,00000000,0,1,0,0,00000044,0,1,00000000
7314,00000000,00000000,0,1,0,0,00000044,1,0,00000000
7316,00000000,00000000,0,1,0,0,00000044,0,1,00000000
7317,00000000,00000000,0,1,0,0,00000044,1,0,00000000
7319,00000000,00000000,0,1,0,0,00000044,0,1,00000000
7320,00000000,00000000,0,1,0,0,00000044,1,0,00000000
7322,00000000,00000000,0,1,0,0,00000044,0,1,00000000
7323,00000000,00000000,0,1,0,0,00000044,1,0,00000000
7325,00000000,00000000,0,1,0,0,00000044,0,1,00000000
7326,00000000,00000000,0,1,0,0,00000044,1,0,00000000
7328,00000000,00000000,0,1,0,0,00000044,0,1,00000000
7329,00000000,00000000,0,1,0,0,00000044,1,0,00000000
7331,00000000,00000000,0,1,0,0,00000044,0,1,00000000
7332,00000000,00000000,0,1,0,0,00000044,1,0,00000000
7334,00000000,00000000,0,1,0,0,00000044,0,1,00000000
7335,00000000,00000000,0,1,0,0,00000044,1,0,00000000
7337,00000000,00000000,0,1,0,0,00000044,0,1,00000000
7338,00000000,00000000,0,1,0,0,00000044,1,0,00000000
7340,00000000,00000000,0,1,0,0,00000044,0,1,00000000
7341,00000000,00000000,0,1,0,0,00000044,1,0,00000000
7343,00000000,00000000,0,1,0,0,00000044,0,1,00000000
7344,00000000,00000000,0,1,0,0,00000044,1,0,00000000
7346,00000000,00000000,0,1,0,0,00000044,0,1,00000000
7347,00000000,00000000,0,1,0,0,00000044,1,0,00000000
7349,00000000,00000000,0,1,0,0,00000044,0,1,00000000
7350,00000000,00000000,0,1,0,0,00000044,1,0,00000000
7352,00000000,00000000,0,1,0,0,00000044,0,1,00000000
7353,00000000,00000000,0,1,0,0,00000044,1,0,00000000
7355,00000000,00000000,0,1,0,0,00000044,0,1,00000000
7356,00000000,00000000,0,1,0,0,00000044,1,0,00000000
7358,00000000,00000000,0,1,0,0,00000044,0,1,00000000
7359,00000000,00000000,0,1,0,0,00000044,1,0,00000000
7361,00000000,00000000,0,1,0,0,00000044,0,1,00000000
7362,00000000,00000000,0,1,0,0,00000044,1,0,00000000
7364,00000000,00000000,0,1,0,0,00000044,0,1,00000000
7365,00000000,00000000,0,1,0,0,00000044,1,0,00000000
7367,00000000,00000000,0,1,0,0,00000044,0,1,00000000
7368,00000000,00000000,0,1,0,0,00000044,1,0,00000000
7370,00000000,00000000,0,1,0,0,00000044,0,1,00000000
7371,00000000,00000000,0,1,0,0,00000044,1,0,00000000
7373,00000000,00000000,0,1,0,0,00000044,0,1,00000000
7374,00000000,00000000,0,1,0,0,00000044,1,0,00000000
7376,00000000,00000000,0,1,0,0,00000044,0,1,00000000
7377,00000000,00000000,0,1,0,0,00000044,1,0,00000000
7379,00000000,00000000,0,1,0,0,00000044,0,1,00000000
7380,00000000,00000000,0,1,0,0,00000044,1,0,00000000
7382,00000000,00000000,0,1,0,0,00000044,0,1,00000000
7383,00000000,00000000,0,1,0,0,00000044,1,0,00000000
7385,00000000,00000000,0,1,0,0,00000044,0,1,00000000
7386,00000000,00000000,0,1,0,0,00000044,1,0,00000000
7388,00000000,00000000,0,1,0,0,00000044,0,1,00000000
7389,00000000,00000000,0,1,0,0,00000044,1,0,00000000
7391,00000000,00000000,0,1,0,0,00000044,0,1,00000000
7392,00000000,00000000,0,1,0,0,00000044,1,0,00000000
7394,00000000,00000000,0,1,0,0,00000044,0,1,00000000
7395,00000000,00000000,0,1,0,0,00000044,1,0,00000000
7397,00000000,00000000,0,1,0,0,00000044,0,1,00000000
7398,00000000,00000000,0,1,0,0,00000044,1,0,00000000
7400,00000000,00000000,0,1,0,0,00000044,0,1,00000000
7401,00000000,00000000,0,1,0,0,00000044,1,0,00000000
7403,00000000,00000000,0,1,0,0,00000044,0,1,00000000
7404,00000000,00000000,0,1,0,0,00000044,1,0,00000000
7406,00000000,00000000,0,1,0,0,00000044,0,1,00000000
7407,00000000,00000000,0,1,0,0,00000044,1,0,00000000
7409,00000000,00000000,0,1,0,0,00000044,0,1,00000000
7410,00000000,00000000,0,1,0,0,00000044,1,0,00000000
7412,00000000,00000000,0,1,0,0,00000044,0,1,00000000
7413,00000000,00000000,0,1,0,0,00000044,1,0,00000000
7415,00000000,00000000,0,1,0,0,00000044,0,1,00000000
7416,00000000,00000000,0,1,0,0,00000044,1,0,00000000
7418,00000000,00000000,0,1,0,0,00000044,0,1,00000000
7419,00000000,00000000,0,1,0,0,00000044,1,0,00000000
7421,00000000,00000000,0,1,0,0,00000044,0,1,00000000
7422,00000000,00000000,0,1,0,0,00000044,1,0,00000000
7424,00000000,00000000,0,1,0,0,00000044,0,1,00000000
7425,00000000,00000000,0,1,0,0,00000044,1,0,00000000
7427,00000000,00000000,0,1,0,0,00000044,0,1,00000000
7428,00000000,00000000,0,1,0,0,00000044,1,0,00000000
7430,00000000,00000000,0,1,0,0,00000044,0,1,00000000
7431,00000000,00000000,0,1,0,0,00000044,1,0,00000000
7433,00000000,00000000,0,1,0,0,00000044,0,1,00000000
7434,00000000,00000000,0,1,0,0,00000044,1,0,00000000
7436,00000000,00000000,0,1,0,0,00000044,0,1,00000000
7437,00000000,00000000,0,1,0,0,00000044,1,0,00000000
7439,00000000,00000000,0,1,0,0,00000044,0,1,00000000
7440,00000000,00000000,0,1,0,0,00000044,1,0,00000000
7442,00000000,00000000,0,1,0,0,00000044,0,1,00000000
7443,00000000,00000000,0,1,0,0,00000044,1,0,00000000
7445,00000000,00000000,0,1,0,0,00000044,0,1,00000000
7459,00000000,00000000,0,1,0,0,00000044,1,0,00000000
7461,00000000,00000000,0,1,0,0,00000044,0,1,00000000
7462,00000000,00000000,0,1,0,0,00000044,1,0,00000000
7464,00000000,00000000,0,1,0,0,00000044,0,1,00000000
7465,00000000,00000000,0,1,0,0,00000044,1,0,00000000
7467,00000000,00000000,0,1,0,0,00000044,0,1,00000000
7468,00000000,00000000,0,1,0,0,00000044,1,0,00000000
7470,00000000,00000000,0,1,0,0,00000044,0,1,00000000
7471,00000000,00000000,0,1,0,0,00000044,1,0,00000000
7473,00000000,00000000,0,1,0,0,00000044,0,1,00000000
7474,00000000,00000000,0,1,0,0,00000044,1,0,00000000
7476,00000000,00000000,0,1,0,0,00000044,0,1,00000000
7477,00000000,00000000,0,1,0,0,00000044,1,0,00000000
7479,00000000,00000000,0,1,0,0,00000044,0,1,00000000
7480,00000000,00000000,0,1,0,0,00000044,1,0,00000000
7482,00000000,00000000,0,1,0,0,00000044,0,1,00000000
7483,00000000,00000000,0,1,0,0,00000044,1,0,00000000
7485,00000000,00000000,0,1,0,0,00000044,0,1,00000000
7486,00000000,00000000,0,1,0,0,00000044,1,0,00000000
7488,00000000,00000000,0,1,0,0,00000044,0,1,00000000
7489,00000000,00000000,0,1,0,0,00000044,1,0,00000000
7491,00000000,00000000,0,1,0,0,00000044,0,1,00000000
7492,00000000,00000000,0,1,0,0,00000044,1,0,00000000
7494,00000000,00000000,0,1,0,0,00000044,0,1,00000000
7495,00000000,00000000,0,1,0,0,00000044,1,0,00000000
7497,00000000,00000000,0,1,0,0,00000044,0,1,00000000
7498,00000000,00000000,0,1,0,0,00000044,1,0,00000000
7500,00000000,00000000,0,1,0,0,00000044,0,1,00000000
7501,00000000,00000000,0,1,0,0,00000044,1,0,00000000
7503,00000000,00000000,0,1,0,0,00000044,0,1,00000000
7504,00000000,00000000,0,1,0,0,00000044,1,0,00000000
7506,00000000,00000000,0,1,0,0,00000044,0,1,00000000
7507,00000000,00000000,0,1,0,0,00000044,1,0,00000000
7509,00000000,00000000,0,1,0,0,00000044,0,1,00000000
7510,00000000,00000000,0,1,0,0,00000044,1,0,00000000
7512,00000000,00000000,0,1,0,0,00000044,0,1,00000000
7513,00000000,00000000,0,1,0,0,00000044,1,0,00000000
7515,00000000,00000000,0,1,0,0,00000044,0,1,00000000
7516,00000000,00000000,0,1,0,0,00000044,1,0,00000000
7518,00000000,00000000,0,1,0,0,00000044,0,1,00000000
7519,00000000,00000000,0,1,0,0,00000044,1,0,00000000
7521,00000000,00000000,0,1,0,0,00000044,0,1,00000000
7522,00000000,00000000,0,1,0,0,00000044,1,0,00000000
7524,00000000,00000000,0,1,0,0,00000044,0,1,00000000
7525,00000000,00000000,0,1,0,0,00000044,1,0,00000000
7527,00000000,00000000,0,1,0,0,00000044,0,1,00000000
7528,00000000,00000000,0,1,0,0,00000044,1,0,00000000
7530,00000000,00000000,0,1,0,0,00000044,0,1,00000000
7531,00000000,00000000,0,1,0,0,00000044,1,0,00000000
7533,00000000,00000000,0,1,0,0,00000044,0,1,00000000
7534,00000000,00000000,0,1,0,0,00000044,1,0,00000000
7536,00000000,00000000,0,1,0,0,00000044,0,1,00000000
7537,00000000,00000000,0,1,0,0,00000044,1,0,00000000
7539,00000000,00000000,0,1,0,0,00000044,0,1,00000000
7540,00000000,00000000,0,1,0,0,00000044,1,0,00000000
7542,00000000,00000000,0,1,0,0,00000044,0,1,00000000
7543,00000000,00000000,0,1,0,0,00000044,1,0,00000000
7545,00000000,00000000,0,1,0,0,00000044,0,1,00000000
7546,00000000,00000000,0,1,0,0,00000044,1,0,00000000
7548,00000000,00000000,0,1,0,0,00000044,0,1,00000000
7549,00000000,00000000,0,1,0,0,00000044,1,0,00000000
7551,00000000,00000000,0,1,0,0,00000044,0,1,00000000
7552,00000000,00000000,0,1,0,0,00000044,1,0,00000000
7554,00000000,00000000,0,1,0,0,00000044,0,1,00000000
7555,00000000,00000000,0,1,0,0,00000044,1,0,00000000
7557,00000000,00000000,0,1,0,0,00000044,0,1,00000000
7558,00000000,00000000,0,1,0,0,00000044,1,0,00000000
7560,00000000,00000000,0,1,0,0,00000044,0,1,00000000
7561,00000000,00000000,0,1,0,0,00000044,1,0,00000000
7563,00000000,00000000,0,1,0,0,00000044,0,1,00000000
7564,00000000,00000000,0,1,0,0,00000044,1,0,00000000
7566,00000000,00000000,0,1,0,0,00000044,0,1,00000000
7567,00000000,00000000,0,1,0,0,00000044,1,0,00000000
7569,00000000,00000000,0,1,0,0,00000044,0,1,00000000
7570,00000000,00000000,0,1,0,0,00000044,1,0,00000000
7572,00000000,00000000,0,1,0,0,00000044,0,1,00000000
7573,00000000,00000000,0,1,0,0,00000044,1,0,00000000
7575,00000000,00000000,0,1,0,0,00000044,0,1,00000000
7576,00000000,00000000,0,1,0,0,00000044,1,0,00000000
7578,00000000,00000000,0,1,0,0,00000044,0,1,00000000
7579,00000000,00000000,0,1,0,0,00000044,1,0,00000000
7581,00000000,00000000,0,1,0,0,00000044,0,1,00000000
7582,00000000,00000000,0,1,0,0,00000044,1,0,00000000
7584,00000000,00000000,0,1,0,0,00000044,0,1,00000000
7585,00000000,00000000,0,1,0,0,00000044,1,0,00000000
7587,00000000,00000000,0,1,0,0,00000044,0,1,00000000
7588,00000000,00000000,0,1,0,0,00000044,1,0,00000000
7590,00000000,00000000,0,1,0,0,00000044,0,1,00000000
7591,00000000,00000000,0,1,0,0,00000044,1,0,00000000
7593,00000000,00000000,0,1,0,0,00000044,0,1,00000000
7594,00000000,00000000,0,1,0,0,00000044,1,0,00000000
7596,00000000,00000000,0,1,0,0,00000044,0,1,00000000
7597,00000000,00000000,0,1,0,0,00000044,1,0,00000000
7599,00000000,00000000,0,1,0,0,00000044,0,1,00000000
7600,00000000,00000000,0,1,0,0,00000044,1,0,00000000
7602,00000000,00000000,0,1,0,0,00000044,0,1,00000000
7603,00000000,00000000,0,1,0,0,00000044,1,0,00000000
7605,00000000,00000000,0,1,0,0,00000044,0,1,00000000
7606,00000000,00000000,0,1,0,0,00000044,1,0,00000000
7608,00000000,00000000,0,1,0,0,00000044,0,1,00000000
7609,00000000,00000000,0,1,0,0,00000044,1,0,00000000
7611,00000000,00000000,0,1,0,0,00000044,0,1,00000000
7612,00000000,00000000,0,1,0,0,00000044,1,0,00000000
7614,00000000,00000000,0,1,0,0,00000044,0,1,00000000
7615,00000000,00000000,0,1,0,0,00000044,1,0,00000000
7617,00000000,00000000,0,1,0,0,00000044,0,1,00000000
7618,00000000,00000000,0,1,0,0,00000044,1,0,00000000
7620,00000000,00000000,0,1,0,0,00000044,0,1,00000000
7621,00000000,00000000,0,1,0,0,00000044,1,0,00000000
7623,00000000,00000000,0,1,0,0,00000044,0,1,00000000
7624,00000000,00000000,0,1,0,0,00000044,1,0,00000000
7626,00000000,00000000,0,1,0,0,00000044,0,1,00000000
7627,00000000,00000000,0,1,0,0,00000044,1,0,00000000
7629,00000000,00000000,0,1,0,0,00000044,0,1,00000000
7630,00000000,00000000,0,1,0,0,00000044,1,0,00000000
7632,00000000,00000000,0,1,0,0,00000044,0,1,00000000
7633,00000000,00000000,0,1,0,0,00000044,1,0,00000000
7635,00000000,00000000,0,1,0,0,00000044,0,1,00000000
7636,00000000,00000000,0,1,0,0,00000044,1,0,00000000
7638,00000000,00000000,0,1,0,0,00000044,0,1,00000000
7639,00000000,00000000,0,1,0,0,00000044,1,0,00000000
7641,00000000,00000000,0,1,0,0,00000044,0,1,00000000
7642,00000000,00000000,0,1,0,0,00000044,1,0,00000000
7644,00000000,00000000,0,1,0,0,00000044,0,1,00000000
7645,00000000,00000000,0,1,0,0,00000044,1,0,00000000
7647,00000000,00000000,0,1,0,0,00000044,0,1,00000000
7648,00000000,00000000,0,1,0,0,00000044,1,0,00000000
7650,00000000,00000000,0,1,0,0,00000044,0,1,00000000
7651,00000000,00000000,0,1,0,0,00000044,1,0,00000000
7653,00000000,00000000,0,1,0,0,00000044,0,1,00000000
7654,00000000,00000000,0,1,0,0,00000044,1,0,00000000
7656,00000000,00000000,0,1,0,0,00000044,0,1,00000000
7657,00000000,00000000,0,1,0,0,00000044,1,0,00000000
7659,00000000,00000000,0,1,0,0,00000044,0,1,00000000
7660,00000000,00000000,0,1,0,0,00000044,1,0,00000000
7662,00000000,00000000,0,1,0,0,00000044,0,1,00000000
7663,00000000,00000000,0,1,0,0,00000044,1,0,00000000
7665,00000000,00000000,0,1,0,0,00000044,0,1,00000000
7666,00000000,00000000,0,1,0,0,00000044,1,0,00000000
7668,00000000,00000000,0,1,0,0,00000044,0,1,00000000
7669,00000000,00000000,0,1,0,0,00000044,1,0,00000000
7671,00000000,00000000,0,1,0,0,00000044,0,1,00000000
7672,00000000,00000000,0,1,0,0,00000044,1,0,00000000
7674,00000000,00000000,0,1,0,0,00000044,0,1,00000000
7675,00000000,00000000,0,1,0,0,00000044,1,0,00000000
7677,00000000,00000000,0,1,0,0,00000044,0,1,00000000
7678,00000000,00000000,0,1,0,0,00000044,1,0,00000000
7680,00000000,00000000,0,1,0,0,00000044,0,1,00000000
7681,00000000,00000000,0,1,0,0,00000044,1,0,00000000
7683,00000000,00000000,0,1,0,0,00000044,0,1,00000000
7684,00000000,00000000,0,1,0,0,00000044,1,0,00000000
7686,00000000,00000000,0,1,0,0,00000044,0,1,00000000
7687,00000000,00000000,0,1,0,0,00000044,1,0,00000000
7689,00000000,00000000,0,1,0,0,00000044,0,1,00000000
7690,00000000,00000000,0,1,0,0,00000044,1,0,00000000
7692,00000000,00000000,0,1,0,0,00000044,0,1,00000000
7693,00000000,00000000,0,1,0,0,00000044,1,0,00000000
7695,00000000,00000000,0,1,0,0,00000044,0,1,00000000
7696,00000000,00000000,0,1,0,0,00000044,1,0,00000000
7698,00000000,00000000,0,1,0,0,00000044,0,1,00000000
7699,00000000,00000000,0,1,0,0,00000044,1,0,00000000
7701,00000000,00000000,0,1,0,0,00000044,0,1,00000000
7715,00000000,00000000,0,1,0,0,00000044,1,0,00000000
7717,00000000,00000000,0,1,0,0,00000044,0,1,00000000
7718,00000000,00000000,0,1,0,0,00000044,1,0,00000000
7720,00000000,00000000,0,1,0,0,00000044,0,1,00000000
7721,00000000,00000000,0,1,0,0,00000044,1,0,00000000
7723,00000000,00000000,0,1,0,0,00000044,0,1,00000000
7724,00000000,00000000,0,1,0,0,00000044,1,0,00000000
7726,00000000,00000000,0,1,0,0,00000044,0,1,00000000
7727,00000000,00000000,0,1,0,0,00000044,1,0,00000000
7729,00000000,00000000,0,1,0,0,00000044,0,1,00000000
7730,00000000,00000000,0,1,0,0,00000044,1,0,00000000
7732,00000000,00000000,0,1,0,0,00000044,0,1,00000000
7733,00000000,00000000,0,1,0,0,00000044,1,0,00000000
7735,00000000,00000000,0,1,0,0,00000044,0,1,00000000
7736,00000000,00000000,0,1,0,0,00000044,1,0,00000000
7738,00000000,00000000,0,1,0,0,00000044,0,1,00000000
7739,00000000,00000000,0,1,0,0,00000044,1,0,00000000
7741,00000000,00000000,0,1,0,0,00000044,0,1,00000000
7742,00000000,00000000,0,1,0,0,00000044,1,0,00000000
7744,00000000,00000000,0,1,0,0,00000044,0,1,00000000
7745,00000000,00000000,0,1,0,0,00000044,1,0,00000000
7747,00000000,00000000,0,1,0,0,00000044,0,1,00000000
7748,00000000,00000000,0,1,0,0,00000044,1,0,00000000
7750,00000000,00000000,0,1,0,0,00000044,0,1,00000000
7751,00000000,00000000,0,1,0,0,00000044,1,0,00000000
7753,00000000,00000000,0,1,0,0,00000044,0,1,00000000
7754,00000000,00000000,0,1,0,0,00000044,1,0,00000000
7756,00000000,00000000,0,1,0,0,00000044,0,1,00000000
7757,00000000,00000000,0,1,0,0,00000044,1,0,00000000
7759,00000000,00000000,0,1,0,0,00000044,0,1,00000000
7760,00000000,00000000,0,1,0,0,00000044,1,0,00000000
7762,00000000,00000000,0,1,0,0,00000044,0,1,00000000
7763,00000000,00000000,0,1,0,0,00000044,1,0,00000000
7765,00000000,00000000,0,1,0,0,00000044,0,1,00000000
7766,00000000,00000000,0,1,0,0,00000044,1,0,00000000
7768,00000000,00000000,0,1,0,0,00000044,0,1,00000000
7769,00000000,00000000,0,1,0,0,00000044,1,0,00000000
7771,00000000,00000000,0,1,0,0,00000044,0,1,00000000
7772,00000000,00000000,0,1,0,0,00000044,1,0,00000000
7774,00000000,00000000,0,1,0,0,00000044,0,1,00000000
7775,00000000,00000000,0,1,0,0,00000044,1,0,00000000
7777,00000000,00000000,0,1,0,0,00000044,0,1,00000000
7778,00000000,00000000,0,1,0,0,00000044,1,0,00000000
7780,00000000,00000000,0,1,0,0,00000044,0,1,00000000
7781,00000000,00000000,0,1,0,0,00000044,1,0,00000000
7783,00000000,00000000,0,1,0,0,00000044,0,1,00000000
7784,00000000,00000000,0,1,0,0,00000044,1,0,00000000
7786,00000000,00000000,0,1,0,0,00000044,0,1,00000000
7787,00000000,00000000,0,1,0,0,00000044,1,0,00000000
7789,00000000,00000000,0,1,0,0,00000044,0,1,00000000
7790,00000000,00000000,0,1,0,0,00000044,1,0,00000000
7792,00000000,00000000,0,1,0,0,00000044,0,1,00000000
7793,00000000,00000000,0,1,0,0,00000044,1,0,00000000
7795,00000000,00000000,0,1,0,0,00000044,0,1,00000000
7796,00000000,00000000,0,1,0,0,00000044,1,0,00000000
7798,00000000,00000000,0,1,0,0,00000044,0,1,00000000
7799,00000000,00000000,0,1,0,0,00000044,1,0,00000000
7801,00000000,00000000,0,1,0,0,00000044,0,1,00000000
7802,00000000,00000000,0,1,0,0,00000044,1,0,00000000
7804,00000000,00000000,0,1,0,0,00000044,0,1,00000000
7805,00000000,00000000,0,1,0,0,00000044,1,0,00000000
7807,00000000,00000000,0,1,0,0,00000044,0,1,00000000
7808,00000000,00000000,0,1,0,0,00000044,1,0,00000000
7810,00000000,00000000,0,1,0,0,00000044,0,1,00000000
7811,00000000,00000000,0,1,0,0,00000044,1,0,00000000
7813,00000000,00000000,0,1,0,0,00000044,0,1,00000000
7814,00000000,00000000,0,1,0,0,00000044,1,0,00000000
7816,00000000,00000000,0,1,0,0,00000044,0,1,00000000
7817,00000000,00000000,0,1,0,0,00000044,1,0,00000000
7819,00000000,00000000,0,1,0,0,00000044,0,1,00000000
7820,00000000,00000000,0,1,0,0,00000044,1,0,00000000
7822,00000000,00000000,0,1,0,0,00000044,0,1,00000000
7823,00000000,00000000,0,1,0,0,00000044,1,0,00000000
7825,00000000,00000000,0,1,0,0,00000044,0,1,00000000
7826,00000000,00000000,0,1,0,0,00000044,1,0,00000000
7828,00000000,00000000,0,1,0,0,00000044,0,1,00000000
7829,00000000,00000000,0,1,0,0,00000044,1,0,00000000
7831,00000000,00000000,0,1,0,0,00000044,0,1,00000000
7832,00000000,00000000,0,1,0,0,00000044,1,0,00000000
7834,00000000,00000000,0,1,0,0,00000044,0,1,00000000
7835,00000000,00000000,0,1,0,0,00000044,1,0,00000000
7837,00000000,00000000,0,1,0,0,00000044,0,1,00000000
7838,00000000,00000000,0,1,0,0,00000044,1,0,00000000
7840,00000000,00000000,0,1,0,0,00000044,0,1,00000000
7841,00000000,00000000,0,1,0,0,00000044,1,0,00000000
7843,00000000,00000000,0,1,0,0,00000044,0,1,00000000
7844,00000000,00000000,0,1,0,0,00000044,1,0,00000000
7846,00000000,00000000,0,1,0,0,00000044,0,1,00000000
7847,00000000,00000000,0,1,0,0,00000044,1,0,00000000
7849,00000000,00000000,0,1,0,0,00000044,0,1,00000000
7850,00000000,00000000,0,1,0,0,00000044,1,0,00000000
7852,00000000,00000000,0,1,0,0,00000044,0,1,00000000
7853,00000000,00000000,0,1,0,0,00000044,1,0,00000000
7855,00000000,00000000,0,1,0,0,00000044,0,1,00000000
7856,00000000,00000000,0,1,0,0,00000044,1,0,00000000
7858,00000000,00000000,0,1,0,0,00000044,0,1,00000000
7859,00000000,00000000,0,1,0,0,00000044,1,0,00000000
7861,00000000,00000000,0,1,0,0,00000044,0,1,00000000
7862,00000000,00000000,0,1,0,0,00000044,1,0,00000000
7864,00000000,00000000,0,1,0,0,00000044,0,1,00000000
7865,00000000,00000000,0,1,0,0,00000044,1,0,00000000
7867,00000000,00000000,0,1,0,0,00000044,0,1,00000000
7868,00000000,00000000,0,1,0,0,00000044,1,0,00000000
7870,00000000,00000000,0,1,0,0,00000044,0,1,00000000
7871,00000000,00000000,0,1,0,0,00000044,1,0,00000000
7873,00000000,00000000,0,1,0,0,00000044,0,1,00000000
7874,00000000,00000000,0,1,0,0,00000044,1,0,00000000
7876,00000000,00000000,0,1,0,0,00000044,0,1,00000000
7877,00000000,00000000,0,1,0,0,00000044,1,0,00000000
7879,00000000,00000000,0,1,0,0,00000044,0,1,00000000
7880,00000000,00000000,0,1,0,0,00000044,1,0,00000000
7882,00000000,00000000,0,1,0,0,00000044,0,1,00000000
7883,00000000,00000000,0,1,0,0,00000044,1,0,00000000
7885,00000000,00000000,0,1,0,0,00000044,0,1,00000000
7886,00000000,00000000,0,1,0,0,00000044,1,0,00000000
7888,00000000,00000000,0,1,0,0,00000044,0,1,00000000
7889,00000000,00000000,0,1,0,0,00000044,1,0,00000000
7891,00000000,00000000,0,1,0,0,00000044,0,1,00000000
7892,00000000,00000000,0,1,0,0,00000044,1,0,00000000
7894,00000000,00000000,0,1,0,0,00000044,0,1,00000000
7895,00000000,00000000,0,1,0,0,00000044,1,0,00000000
7897,00000000,00000000,0,1,0,0,00000044,0,1,00000000
7898,00000000,00000000,0,1,0,0,00000044,1,0,00000000
7900,00000000,00000000,0,1,0,0,00000044,0,1,00000000
7901,00000000,00000000,0,1,0,0,00000044,1,0,00000000
7903,00000000,00000000,0,1,0,0,00000044,0,1,00000000
7904,00000000,00000000,0,1,0,0,00000044,1,0,00000000
7906,00000000,00000000,0,1,0,0,00000044,0,1,00000000
7907,00000000,00000000,0,1,0,0,00000044,1,0,00000000
7909,00000000,00000000,0,1,0,0,00000044,0,1,00000000
7910,00000000,00000000,0,1,0,0,00000044,1,0,00000000
7912,00000000,00000000,0,1,0,0,00000044,0,1,00000000
7913,00000000,00000000,0,1,0,0,00000044,1,0,00000000
7915,00000000,00000000,0,1,0,0,00000044,0,1,00000000
7916,00000000,00000000,0,1,0,0,00000044,1,0,00000000
7918,00000000,00000000,0,1,0,0,00000044,0,1,00000000
7919,00000000,00000000,0,1,0,0,00000044,1,0,00000000
7921,00000000,00000000,0,1,0,0,00000044,0,1,00000000
7922,00000000,00000000,0,1,0,0,00000044,1,0,00000000
7924,00000000,00000000,0,1,0,0,00000044,0,1,00000000
7925,00000000,00000000,0,1,0,0,00000044,1,0,00000000
7927,00000000,00000000,0,1,0,0,00000044,0,1,00000000
7928,00000000,00000000,0,1,0,0,00000044,1,0,00000000
7930,00000000,00000000,0,1,0,0,00000044,0,1,00000000
7931,00000000,00000000,0,1,0,0,00000044,1,0,00000000
7933,00000000,00000000,0,1,0,0,00000044,0,1,00000000
7934,00000000,00000000,0,1,0,0,00000044,1,0,00000000
7936,00000000,00000000,0,1,0,0,00000044,0,1,00000000
7937,00000000,00000000,0,1,0,0,00000044,1,0,00000000
7939,00000000,00000000,0,1,0,0,00000044,0,1,00000000
7940,00000000,00000000,0,1,0,0,00000044,1,0,00000000
7942,00000000,00000000,0,1,0,0,00000044,0,1,00000000
7943,00000000,00000000,0,1,0,0,00000044,1,0,00000000
7945,00000000,00000000,0,1,0,0,00000044,0,1,00000000
7946,00000000,00000000,0,1,0,0,00000044,1,0,00000000
7948,00000000,00000000,0,1,0,0,00000044,0,1,00000000
7949,00000000,00000000,0,1,0,0,00000044,1,0,00000000
7951,00000000,00000000,0,1,0,0,00000044,0,1,00000000
7952,00000000,00000000,0,1,0,0,00000044,1,0,00000000
7954,00000000,00000000,0,1,0,0,00000044,0,1,00000000
7955,00000000,00000000,0,1,0,0,00000044,1,0,00000000
7957,00000000,00000000,0,1,0,0,00000044,0,1,00000000
7971,00000000,00000000,0,1,0,0,00000044,1,0,00000000
7973,00000000,00000000,0,1,0,0,00000044,0,1,00000000
7974,00000000,00000000,0,1,0,0,00000044,1,0,00000000
7976,00000000,00000000,0,1,0,0,00000044,0,1,00000000
7977,00000000,00000000,0,1,0,0,00000044,1,0,00000000
7979,00000000,00000000,0,1,0,0,00000044,0,1,00000000
7980,00000000,00000000,0,1,0,0,00000044,1,0,00000000
7982,00000000,00000000,0,1,0,0,00000044,0,1,00000000
7983,00000000,00000000,0,1,0,0,00000044,1,0,00000000
7985,00000000,00000000,0,1,0,0,00000044,0,1,00000000
7986,00000000,00000000,0,1,0,0,00000044,1,0,00000000
7988,00000000,00000000,0,1,0,0,00000044,0,1,00000000
7989,00000000,00000000,0,1,0,0,00000044,1,0,00000000
7991,00000000,00000000,0,1,0,0,00000044,0,1,00000000
7992,00000000,00000000,0,1,0,0,00000044,1,0,00000000
7994,00000000,00000000,0,1,0,0,00000044,0,1,00000000
7995,00000000,00000000,0,1,0,0,00000044,1,0,00000000
7997,00000000,00000000,0,1,0,0,00000044,0,1,00000000
7998,00000000,00000000,0,1,0,0,00000044,1,0,00000000
8000,00000000,00000000,0,1,0,0,00000044,0,1,00000000
