#-----------------------------------------------------------
# Vivado v2025.2 (64-bit)
# SW Build 6299465 on Fri Nov 14 19:35:11 GMT 2025
# IP Build 6300035 on Fri Nov 14 10:48:45 MST 2025
# SharedData Build 6298862 on Thu Nov 13 04:50:51 MST 2025
# Start of session at: Wed May  6 22:26:26 2026
# Process ID         : 18216
# Current directory  : C:/Users/LENOVO/OneDrive/Desktop/Notes and projects/VIth sem projects/EL/riscv _latest/riscv_cache
# Command line       : vivado.exe -gui_launcher_event rodinguilauncherevent9432 C:\Users\LENOVO\OneDrive\Desktop\Notes and projects\VIth sem projects\EL\riscv _latest\riscv_cache\riscv_cache.xpr
# Log file           : C:/Users/LENOVO/OneDrive/Desktop/Notes and projects/VIth sem projects/EL/riscv _latest/riscv_cache/vivado.log
# Journal file       : C:/Users/LENOVO/OneDrive/Desktop/Notes and projects/VIth sem projects/EL/riscv _latest/riscv_cache\vivado.jou
# Running On         : DESKTOP-7S96C9H
# Platform           : Windows Server 2016 or Windows 10
# Operating System   : 26200
# Processor Detail   : Intel(R) Core(TM) i5-9300HF CPU @ 2.40GHz
# CPU Frequency      : 2400 MHz
# CPU Physical cores : 4
# CPU Logical cores  : 8
# Host memory        : 8506 MB
# Swap memory        : 8321 MB
# Total Virtual      : 16827 MB
# Available Virtual  : 6713 MB
#-----------------------------------------------------------
start_gui
open_project {C:/Users/LENOVO/OneDrive/Desktop/Notes and projects/VIth sem projects/EL/riscv _latest/riscv_cache/riscv_cache.xpr}
INFO: [ProjectBase 1-489] The host OS only allows 260 characters in a normal path. The project is stored in a path with more than 80 characters. If you experience issues with IP, Block Designs, or files not being found, please consider moving the project to a location with a shorter path. Alternately consider using the OS subst command to map part of the path to a drive letter.
Current project path is 'C:/Users/LENOVO/OneDrive/Desktop/Notes and projects/VIth sem projects/EL/riscv _latest/riscv_cache'
WARNING: [Board 49-26] cannot add Board Part xilinx.com:ac701:part0:1.4 available at C:/AMDDesignTools/2025.2/data/xhub/boards\XilinxBoardStore\boards\Xilinx\ac701\1.4\board.xml as part xc7a200tfbg676-2 specified in board_part file is either invalid or not available
WARNING: [Board 49-26] cannot add Board Part xilinx.com:emb-plus-vpr-4616:part0:1.0 available at C:/AMDDesignTools/2025.2/data/xhub/boards\XilinxBoardStore\boards\Xilinx\emb-plus-vpr-4616\1.0\board.xml as part xcve2302-sfva784-2mp-e-s specified in board_part file is either invalid or not available
WARNING: [Board 49-26] cannot add Board Part xilinx.com:emb-plus-vpr-4616:part0:1.1 available at C:/AMDDesignTools/2025.2/data/xhub/boards\XilinxBoardStore\boards\Xilinx\emb-plus-vpr-4616\1.1\board.xml as part xcve2302-sfva784-2mp-e-s specified in board_part file is either invalid or not available
WARNING: [Board 49-26] cannot add Board Part xilinx.com:k24c:part0:1.0 available at C:/AMDDesignTools/2025.2/data/xhub/boards\XilinxBoardStore\boards\Xilinx\k24c\1.0\board.xml as part xck24-ubva530-2lv-c specified in board_part file is either invalid or not available
WARNING: [Board 49-26] cannot add Board Part xilinx.com:k24c:part0:1.1 available at C:/AMDDesignTools/2025.2/data/xhub/boards\XilinxBoardStore\boards\Xilinx\k24c\1.1\board.xml as part xck24-ubva530-2lv-c specified in board_part file is either invalid or not available
WARNING: [Board 49-26] cannot add Board Part xilinx.com:k24i:part0:1.0 available at C:/AMDDesignTools/2025.2/data/xhub/boards\XilinxBoardStore\boards\Xilinx\k24i\1.0\board.xml as part xck24-ubva530-2lvi-i specified in board_part file is either invalid or not available
WARNING: [Board 49-26] cannot add Board Part xilinx.com:k26c:part0:1.2 available at C:/AMDDesignTools/2025.2/data/xhub/boards\XilinxBoardStore\boards\Xilinx\k26c\1.2\board.xml as part xck26-sfvc784-2lv-c specified in board_part file is either invalid or not available
WARNING: [Board 49-26] cannot add Board Part xilinx.com:k26c:part0:1.3 available at C:/AMDDesignTools/2025.2/data/xhub/boards\XilinxBoardStore\boards\Xilinx\k26c\1.3\board.xml as part xck26-sfvc784-2lv-c specified in board_part file is either invalid or not available
WARNING: [Board 49-26] cannot add Board Part xilinx.com:k26c:part0:1.4 available at C:/AMDDesignTools/2025.2/data/xhub/boards\XilinxBoardStore\boards\Xilinx\k26c\1.4\board.xml as part xck26-sfvc784-2lv-c specified in board_part file is either invalid or not available
WARNING: [Board 49-26] cannot add Board Part xilinx.com:k26i:part0:1.2 available at C:/AMDDesignTools/2025.2/data/xhub/boards\XilinxBoardStore\boards\Xilinx\k26i\1.2\board.xml as part xck26-sfvc784-2lvi-i specified in board_part file is either invalid or not available
WARNING: [Board 49-26] cannot add Board Part xilinx.com:k26i:part0:1.3 available at C:/AMDDesignTools/2025.2/data/xhub/boards\XilinxBoardStore\boards\Xilinx\k26i\1.3\board.xml as part xck26-sfvc784-2lvi-i specified in board_part file is either invalid or not available
WARNING: [Board 49-26] cannot add Board Part xilinx.com:k26i:part0:1.4 available at C:/AMDDesignTools/2025.2/data/xhub/boards\XilinxBoardStore\boards\Xilinx\k26i\1.4\board.xml as part xck26-sfvc784-2lvi-i specified in board_part file is either invalid or not available
WARNING: [Board 49-26] cannot add Board Part xilinx.com:kc705:part0:1.6 available at C:/AMDDesignTools/2025.2/data/xhub/boards\XilinxBoardStore\boards\Xilinx\kc705\1.6\board.xml as part xc7k325tffg900-2 specified in board_part file is either invalid or not available
WARNING: [Board 49-26] cannot add Board Part xilinx.com:kc705:part0:1.7 available at C:/AMDDesignTools/2025.2/data/xhub/boards\XilinxBoardStore\boards\Xilinx\kc705\1.7\board.xml as part xc7k325tffg900-2 specified in board_part file is either invalid or not available
WARNING: [Board 49-26] cannot add Board Part xilinx.com:kcu105:part0:1.6 available at C:/AMDDesignTools/2025.2/data/xhub/boards\XilinxBoardStore\boards\Xilinx\kcu105\1.6\board.xml as part xcku040-ffva1156-2-e specified in board_part file is either invalid or not available
WARNING: [Board 49-26] cannot add Board Part xilinx.com:kcu105:part0:1.7 available at C:/AMDDesignTools/2025.2/data/xhub/boards\XilinxBoardStore\boards\Xilinx\kcu105\1.7\board.xml as part xcku040-ffva1156-2-e specified in board_part file is either invalid or not available
WARNING: [Board 49-26] cannot add Board Part xilinx.com:kcu116:part0:1.4 available at C:/AMDDesignTools/2025.2/data/xhub/boards\XilinxBoardStore\boards\Xilinx\kcu116\1.4\board.xml as part xcku5p-ffvb676-2-e specified in board_part file is either invalid or not available
WARNING: [Board 49-26] cannot add Board Part xilinx.com:kcu116:part0:1.5 available at C:/AMDDesignTools/2025.2/data/xhub/boards\XilinxBoardStore\boards\Xilinx\kcu116\1.5\board.xml as part xcku5p-ffvb676-2-e specified in board_part file is either invalid or not available
WARNING: [Board 49-26] cannot add Board Part xilinx.com:kcu1500:part0:1.2 available at C:/AMDDesignTools/2025.2/data/xhub/boards\XilinxBoardStore\boards\Xilinx\kcu1500\1.2\board.xml as part xcku115-flvb2104-2-e specified in board_part file is either invalid or not available
WARNING: [Board 49-26] cannot add Board Part xilinx.com:kd240_som:part0:1.0 available at C:/AMDDesignTools/2025.2/data/xhub/boards\XilinxBoardStore\boards\Xilinx\kd240_som\1.0\board.xml as part xck24-ubva530-2lv-c specified in board_part file is either invalid or not available
WARNING: [Board 49-26] cannot add Board Part xilinx.com:kd240_som:part0:1.1 available at C:/AMDDesignTools/2025.2/data/xhub/boards\XilinxBoardStore\boards\Xilinx\kd240_som\1.1\board.xml as part xck24-ubva530-2lv-c specified in board_part file is either invalid or not available
WARNING: [Board 49-26] cannot add Board Part xilinx.com:kr260_som:part0:1.0 available at C:/AMDDesignTools/2025.2/data/xhub/boards\XilinxBoardStore\boards\Xilinx\kr260_som\1.0\board.xml as part xck26-sfvc784-2lv-c specified in board_part file is either invalid or not available
WARNING: [Board 49-26] cannot add Board Part xilinx.com:kr260_som:part0:1.1 available at C:/AMDDesignTools/2025.2/data/xhub/boards\XilinxBoardStore\boards\Xilinx\kr260_som\1.1\board.xml as part xck26-sfvc784-2lv-c specified in board_part file is either invalid or not available
WARNING: [Board 49-26] cannot add Board Part xilinx.com:kv260_som:part0:1.2 available at C:/AMDDesignTools/2025.2/data/xhub/boards\XilinxBoardStore\boards\Xilinx\kv260_som\1.2\board.xml as part xck26-sfvc784-2lv-c specified in board_part file is either invalid or not available
WARNING: [Board 49-26] cannot add Board Part xilinx.com:kv260_som:part0:1.3 available at C:/AMDDesignTools/2025.2/data/xhub/boards\XilinxBoardStore\boards\Xilinx\kv260_som\1.3\board.xml as part xck26-sfvc784-2lv-c specified in board_part file is either invalid or not available
WARNING: [Board 49-26] cannot add Board Part xilinx.com:kv260_som:part0:1.4 available at C:/AMDDesignTools/2025.2/data/xhub/boards\XilinxBoardStore\boards\Xilinx\kv260_som\1.4\board.xml as part xck26-sfvc784-2lv-c specified in board_part file is either invalid or not available
WARNING: [Board 49-26] cannot add Board Part xilinx.com:scu35:part0:1.0 available at C:/AMDDesignTools/2025.2/data/xhub/boards\XilinxBoardStore\boards\Xilinx\scu35\1.0\board.xml as part xcsu35p-sbvb625-2-e specified in board_part file is either invalid or not available
WARNING: [Board 49-26] cannot add Board Part xilinx.com:v80:part0:1.0 available at C:/AMDDesignTools/2025.2/data/xhub/boards\XilinxBoardStore\boards\Xilinx\v80\1.0\board.xml as part xcv80-lsva4737-2mhp-e-s specified in board_part file is either invalid or not available
WARNING: [Board 49-26] cannot add Board Part xilinx.com:vc707:part0:1.4 available at C:/AMDDesignTools/2025.2/data/xhub/boards\XilinxBoardStore\boards\Xilinx\vc707\1.4\board.xml as part xc7vx485tffg1761-2 specified in board_part file is either invalid or not available
WARNING: [Board 49-26] cannot add Board Part xilinx.com:vc707:part0:1.5 available at C:/AMDDesignTools/2025.2/data/xhub/boards\XilinxBoardStore\boards\Xilinx\vc707\1.5\board.xml as part xc7vx485tffg1761-2 specified in board_part file is either invalid or not available
WARNING: [Board 49-26] cannot add Board Part xilinx.com:vc709:part0:1.8 available at C:/AMDDesignTools/2025.2/data/xhub/boards\XilinxBoardStore\boards\Xilinx\vc709\1.8\board.xml as part xc7vx690tffg1761-2 specified in board_part file is either invalid or not available
WARNING: [Board 49-26] cannot add Board Part xilinx.com:vck190:part0:2.2 available at C:/AMDDesignTools/2025.2/data/xhub/boards\XilinxBoardStore\boards\Xilinx\vck190\production\2.2\board.xml as part xcvc1902-vsva2197-2mp-e-s specified in board_part file is either invalid or not available
WARNING: [Board 49-26] cannot add Board Part xilinx.com:vck190:part0:3.0 available at C:/AMDDesignTools/2025.2/data/xhub/boards\XilinxBoardStore\boards\Xilinx\vck190\production\3.0\board.xml as part xcvc1902-vsva2197-2mp-e-s specified in board_part file is either invalid or not available
WARNING: [Board 49-26] cannot add Board Part xilinx.com:vck190:part0:3.1 available at C:/AMDDesignTools/2025.2/data/xhub/boards\XilinxBoardStore\boards\Xilinx\vck190\production\3.1\board.xml as part xcvc1902-vsva2197-2mp-e-s specified in board_part file is either invalid or not available
WARNING: [Board 49-26] cannot add Board Part xilinx.com:vck190:part0:3.2 available at C:/AMDDesignTools/2025.2/data/xhub/boards\XilinxBoardStore\boards\Xilinx\vck190\production\3.2\board.xml as part xcvc1902-vsva2197-2mp-e-s specified in board_part file is either invalid or not available
WARNING: [Board 49-26] cannot add Board Part xilinx.com:vck190:part0:3.3 available at C:/AMDDesignTools/2025.2/data/xhub/boards\XilinxBoardStore\boards\Xilinx\vck190\production\3.3\board.xml as part xcvc1902-vsva2197-2mp-e-s specified in board_part file is either invalid or not available
WARNING: [Board 49-26] cannot add Board Part xilinx.com:vck190:part0:3.4 available at C:/AMDDesignTools/2025.2/data/xhub/boards\XilinxBoardStore\boards\Xilinx\vck190\production\3.4\board.xml as part xcvc1902-vsva2197-2mp-e-s specified in board_part file is either invalid or not available
WARNING: [Board 49-26] cannot add Board Part xilinx.com:vck190_newl:part0:1.0 available at C:/AMDDesignTools/2025.2/data/xhub/boards\XilinxBoardStore\boards\Xilinx\vck190_newl\production\1.0\board.xml as part xcvc1902-vsva2197-2mp-e-s specified in board_part file is either invalid or not available
WARNING: [Board 49-26] cannot add Board Part xilinx.com:vck190_newl:part0:1.1 available at C:/AMDDesignTools/2025.2/data/xhub/boards\XilinxBoardStore\boards\Xilinx\vck190_newl\production\1.1\board.xml as part xcvc1902-vsva2197-2mp-e-s specified in board_part file is either invalid or not available
WARNING: [Board 49-26] cannot add Board Part xilinx.com:vck190_newl:part0:1.2 available at C:/AMDDesignTools/2025.2/data/xhub/boards\XilinxBoardStore\boards\Xilinx\vck190_newl\production\1.2\board.xml as part xcvc1902-vsva2197-2mp-e-s specified in board_part file is either invalid or not available
WARNING: [Board 49-26] cannot add Board Part xilinx.com:vck190_newl:part0:1.3 available at C:/AMDDesignTools/2025.2/data/xhub/boards\XilinxBoardStore\boards\Xilinx\vck190_newl\production\1.3\board.xml as part xcvc1902-vsva2197-2mp-e-s specified in board_part file is either invalid or not available
WARNING: [Board 49-26] cannot add Board Part xilinx.com:vcu108:part0:1.6 available at C:/AMDDesignTools/2025.2/data/xhub/boards\XilinxBoardStore\boards\Xilinx\vcu108\1.6\board.xml as part xcvu095-ffva2104-2-e specified in board_part file is either invalid or not available
WARNING: [Board 49-26] cannot add Board Part xilinx.com:vcu108:part0:1.7 available at C:/AMDDesignTools/2025.2/data/xhub/boards\XilinxBoardStore\boards\Xilinx\vcu108\1.7\board.xml as part xcvu095-ffva2104-2-e specified in board_part file is either invalid or not available
WARNING: [Board 49-26] cannot add Board Part xilinx.com:vcu110:part0:1.4 available at C:/AMDDesignTools/2025.2/data/xhub/boards\XilinxBoardStore\boards\Xilinx\vcu110\1.4\board.xml as part xcvu190-flgc2104-2-e specified in board_part file is either invalid or not available
WARNING: [Board 49-26] cannot add Board Part xilinx.com:vcu118:part0:2.0 available at C:/AMDDesignTools/2025.2/data/xhub/boards\XilinxBoardStore\boards\Xilinx\vcu118\2.0\board.xml as part xcvu9p-flga2104-2l-e specified in board_part file is either invalid or not available
WARNING: [Board 49-26] cannot add Board Part xilinx.com:vcu118:part0:2.3 available at C:/AMDDesignTools/2025.2/data/xhub/boards\XilinxBoardStore\boards\Xilinx\vcu118\2.3\board.xml as part xcvu9p-flga2104-2l-e specified in board_part file is either invalid or not available
WARNING: [Board 49-26] cannot add Board Part xilinx.com:vcu118:part0:2.4 available at C:/AMDDesignTools/2025.2/data/xhub/boards\XilinxBoardStore\boards\Xilinx\vcu118\2.4\board.xml as part xcvu9p-flga2104-2l-e specified in board_part file is either invalid or not available
WARNING: [Board 49-26] cannot add Board Part xilinx.com:vcu128:part0:1.0 available at C:/AMDDesignTools/2025.2/data/xhub/boards\XilinxBoardStore\boards\Xilinx\vcu128\production\1.0\board.xml as part xcvu37p-fsvh2892-2l-e specified in board_part file is either invalid or not available
WARNING: [Board 49-26] cannot add Board Part xilinx.com:vcu129:part0:1.0 available at C:/AMDDesignTools/2025.2/data/xhub/boards\XilinxBoardStore\boards\Xilinx\vcu129\production\1.0\board.xml as part xcvu29p-fsga2577-2l-e specified in board_part file is either invalid or not available
WARNING: [Board 49-26] cannot add Board Part xilinx.com:vcu1525:part0:1.3 available at C:/AMDDesignTools/2025.2/data/xhub/boards\XilinxBoardStore\boards\Xilinx\vcu1525\1.3\board.xml as part xcvu9p-fsgd2104-2l-e specified in board_part file is either invalid or not available
WARNING: [Board 49-26] cannot add Board Part xilinx.com:vek280:part0:1.0 available at C:/AMDDesignTools/2025.2/data/xhub/boards\XilinxBoardStore\boards\Xilinx\vek280\production\1.0\board.xml as part xcve2802-vsvh1760-2mp-e-s specified in board_part file is either invalid or not available
WARNING: [Board 49-26] cannot add Board Part xilinx.com:vek280:part0:1.1 available at C:/AMDDesignTools/2025.2/data/xhub/boards\XilinxBoardStore\boards\Xilinx\vek280\production\1.1\board.xml as part xcve2802-vsvh1760-2mp-e-s specified in board_part file is either invalid or not available
WARNING: [Board 49-26] cannot add Board Part xilinx.com:vek280:part0:1.2 available at C:/AMDDesignTools/2025.2/data/xhub/boards\XilinxBoardStore\boards\Xilinx\vek280\production\1.2\board.xml as part xcve2802-vsvh1760-2mp-e-s specified in board_part file is either invalid or not available
WARNING: [Board 49-26] cannot add Board Part xilinx.com:vek385:part0:1.0 available at C:/AMDDesignTools/2025.2/data/xhub/boards\XilinxBoardStore\boards\Xilinx\vek385\1.0\board.xml as part xc2ve3858-ssva2112-2mp-e-s specified in board_part file is either invalid or not available
WARNING: [Board 49-26] cannot add Board Part xilinx.com:vek385:part0:1.1 available at C:/AMDDesignTools/2025.2/data/xhub/boards\XilinxBoardStore\boards\Xilinx\vek385\1.1\board.xml as part xc2ve3858-ssva2112-2mp-e-s specified in board_part file is either invalid or not available
WARNING: [Board 49-26] cannot add Board Part xilinx.com:vek385_1:part0:1.0 available at C:/AMDDesignTools/2025.2/data/xhub/boards\XilinxBoardStore\boards\Xilinx\vek385_2\1.0\board.xml as part xc2ve3858-ssva2112-2mp-e-s specified in board_part file is either invalid or not available
WARNING: [Board 49-26] cannot add Board Part xilinx.com:vermeo_t1_mpsoc:part0:1.0 available at C:/AMDDesignTools/2025.2/data/xhub/boards\XilinxBoardStore\boards\Xilinx\vermeo_t1_mpsoc\1.0\board.xml as part xczu19eg-ffvd1760-2l-e specified in board_part file is either invalid or not available
WARNING: [Board 49-26] cannot add Board Part xilinx.com:vermeo_t1_rfsoc:part0:1.0 available at C:/AMDDesignTools/2025.2/data/xhub/boards\XilinxBoardStore\boards\Xilinx\vermeo_t1_rfsoc\1.0\board.xml as part xczu21dr-ffvd1156-2l-e specified in board_part file is either invalid or not available
WARNING: [Board 49-26] cannot add Board Part xilinx.com:vhk158:part0:1.0 available at C:/AMDDesignTools/2025.2/data/xhub/boards\XilinxBoardStore\boards\Xilinx\vhk158\production\1.0\board.xml as part xcvh1582-vsva3697-2mp-e-s specified in board_part file is either invalid or not available
WARNING: [Board 49-26] cannot add Board Part xilinx.com:vhk158:part0:1.1 available at C:/AMDDesignTools/2025.2/data/xhub/boards\XilinxBoardStore\boards\Xilinx\vhk158\production\1.1\board.xml as part xcvh1582-vsva3697-2mp-e-s specified in board_part file is either invalid or not available
WARNING: [Board 49-26] cannot add Board Part xilinx.com:vhk158:part0:1.2 available at C:/AMDDesignTools/2025.2/data/xhub/boards\XilinxBoardStore\boards\Xilinx\vhk158\production\1.2\board.xml as part xcvh1582-vsva3697-2mp-e-s specified in board_part file is either invalid or not available
WARNING: [Board 49-26] cannot add Board Part xilinx.com:vmk180:part0:2.2 available at C:/AMDDesignTools/2025.2/data/xhub/boards\XilinxBoardStore\boards\Xilinx\vmk180\production\2.2\board.xml as part xcvm1802-vsva2197-2mp-e-s specified in board_part file is either invalid or not available
WARNING: [Board 49-26] cannot add Board Part xilinx.com:vmk180:part0:3.0 available at C:/AMDDesignTools/2025.2/data/xhub/boards\XilinxBoardStore\boards\Xilinx\vmk180\production\3.0\board.xml as part xcvm1802-vsva2197-2mp-e-s specified in board_part file is either invalid or not available
WARNING: [Board 49-26] cannot add Board Part xilinx.com:vmk180:part0:3.1 available at C:/AMDDesignTools/2025.2/data/xhub/boards\XilinxBoardStore\boards\Xilinx\vmk180\production\3.1\board.xml as part xcvm1802-vsva2197-2mp-e-s specified in board_part file is either invalid or not available
WARNING: [Board 49-26] cannot add Board Part xilinx.com:vmk180:part0:3.2 available at C:/AMDDesignTools/2025.2/data/xhub/boards\XilinxBoardStore\boards\Xilinx\vmk180\production\3.2\board.xml as part xcvm1802-vsva2197-2mp-e-s specified in board_part file is either invalid or not available
WARNING: [Board 49-26] cannot add Board Part xilinx.com:vmk180:part0:3.3 available at C:/AMDDesignTools/2025.2/data/xhub/boards\XilinxBoardStore\boards\Xilinx\vmk180\production\3.3\board.xml as part xcvm1802-vsva2197-2mp-e-s specified in board_part file is either invalid or not available
WARNING: [Board 49-26] cannot add Board Part xilinx.com:vmk180_newl:part0:1.0 available at C:/AMDDesignTools/2025.2/data/xhub/boards\XilinxBoardStore\boards\Xilinx\vmk180_newl\production\1.0\board.xml as part xcvm1802-vsva2197-2mp-e-s specified in board_part file is either invalid or not available
WARNING: [Board 49-26] cannot add Board Part xilinx.com:vmk180_newl:part0:1.1 available at C:/AMDDesignTools/2025.2/data/xhub/boards\XilinxBoardStore\boards\Xilinx\vmk180_newl\production\1.1\board.xml as part xcvm1802-vsva2197-2mp-e-s specified in board_part file is either invalid or not available
WARNING: [Board 49-26] cannot add Board Part xilinx.com:vpk120:part0:1.0 available at C:/AMDDesignTools/2025.2/data/xhub/boards\XilinxBoardStore\boards\Xilinx\vpk120\production\1.0\board.xml as part xcvp1202-vsva2785-2mp-e-s specified in board_part file is either invalid or not available
WARNING: [Board 49-26] cannot add Board Part xilinx.com:vpk120:part0:1.1 available at C:/AMDDesignTools/2025.2/data/xhub/boards\XilinxBoardStore\boards\Xilinx\vpk120\production\1.1\board.xml as part xcvp1202-vsva2785-2mp-e-s specified in board_part file is either invalid or not available
WARNING: [Board 49-26] cannot add Board Part xilinx.com:vpk120:part0:1.2 available at C:/AMDDesignTools/2025.2/data/xhub/boards\XilinxBoardStore\boards\Xilinx\vpk120\production\1.2\board.xml as part xcvp1202-vsva2785-2mp-e-s specified in board_part file is either invalid or not available
WARNING: [Board 49-26] cannot add Board Part xilinx.com:vpk180:part0:1.0 available at C:/AMDDesignTools/2025.2/data/xhub/boards\XilinxBoardStore\boards\Xilinx\vpk180\production\1.0\board.xml as part xcvp1802-lsvc4072-2mp-e-s specified in board_part file is either invalid or not available
WARNING: [Board 49-26] cannot add Board Part xilinx.com:vpk180:part0:1.1 available at C:/AMDDesignTools/2025.2/data/xhub/boards\XilinxBoardStore\boards\Xilinx\vpk180\production\1.1\board.xml as part xcvp1802-lsvc4072-2mp-e-s specified in board_part file is either invalid or not available
WARNING: [Board 49-26] cannot add Board Part xilinx.com:vpk180:part0:1.2 available at C:/AMDDesignTools/2025.2/data/xhub/boards\XilinxBoardStore\boards\Xilinx\vpk180\production\1.2\board.xml as part xcvp1802-lsvc4072-2mp-e-s specified in board_part file is either invalid or not available
WARNING: [Board 49-26] cannot add Board Part xilinx.com:vrk160:part0:1.0 available at C:/AMDDesignTools/2025.2/data/xhub/boards\XilinxBoardStore\boards\Xilinx\vrk160\1.0\board.xml as part xcvr1602-vsva2488-2mp-e-s-es1 specified in board_part file is either invalid or not available
WARNING: [Board 49-26] cannot add Board Part xilinx.com:vrk160:part0:1.1 available at C:/AMDDesignTools/2025.2/data/xhub/boards\XilinxBoardStore\boards\Xilinx\vrk160\1.1\board.xml as part xcvr1602-vsva2488-2mp-e-s-es1 specified in board_part file is either invalid or not available
WARNING: [Board 49-26] cannot add Board Part xilinx.com:zc702:part0:1.4 available at C:/AMDDesignTools/2025.2/data/xhub/boards\XilinxBoardStore\boards\Xilinx\zc702\1.4\board.xml as part xc7z020clg484-1 specified in board_part file is either invalid or not available
WARNING: [Board 49-26] cannot add Board Part xilinx.com:zc706:part0:1.4 available at C:/AMDDesignTools/2025.2/data/xhub/boards\XilinxBoardStore\boards\Xilinx\zc706\1.4\board.xml as part xc7z045ffg900-2 specified in board_part file is either invalid or not available
WARNING: [Board 49-26] cannot add Board Part xilinx.com:zc706:part0:1.5 available at C:/AMDDesignTools/2025.2/data/xhub/boards\XilinxBoardStore\boards\Xilinx\zc706\1.5\board.xml as part xc7z045ffg900-2 specified in board_part file is either invalid or not available
WARNING: [Board 49-26] cannot add Board Part xilinx.com:zcu102:part0:3.3 available at C:/AMDDesignTools/2025.2/data/xhub/boards\XilinxBoardStore\boards\Xilinx\zcu102\3.3\board.xml as part xczu9eg-ffvb1156-2-e specified in board_part file is either invalid or not available
WARNING: [Board 49-26] cannot add Board Part xilinx.com:zcu102:part0:3.4 available at C:/AMDDesignTools/2025.2/data/xhub/boards\XilinxBoardStore\boards\Xilinx\zcu102\3.4\board.xml as part xczu9eg-ffvb1156-2-e specified in board_part file is either invalid or not available
WARNING: [Board 49-26] cannot add Board Part xilinx.com:zcu104:part0:1.1 available at C:/AMDDesignTools/2025.2/data/xhub/boards\XilinxBoardStore\boards\Xilinx\zcu104\1.1\board.xml as part xczu7ev-ffvc1156-2-e specified in board_part file is either invalid or not available
WARNING: [Board 49-26] cannot add Board Part xilinx.com:zcu106:part0:2.4 available at C:/AMDDesignTools/2025.2/data/xhub/boards\XilinxBoardStore\boards\Xilinx\zcu106\2.4\board.xml as part xczu7ev-ffvc1156-2-e specified in board_part file is either invalid or not available
WARNING: [Board 49-26] cannot add Board Part xilinx.com:zcu106:part0:2.5 available at C:/AMDDesignTools/2025.2/data/xhub/boards\XilinxBoardStore\boards\Xilinx\zcu106\2.5\board.xml as part xczu7ev-ffvc1156-2-e specified in board_part file is either invalid or not available
WARNING: [Board 49-26] cannot add Board Part xilinx.com:zcu106:part0:2.6 available at C:/AMDDesignTools/2025.2/data/xhub/boards\XilinxBoardStore\boards\Xilinx\zcu106\2.6\board.xml as part xczu7ev-ffvc1156-2-e specified in board_part file is either invalid or not available
WARNING: [Board 49-26] cannot add Board Part xilinx.com:zcu111:part0:1.2 available at C:/AMDDesignTools/2025.2/data/xhub/boards\XilinxBoardStore\boards\Xilinx\zcu111\1.2\board.xml as part xczu28dr-ffvg1517-2-e specified in board_part file is either invalid or not available
WARNING: [Board 49-26] cannot add Board Part xilinx.com:zcu111:part0:1.3 available at C:/AMDDesignTools/2025.2/data/xhub/boards\XilinxBoardStore\boards\Xilinx\zcu111\1.3\board.xml as part xczu28dr-ffvg1517-2-e specified in board_part file is either invalid or not available
WARNING: [Board 49-26] cannot add Board Part xilinx.com:zcu111:part0:1.4 available at C:/AMDDesignTools/2025.2/data/xhub/boards\XilinxBoardStore\boards\Xilinx\zcu111\1.4\board.xml as part xczu28dr-ffvg1517-2-e specified in board_part file is either invalid or not available
WARNING: [Board 49-26] cannot add Board Part xilinx.com:zcu1275:part0:1.0 available at C:/AMDDesignTools/2025.2/data/xhub/boards\XilinxBoardStore\boards\Xilinx\zcu1275\1.0\board.xml as part xczu29dr-ffvf1760-2-e specified in board_part file is either invalid or not available
WARNING: [Board 49-26] cannot add Board Part xilinx.com:zcu1285:part0:1.0 available at C:/AMDDesignTools/2025.2/data/xhub/boards\XilinxBoardStore\boards\Xilinx\zcu1285\1.0\board.xml as part xczu39dr-ffvf1760-2-i specified in board_part file is either invalid or not available
WARNING: [Board 49-26] cannot add Board Part xilinx.com:zcu208:part0:2.0 available at C:/AMDDesignTools/2025.2/data/xhub/boards\XilinxBoardStore\boards\Xilinx\zcu208\production\2.0\board.xml as part xczu48dr-fsvg1517-2-e specified in board_part file is either invalid or not available
WARNING: [Board 49-26] cannot add Board Part xilinx.com:zcu208ld:part0:2.0 available at C:/AMDDesignTools/2025.2/data/xhub/boards\XilinxBoardStore\boards\Xilinx\zcu208ld\production\2.0\board.xml as part xczu58dr-fsvg1517-2-i specified in board_part file is either invalid or not available
WARNING: [Board 49-26] cannot add Board Part xilinx.com:zcu216:part0:2.0 available at C:/AMDDesignTools/2025.2/data/xhub/boards\XilinxBoardStore\boards\Xilinx\zcu216\production\2.0\board.xml as part xczu49dr-ffvf1760-2-e specified in board_part file is either invalid or not available
WARNING: [Board 49-26] cannot add Board Part xilinx.com:zcu216ld:part0:2.0 available at C:/AMDDesignTools/2025.2/data/xhub/boards\XilinxBoardStore\boards\Xilinx\zcu216ld\production\2.0\board.xml as part xczu59dr-ffvf1760-2-i specified in board_part file is either invalid or not available
WARNING: [Board 49-26] cannot add Board Part xilinx.com:zcu670:part0:2.0 available at C:/AMDDesignTools/2025.2/data/xhub/boards\XilinxBoardStore\boards\Xilinx\zcu670\2.0\board.xml as part xczu67dr-fsve1156-2-i specified in board_part file is either invalid or not available
WARNING: [Board 49-26] cannot add Board Part xilinx.com:zcu670ld:part0:1.0 available at C:/AMDDesignTools/2025.2/data/xhub/boards\XilinxBoardStore\boards\Xilinx\zcu670ld\1.0\board.xml as part xczu57dr-fsve1156-2-i specified in board_part file is either invalid or not available
INFO: [filemgmt 56-3] Default IP Output Path : Could not find the directory 'C:/Users/LENOVO/OneDrive/Desktop/Notes and projects/VIth sem projects/EL/riscv _latest/riscv_cache/riscv_cache.gen/sources_1'.
Scanning sources...
Finished scanning sources
WARNING: [Board 49-26] cannot add Board Part xilinx.com:ac701:part0:1.4 available at C:/AMDDesignTools/2025.2/data/xhub/boards\XilinxBoardStore\boards\Xilinx\ac701\1.4\board.xml as part xc7a200tfbg676-2 specified in board_part file is either invalid or not available
WARNING: [Board 49-26] cannot add Board Part xilinx.com:emb-plus-vpr-4616:part0:1.0 available at C:/AMDDesignTools/2025.2/data/xhub/boards\XilinxBoardStore\boards\Xilinx\emb-plus-vpr-4616\1.0\board.xml as part xcve2302-sfva784-2mp-e-s specified in board_part file is either invalid or not available
WARNING: [Board 49-26] cannot add Board Part xilinx.com:emb-plus-vpr-4616:part0:1.1 available at C:/AMDDesignTools/2025.2/data/xhub/boards\XilinxBoardStore\boards\Xilinx\emb-plus-vpr-4616\1.1\board.xml as part xcve2302-sfva784-2mp-e-s specified in board_part file is either invalid or not available
WARNING: [Board 49-26] cannot add Board Part xilinx.com:k24c:part0:1.0 available at C:/AMDDesignTools/2025.2/data/xhub/boards\XilinxBoardStore\boards\Xilinx\k24c\1.0\board.xml as part xck24-ubva530-2lv-c specified in board_part file is either invalid or not available
INFO: [Common 17-14] Message 'Board 49-26' appears 100 times and further instances of the messages will be disabled. Use the Tcl command set_msg_config to change the current settings.
WARNING: [Project 1-5713] Board part '' set for the project  is not found. BoardPart property will be unset. Please select board from latest repo build 
INFO: [IP_Flow 19-234] Refreshing IP repositories
INFO: [IP_Flow 19-1704] No user IP repositories specified
INFO: [IP_Flow 19-2313] Loaded Vivado IP repository 'C:/AMDDesignTools/2025.2/Vivado/data/ip'.
open_project: Time (s): cpu = 00:00:24 ; elapsed = 00:00:13 . Memory (MB): peak = 1616.344 ; gain = 227.938
launch_simulation
Command: launch_simulation 
INFO: [Vivado 12-25911] Executing simulation for 'XSim' simulator
INFO: [Vivado 12-28535] Process started - Wed May  6 22:27:05 2026

INFO: [Vivado 12-12493] Simulation top is 'tb_cache'
INFO: [Vivado 12-5682] Launching behavioral simulation in 'C:/Users/LENOVO/OneDrive/Desktop/Notes and projects/VIth sem projects/EL/riscv _latest/riscv_cache/riscv_cache.sim/sim_1/behav/xsim'
INFO: [SIM-utils-51] Simulation object is 'sim_1'
INFO: [SIM-utils-72] Using boost library from 'C:/AMDDesignTools/2025.2/Vivado/tps/boost_1_72_0'
INFO: [SIM-utils-54] Inspecting design source files for 'tb_cache' in fileset 'sim_1'...
INFO: [USF-XSim-97] Finding global include files...
INFO: [USF-XSim-98] Fetching design files from 'sim_1'...
INFO: [USF-XSim-2] XSim::Compile design
INFO: [USF-XSim-61] Executing 'COMPILE and ANALYZE' step in 'C:/Users/LENOVO/OneDrive/Desktop/Notes and projects/VIth sem projects/EL/riscv _latest/riscv_cache/riscv_cache.sim/sim_1/behav/xsim'
"xvlog --incr --relax -prj tb_cache_vlog.prj"
INFO: [USF-XSim-69] 'compile' step finished in '1' seconds
INFO: [USF-XSim-3] XSim::Elaborate design
INFO: [USF-XSim-61] Executing 'ELABORATE' step in 'C:/Users/LENOVO/OneDrive/Desktop/Notes and projects/VIth sem projects/EL/riscv _latest/riscv_cache/riscv_cache.sim/sim_1/behav/xsim'
"xelab --incr --debug typical --relax --mt 2 -L xil_defaultlib -L unisims_ver -L unimacro_ver -L secureip --snapshot tb_cache_behav xil_defaultlib.tb_cache xil_defaultlib.glbl -log elaborate.log"
Vivado Simulator v2025.2
Copyright 1986-2022 Xilinx, Inc. All Rights Reserved.
Copyright 2022-2025 Advanced Micro Devices, Inc. All Rights Reserved.
Running: C:/AMDDesignTools/2025.2/Vivado/bin/unwrapped/win64.o/xelab.exe --incr --debug typical --relax --mt 2 -L xil_defaultlib -L unisims_ver -L unimacro_ver -L secureip --snapshot tb_cache_behav xil_defaultlib.tb_cache xil_defaultlib.glbl -log elaborate.log 
Using 2 slave threads.
Starting static elaboration
Pass Through NonSizing Optimizer
Completed static elaboration
INFO: [XSIM 43-4323] No Change in HDL. Linking previously generated obj files to create kernel
INFO: [USF-XSim-69] 'elaborate' step finished in '1' seconds
INFO: [USF-XSim-4] XSim::Simulate design
INFO: [USF-XSim-61] Executing 'SIMULATE' step in 'C:/Users/LENOVO/OneDrive/Desktop/Notes and projects/VIth sem projects/EL/riscv _latest/riscv_cache/riscv_cache.sim/sim_1/behav/xsim'
INFO: [USF-XSim-98] *** Running xsim
   with args "tb_cache_behav -key {Behavioral:sim_1:Functional:tb_cache} -tclbatch {tb_cache.tcl} -view {{C:/Users/LENOVO/OneDrive/Desktop/Notes and projects/VIth sem projects/EL/riscv _latest/riscv_cache/tb_riscv_pipeline_behav.wcfg}} -log {simulate.log}"
INFO: [USF-XSim-8] Loading simulator feature
Time resolution is 1 ps
open_wave_config {C:/Users/LENOVO/OneDrive/Desktop/Notes and projects/VIth sem projects/EL/riscv _latest/riscv_cache/tb_riscv_pipeline_behav.wcfg}
WARNING: Simulation object /tb_branch/clk was not found in the design.
WARNING: Simulation object /tb_branch/rst was not found in the design.
WARNING: Simulation object /tb_branch/dut/pc was not found in the design.
source tb_cache.tcl
# set curr_wave [current_wave_config]
# if { [string length $curr_wave] == 0 } {
#   if { [llength [get_objects]] > 0} {
#     add_wave /
#     set_property needs_save false [current_wave_config]
#   } else {
#      send_msg_id Add_Wave-1 WARNING "No top level signals found. Simulator will start without a wave window. If you want to open a wave window go to 'File->New Waveform Configuration' or type 'create_wave_config' in the TCL console."
#   }
# }
# run 1000ns
INFO: [USF-XSim-96] XSim completed. Design snapshot 'tb_cache_behav' loaded.
INFO: [USF-XSim-97] XSim simulation ran for 1000ns
launch_simulation: Time (s): cpu = 00:00:07 ; elapsed = 00:00:07 . Memory (MB): peak = 1642.957 ; gain = 20.539
update_compile_order -fileset sources_1
run 3000ns
CSV log written to mem_access_log.csv

========================================
 T1: Register file after full run
========================================
(~150 cycles simulated)
  PASS  x1  = 5 (0x00000005)
  PASS  x2  = 3 (0x00000003)
  PASS  x3  = 8 (0x00000008)
  PASS  x4  = 2 (0x00000002)
  PASS  x5  = 8 (0x00000008)
  PASS  x6  = 2 (0x00000002)
  PASS  x7  = 3 (0x00000003)
  PASS  x8  = 4 (0x00000004)
  PASS  x9  = 108 (0x0000006c)
  PASS  x10 = 108 (0x0000006c)

========================================
 T2: Cache performance counters
========================================
  stat_accesses = 11
  stat_hits     = 8
  stat_misses   = 3
  stat_accesses = 11
  stat_hits     = 8
  stat_misses   = 3
  PASS  hits + misses == accesses = 11 (0x0000000b)
  hit rate = 72%

========================================
 T3: Cache line state after run
========================================
  cache_valid[0] = 1  (expected 1)
  cache_data[0]  = 8  (expected 8)
  PASS  cache_data[0] = 8 (0x00000008)

========================================
 T4: Stall behaviour
========================================
  cache_stall at end of sim = 0  (expected 0)
  PASS  cache_stall final = 0 (0x00000000)

========================================
 SUMMARY
========================================
  Passed: 13
  Failed: 0
  Cycles: 150
  ALL TESTS PASSED
$finish called at time : 1516 ns : File "C:/Users/LENOVO/OneDrive/Desktop/Notes and projects/VIth sem projects/EL/riscv _latest/riscv_cache/riscv_cache.srcs/sim_1/new/tb_cache.v" Line 198
WARNING: [filemgmt 56-199] Attempt to get parsing info during refresh. "On-the-fly" syntax checking information may be incorrect. [C:\Users\LENOVO\OneDrive\Desktop\Notes and projects\VIth sem projects\EL\riscv _latest\riscv_cache\riscv_cache.srcs\sim_1\new\tb_cache.v:]
WARNING: [filemgmt 56-199] Attempt to get parsing info during refresh. "On-the-fly" syntax checking information may be incorrect. [C:\Users\LENOVO\OneDrive\Desktop\Notes and projects\VIth sem projects\EL\riscv _latest\riscv_cache\riscv_cache.srcs\sources_1\imports\instruction_memory.v:]
WARNING: [filemgmt 56-199] Attempt to get parsing info during refresh. "On-the-fly" syntax checking information may be incorrect. [C:\Users\LENOVO\OneDrive\Desktop\Notes and projects\VIth sem projects\EL\riscv _latest\riscv_cache\riscv_cache.srcs\sources_1\imports\instruction_memory.v:]
WARNING: [filemgmt 56-199] Attempt to get parsing info during refresh. "On-the-fly" syntax checking information may be incorrect. [C:\Users\LENOVO\OneDrive\Desktop\Notes and projects\VIth sem projects\EL\riscv _latest\riscv_cache\riscv_cache.srcs\sources_1\imports\instruction_memory.v:]
close_sim
INFO: [Simtcl 6-16] Simulation closed
launch_simulation
Command: launch_simulation 
INFO: [Vivado 12-25911] Executing simulation for 'XSim' simulator
INFO: [Vivado 12-28535] Process started - Wed May  6 22:45:20 2026

INFO: [Vivado 12-12493] Simulation top is 'tb_cache'
INFO: [Vivado 12-5682] Launching behavioral simulation in 'C:/Users/LENOVO/OneDrive/Desktop/Notes and projects/VIth sem projects/EL/riscv _latest/riscv_cache/riscv_cache.sim/sim_1/behav/xsim'
INFO: [SIM-utils-51] Simulation object is 'sim_1'
INFO: [SIM-utils-72] Using boost library from 'C:/AMDDesignTools/2025.2/Vivado/tps/boost_1_72_0'
INFO: [SIM-utils-54] Inspecting design source files for 'tb_cache' in fileset 'sim_1'...
INFO: [USF-XSim-97] Finding global include files...
INFO: [USF-XSim-98] Fetching design files from 'sim_1'...
INFO: [USF-XSim-2] XSim::Compile design
INFO: [USF-XSim-61] Executing 'COMPILE and ANALYZE' step in 'C:/Users/LENOVO/OneDrive/Desktop/Notes and projects/VIth sem projects/EL/riscv _latest/riscv_cache/riscv_cache.sim/sim_1/behav/xsim'
"xvlog --incr --relax -prj tb_cache_vlog.prj"
INFO: [VRFC 10-2263] Analyzing Verilog file "C:/Users/LENOVO/OneDrive/Desktop/Notes and projects/VIth sem projects/EL/riscv _latest/riscv_cache/riscv_cache.srcs/sources_1/imports/filesss/EX_MEM_reg.v" into library xil_defaultlib
INFO: [VRFC 10-311] analyzing module EX_MEM_reg
INFO: [VRFC 10-2263] Analyzing Verilog file "C:/Users/LENOVO/OneDrive/Desktop/Notes and projects/VIth sem projects/EL/riscv _latest/riscv_cache/riscv_cache.srcs/sources_1/imports/filesss/ID_EX_reg.v" into library xil_defaultlib
INFO: [VRFC 10-311] analyzing module ID_EX_reg
INFO: [VRFC 10-2263] Analyzing Verilog file "C:/Users/LENOVO/OneDrive/Desktop/Notes and projects/VIth sem projects/EL/riscv _latest/riscv_cache/riscv_cache.srcs/sources_1/imports/IF_ID_reg.v" into library xil_defaultlib
INFO: [VRFC 10-311] analyzing module IF_ID_reg
INFO: [VRFC 10-2263] Analyzing Verilog file "C:/Users/LENOVO/OneDrive/Desktop/Notes and projects/VIth sem projects/EL/riscv _latest/riscv_cache/riscv_cache.srcs/sources_1/imports/filesss/MEM_WB_reg.v" into library xil_defaultlib
INFO: [VRFC 10-311] analyzing module MEM_WB_reg
INFO: [VRFC 10-2263] Analyzing Verilog file "C:/Users/LENOVO/OneDrive/Desktop/Notes and projects/VIth sem projects/EL/riscv _latest/riscv_cache/riscv_cache.srcs/sources_1/imports/alu.v" into library xil_defaultlib
INFO: [VRFC 10-311] analyzing module alu
INFO: [VRFC 10-2263] Analyzing Verilog file "C:/Users/LENOVO/OneDrive/Desktop/Notes and projects/VIth sem projects/EL/riscv _latest/riscv_cache/riscv_cache.srcs/sources_1/imports/alu_control.v" into library xil_defaultlib
INFO: [VRFC 10-311] analyzing module alu_control
INFO: [VRFC 10-2263] Analyzing Verilog file "C:/Users/LENOVO/OneDrive/Desktop/Notes and projects/VIth sem projects/EL/riscv _latest/riscv_cache/riscv_cache.srcs/sources_1/imports/filesss/control_unit.v" into library xil_defaultlib
INFO: [VRFC 10-311] analyzing module control_unit
INFO: [VRFC 10-2263] Analyzing Verilog file "C:/Users/LENOVO/OneDrive/Desktop/Notes and projects/VIth sem projects/EL/riscv _latest/riscv_cache/riscv_cache.srcs/sources_1/imports/data_memory.v" into library xil_defaultlib
INFO: [VRFC 10-311] analyzing module data_memory
INFO: [VRFC 10-2263] Analyzing Verilog file "C:/Users/LENOVO/OneDrive/Desktop/Notes and projects/VIth sem projects/EL/riscv _latest/riscv_cache/riscv_cache.srcs/sources_1/imports/filesss/datapath.v" into library xil_defaultlib
INFO: [VRFC 10-311] analyzing module datapath
INFO: [VRFC 10-2263] Analyzing Verilog file "C:/Users/LENOVO/OneDrive/Desktop/Notes and projects/VIth sem projects/EL/riscv _latest/riscv_cache/riscv_cache.srcs/sources_1/imports/forwarding_unit.v" into library xil_defaultlib
INFO: [VRFC 10-311] analyzing module forwarding_unit
INFO: [VRFC 10-2263] Analyzing Verilog file "C:/Users/LENOVO/OneDrive/Desktop/Notes and projects/VIth sem projects/EL/riscv _latest/riscv_cache/riscv_cache.srcs/sources_1/imports/hazard_detection_unit.v" into library xil_defaultlib
INFO: [VRFC 10-311] analyzing module hazard_detection_unit1
INFO: [VRFC 10-2263] Analyzing Verilog file "C:/Users/LENOVO/OneDrive/Desktop/Notes and projects/VIth sem projects/EL/riscv _latest/riscv_cache/riscv_cache.srcs/sources_1/imports/imm_gen.v" into library xil_defaultlib
INFO: [VRFC 10-311] analyzing module imm_gen
INFO: [VRFC 10-2263] Analyzing Verilog file "C:/Users/LENOVO/OneDrive/Desktop/Notes and projects/VIth sem projects/EL/riscv _latest/riscv_cache/riscv_cache.srcs/sources_1/imports/instruction_memory.v" into library xil_defaultlib
INFO: [VRFC 10-311] analyzing module instruction_memory
INFO: [VRFC 10-2263] Analyzing Verilog file "C:/Users/LENOVO/OneDrive/Desktop/Notes and projects/VIth sem projects/EL/riscv _latest/riscv_cache/riscv_cache.srcs/sources_1/new/l1_cache.v" into library xil_defaultlib
INFO: [VRFC 10-311] analyzing module l1_cache
INFO: [VRFC 10-2263] Analyzing Verilog file "C:/Users/LENOVO/OneDrive/Desktop/Notes and projects/VIth sem projects/EL/riscv _latest/riscv_cache/riscv_cache.srcs/sources_1/imports/pc.v" into library xil_defaultlib
INFO: [VRFC 10-311] analyzing module pc
INFO: [VRFC 10-2263] Analyzing Verilog file "C:/Users/LENOVO/OneDrive/Desktop/Notes and projects/VIth sem projects/EL/riscv _latest/riscv_cache/riscv_cache.srcs/sources_1/imports/register_file.v" into library xil_defaultlib
INFO: [VRFC 10-311] analyzing module register_file
INFO: [VRFC 10-2263] Analyzing Verilog file "C:/Users/LENOVO/OneDrive/Desktop/Notes and projects/VIth sem projects/EL/riscv _latest/riscv_cache/riscv_cache.srcs/sim_1/new/tb_cache.v" into library xil_defaultlib
INFO: [VRFC 10-311] analyzing module tb_cache
INFO: [USF-XSim-69] 'compile' step finished in '1' seconds
INFO: [USF-XSim-3] XSim::Elaborate design
INFO: [USF-XSim-61] Executing 'ELABORATE' step in 'C:/Users/LENOVO/OneDrive/Desktop/Notes and projects/VIth sem projects/EL/riscv _latest/riscv_cache/riscv_cache.sim/sim_1/behav/xsim'
"xelab --incr --debug typical --relax --mt 2 -L xil_defaultlib -L unisims_ver -L unimacro_ver -L secureip --snapshot tb_cache_behav xil_defaultlib.tb_cache xil_defaultlib.glbl -log elaborate.log"
Vivado Simulator v2025.2
Copyright 1986-2022 Xilinx, Inc. All Rights Reserved.
Copyright 2022-2025 Advanced Micro Devices, Inc. All Rights Reserved.
Running: C:/AMDDesignTools/2025.2/Vivado/bin/unwrapped/win64.o/xelab.exe --incr --debug typical --relax --mt 2 -L xil_defaultlib -L unisims_ver -L unimacro_ver -L secureip --snapshot tb_cache_behav xil_defaultlib.tb_cache xil_defaultlib.glbl -log elaborate.log 
Using 2 slave threads.
Starting static elaboration
Pass Through NonSizing Optimizer
Completed static elaboration
Starting simulation data flow analysis
WARNING: [XSIM 43-4099] "C:/Users/LENOVO/OneDrive/Desktop/Notes and projects/VIth sem projects/EL/riscv _latest/riscv_cache/riscv_cache.srcs/sources_1/imports/filesss/datapath.v" Line 229. Module datapath doesn't have a timescale but at least one module in design has a timescale.
WARNING: [XSIM 43-4099] "C:/Users/LENOVO/OneDrive/Desktop/Notes and projects/VIth sem projects/EL/riscv _latest/riscv_cache/riscv_cache.srcs/sources_1/imports/instruction_memory.v" Line 40. Module instruction_memory doesn't have a timescale but at least one module in design has a timescale.
WARNING: [XSIM 43-4099] "C:/Users/LENOVO/OneDrive/Desktop/Notes and projects/VIth sem projects/EL/riscv _latest/riscv_cache/riscv_cache.srcs/sources_1/imports/IF_ID_reg.v" Line 6. Module IF_ID_reg doesn't have a timescale but at least one module in design has a timescale.
WARNING: [XSIM 43-4099] "C:/Users/LENOVO/OneDrive/Desktop/Notes and projects/VIth sem projects/EL/riscv _latest/riscv_cache/riscv_cache.srcs/sources_1/imports/imm_gen.v" Line 4. Module imm_gen doesn't have a timescale but at least one module in design has a timescale.
WARNING: [XSIM 43-4099] "C:/Users/LENOVO/OneDrive/Desktop/Notes and projects/VIth sem projects/EL/riscv _latest/riscv_cache/riscv_cache.srcs/sources_1/imports/filesss/control_unit.v" Line 11. Module control_unit doesn't have a timescale but at least one module in design has a timescale.
WARNING: [XSIM 43-4099] "C:/Users/LENOVO/OneDrive/Desktop/Notes and projects/VIth sem projects/EL/riscv _latest/riscv_cache/riscv_cache.srcs/sources_1/imports/hazard_detection_unit.v" Line 21. Module hazard_detection_unit1 doesn't have a timescale but at least one module in design has a timescale.
WARNING: [XSIM 43-4099] "C:/Users/LENOVO/OneDrive/Desktop/Notes and projects/VIth sem projects/EL/riscv _latest/riscv_cache/riscv_cache.srcs/sources_1/imports/filesss/ID_EX_reg.v" Line 8. Module ID_EX_reg doesn't have a timescale but at least one module in design has a timescale.
WARNING: [XSIM 43-4099] "C:/Users/LENOVO/OneDrive/Desktop/Notes and projects/VIth sem projects/EL/riscv _latest/riscv_cache/riscv_cache.srcs/sources_1/imports/forwarding_unit.v" Line 17. Module forwarding_unit doesn't have a timescale but at least one module in design has a timescale.
WARNING: [XSIM 43-4099] "C:/Users/LENOVO/OneDrive/Desktop/Notes and projects/VIth sem projects/EL/riscv _latest/riscv_cache/riscv_cache.srcs/sources_1/imports/alu_control.v" Line 4. Module alu_control doesn't have a timescale but at least one module in design has a timescale.
WARNING: [XSIM 43-4099] "C:/Users/LENOVO/OneDrive/Desktop/Notes and projects/VIth sem projects/EL/riscv _latest/riscv_cache/riscv_cache.srcs/sources_1/imports/alu.v" Line 4. Module alu doesn't have a timescale but at least one module in design has a timescale.
WARNING: [XSIM 43-4099] "C:/Users/LENOVO/OneDrive/Desktop/Notes and projects/VIth sem projects/EL/riscv _latest/riscv_cache/riscv_cache.srcs/sources_1/imports/filesss/EX_MEM_reg.v" Line 93. Module EX_MEM_reg doesn't have a timescale but at least one module in design has a timescale.
WARNING: [XSIM 43-4099] "C:/Users/LENOVO/OneDrive/Desktop/Notes and projects/VIth sem projects/EL/riscv _latest/riscv_cache/riscv_cache.srcs/sources_1/imports/data_memory.v" Line 4. Module data_memory doesn't have a timescale but at least one module in design has a timescale.
WARNING: [XSIM 43-4099] "C:/Users/LENOVO/OneDrive/Desktop/Notes and projects/VIth sem projects/EL/riscv _latest/riscv_cache/riscv_cache.srcs/sources_1/imports/filesss/MEM_WB_reg.v" Line 61. Module MEM_WB_reg doesn't have a timescale but at least one module in design has a timescale.
Completed simulation data flow analysis
Time Resolution for simulation is 1ps
Compiling module xil_defaultlib.pc
Compiling module xil_defaultlib.instruction_memory
Compiling module xil_defaultlib.IF_ID_reg
Compiling module xil_defaultlib.register_file
Compiling module xil_defaultlib.imm_gen
Compiling module xil_defaultlib.control_unit
Compiling module xil_defaultlib.hazard_detection_unit1
Compiling module xil_defaultlib.ID_EX_reg
Compiling module xil_defaultlib.forwarding_unit
Compiling module xil_defaultlib.alu_control
Compiling module xil_defaultlib.alu
Compiling module xil_defaultlib.EX_MEM_reg
Compiling module xil_defaultlib.l1_cache_default
Compiling module xil_defaultlib.data_memory
Compiling module xil_defaultlib.MEM_WB_reg
Compiling module xil_defaultlib.datapath
Compiling module xil_defaultlib.tb_cache
Compiling module xil_defaultlib.glbl
Built simulation snapshot tb_cache_behav
INFO: [USF-XSim-69] 'elaborate' step finished in '3' seconds
INFO: [USF-XSim-4] XSim::Simulate design
INFO: [USF-XSim-61] Executing 'SIMULATE' step in 'C:/Users/LENOVO/OneDrive/Desktop/Notes and projects/VIth sem projects/EL/riscv _latest/riscv_cache/riscv_cache.sim/sim_1/behav/xsim'
INFO: [USF-XSim-98] *** Running xsim
   with args "tb_cache_behav -key {Behavioral:sim_1:Functional:tb_cache} -tclbatch {tb_cache.tcl} -view {{C:/Users/LENOVO/OneDrive/Desktop/Notes and projects/VIth sem projects/EL/riscv _latest/riscv_cache/tb_riscv_pipeline_behav.wcfg}} -log {simulate.log}"
INFO: [USF-XSim-8] Loading simulator feature
Time resolution is 1 ps
open_wave_config {C:/Users/LENOVO/OneDrive/Desktop/Notes and projects/VIth sem projects/EL/riscv _latest/riscv_cache/tb_riscv_pipeline_behav.wcfg}
WARNING: Simulation object /tb_branch/clk was not found in the design.
WARNING: Simulation object /tb_branch/rst was not found in the design.
WARNING: Simulation object /tb_branch/dut/pc was not found in the design.
source tb_cache.tcl
# set curr_wave [current_wave_config]
# if { [string length $curr_wave] == 0 } {
#   if { [llength [get_objects]] > 0} {
#     add_wave /
#     set_property needs_save false [current_wave_config]
#   } else {
#      send_msg_id Add_Wave-1 WARNING "No top level signals found. Simulator will start without a wave window. If you want to open a wave window go to 'File->New Waveform Configuration' or type 'create_wave_config' in the TCL console."
#   }
# }
# run 1000ns
WARNING: file C:/Users/LENOVO/OneDrive/Desktop/Notes and projects/VIth sem projects/EL/riscv _latest/riscv_cache/mem_access_log.csv could not be opened
ERROR: could not open mem_access_log.csv
$finish called at time : 0 fs : File "C:/Users/LENOVO/OneDrive/Desktop/Notes and projects/VIth sem projects/EL/riscv _latest/riscv_cache/riscv_cache.srcs/sim_1/new/tb_cache.v" Line 98
INFO: [USF-XSim-96] XSim completed. Design snapshot 'tb_cache_behav' loaded.
INFO: [USF-XSim-97] XSim simulation ran for 1000ns
launch_simulation: Time (s): cpu = 00:00:08 ; elapsed = 00:00:07 . Memory (MB): peak = 1693.406 ; gain = 0.000
run 3000ns
CSV log written to mem_access_log.csv

========================================
 T1: Register file after full run
========================================
(~150 cycles simulated)
  PASS  x1  = 5 (0x00000005)
  PASS  x2  = 3 (0x00000003)
  PASS  x3  = 8 (0x00000008)
  PASS  x4  = 2 (0x00000002)
  PASS  x5  = 8 (0x00000008)
  PASS  x6  = 2 (0x00000002)
  PASS  x7  = 3 (0x00000003)
  PASS  x8  = 4 (0x00000004)
  PASS  x9  = 108 (0x0000006c)
  PASS  x10 = 108 (0x0000006c)

========================================
 T2: Cache performance counters
========================================
  stat_accesses = 11
  stat_hits     = 8
  stat_misses   = 3
  stat_accesses = 11
  stat_hits     = 8
  stat_misses   = 3
  PASS  hits + misses == accesses = 11 (0x0000000b)
  hit rate = 72%

========================================
 T3: Cache line state after run
========================================
  cache_valid[0] = 1  (expected 1)
  cache_data[0]  = 8  (expected 8)
  PASS  cache_data[0] = 8 (0x00000008)

========================================
 T4: Stall behaviour
========================================
  cache_stall at end of sim = 0  (expected 0)
  PASS  cache_stall final = 0 (0x00000000)

========================================
 SUMMARY
========================================
  Passed: 13
  Failed: 0
  Cycles: 150
  ALL TESTS PASSED
$finish called at time : 1516 ns : File "C:/Users/LENOVO/OneDrive/Desktop/Notes and projects/VIth sem projects/EL/riscv _latest/riscv_cache/riscv_cache.srcs/sim_1/new/tb_cache.v" Line 198
close_sim
WARNING: [filemgmt 56-199] Attempt to get parsing info during refresh. "On-the-fly" syntax checking information may be incorrect. [C:\Users\LENOVO\OneDrive\Desktop\Notes and projects\VIth sem projects\EL\riscv _latest\riscv_cache\riscv_cache.srcs\sim_1\new\tb_cache.v:]
WARNING: [filemgmt 56-199] Attempt to get parsing info during refresh. "On-the-fly" syntax checking information may be incorrect. [C:\Users\LENOVO\OneDrive\Desktop\Notes and projects\VIth sem projects\EL\riscv _latest\riscv_cache\riscv_cache.srcs\sources_1\imports\instruction_memory.v:]
WARNING: [filemgmt 56-199] Attempt to get parsing info during refresh. "On-the-fly" syntax checking information may be incorrect. [C:\Users\LENOVO\OneDrive\Desktop\Notes and projects\VIth sem projects\EL\riscv _latest\riscv_cache\riscv_cache.srcs\sources_1\imports\instruction_memory.v:]
WARNING: [filemgmt 56-199] Attempt to get parsing info during refresh. "On-the-fly" syntax checking information may be incorrect. [C:\Users\LENOVO\OneDrive\Desktop\Notes and projects\VIth sem projects\EL\riscv _latest\riscv_cache\riscv_cache.srcs\sources_1\imports\instruction_memory.v:]
INFO: [Simtcl 6-16] Simulation closed
launch_simulation
Command: launch_simulation 
INFO: [Vivado 12-25911] Executing simulation for 'XSim' simulator
INFO: [Vivado 12-28535] Process started - Wed May  6 22:47:51 2026

INFO: [Vivado 12-12493] Simulation top is 'tb_cache'
INFO: [Vivado 12-5682] Launching behavioral simulation in 'C:/Users/LENOVO/OneDrive/Desktop/Notes and projects/VIth sem projects/EL/riscv _latest/riscv_cache/riscv_cache.sim/sim_1/behav/xsim'
INFO: [SIM-utils-51] Simulation object is 'sim_1'
INFO: [SIM-utils-72] Using boost library from 'C:/AMDDesignTools/2025.2/Vivado/tps/boost_1_72_0'
INFO: [SIM-utils-54] Inspecting design source files for 'tb_cache' in fileset 'sim_1'...
INFO: [USF-XSim-97] Finding global include files...
INFO: [USF-XSim-98] Fetching design files from 'sim_1'...
INFO: [USF-XSim-2] XSim::Compile design
INFO: [USF-XSim-61] Executing 'COMPILE and ANALYZE' step in 'C:/Users/LENOVO/OneDrive/Desktop/Notes and projects/VIth sem projects/EL/riscv _latest/riscv_cache/riscv_cache.sim/sim_1/behav/xsim'
"xvlog --incr --relax -prj tb_cache_vlog.prj"
INFO: [VRFC 10-2263] Analyzing Verilog file "C:/Users/LENOVO/OneDrive/Desktop/Notes and projects/VIth sem projects/EL/riscv _latest/riscv_cache/riscv_cache.srcs/sources_1/imports/filesss/EX_MEM_reg.v" into library xil_defaultlib
INFO: [VRFC 10-311] analyzing module EX_MEM_reg
INFO: [VRFC 10-2263] Analyzing Verilog file "C:/Users/LENOVO/OneDrive/Desktop/Notes and projects/VIth sem projects/EL/riscv _latest/riscv_cache/riscv_cache.srcs/sources_1/imports/filesss/ID_EX_reg.v" into library xil_defaultlib
INFO: [VRFC 10-311] analyzing module ID_EX_reg
INFO: [VRFC 10-2263] Analyzing Verilog file "C:/Users/LENOVO/OneDrive/Desktop/Notes and projects/VIth sem projects/EL/riscv _latest/riscv_cache/riscv_cache.srcs/sources_1/imports/IF_ID_reg.v" into library xil_defaultlib
INFO: [VRFC 10-311] analyzing module IF_ID_reg
INFO: [VRFC 10-2263] Analyzing Verilog file "C:/Users/LENOVO/OneDrive/Desktop/Notes and projects/VIth sem projects/EL/riscv _latest/riscv_cache/riscv_cache.srcs/sources_1/imports/filesss/MEM_WB_reg.v" into library xil_defaultlib
INFO: [VRFC 10-311] analyzing module MEM_WB_reg
INFO: [VRFC 10-2263] Analyzing Verilog file "C:/Users/LENOVO/OneDrive/Desktop/Notes and projects/VIth sem projects/EL/riscv _latest/riscv_cache/riscv_cache.srcs/sources_1/imports/alu.v" into library xil_defaultlib
INFO: [VRFC 10-311] analyzing module alu
INFO: [VRFC 10-2263] Analyzing Verilog file "C:/Users/LENOVO/OneDrive/Desktop/Notes and projects/VIth sem projects/EL/riscv _latest/riscv_cache/riscv_cache.srcs/sources_1/imports/alu_control.v" into library xil_defaultlib
INFO: [VRFC 10-311] analyzing module alu_control
INFO: [VRFC 10-2263] Analyzing Verilog file "C:/Users/LENOVO/OneDrive/Desktop/Notes and projects/VIth sem projects/EL/riscv _latest/riscv_cache/riscv_cache.srcs/sources_1/imports/filesss/control_unit.v" into library xil_defaultlib
INFO: [VRFC 10-311] analyzing module control_unit
INFO: [VRFC 10-2263] Analyzing Verilog file "C:/Users/LENOVO/OneDrive/Desktop/Notes and projects/VIth sem projects/EL/riscv _latest/riscv_cache/riscv_cache.srcs/sources_1/imports/data_memory.v" into library xil_defaultlib
INFO: [VRFC 10-311] analyzing module data_memory
INFO: [VRFC 10-2263] Analyzing Verilog file "C:/Users/LENOVO/OneDrive/Desktop/Notes and projects/VIth sem projects/EL/riscv _latest/riscv_cache/riscv_cache.srcs/sources_1/imports/filesss/datapath.v" into library xil_defaultlib
INFO: [VRFC 10-311] analyzing module datapath
INFO: [VRFC 10-2263] Analyzing Verilog file "C:/Users/LENOVO/OneDrive/Desktop/Notes and projects/VIth sem projects/EL/riscv _latest/riscv_cache/riscv_cache.srcs/sources_1/imports/forwarding_unit.v" into library xil_defaultlib
INFO: [VRFC 10-311] analyzing module forwarding_unit
INFO: [VRFC 10-2263] Analyzing Verilog file "C:/Users/LENOVO/OneDrive/Desktop/Notes and projects/VIth sem projects/EL/riscv _latest/riscv_cache/riscv_cache.srcs/sources_1/imports/hazard_detection_unit.v" into library xil_defaultlib
INFO: [VRFC 10-311] analyzing module hazard_detection_unit1
INFO: [VRFC 10-2263] Analyzing Verilog file "C:/Users/LENOVO/OneDrive/Desktop/Notes and projects/VIth sem projects/EL/riscv _latest/riscv_cache/riscv_cache.srcs/sources_1/imports/imm_gen.v" into library xil_defaultlib
INFO: [VRFC 10-311] analyzing module imm_gen
INFO: [VRFC 10-2263] Analyzing Verilog file "C:/Users/LENOVO/OneDrive/Desktop/Notes and projects/VIth sem projects/EL/riscv _latest/riscv_cache/riscv_cache.srcs/sources_1/imports/instruction_memory.v" into library xil_defaultlib
INFO: [VRFC 10-311] analyzing module instruction_memory
INFO: [VRFC 10-2263] Analyzing Verilog file "C:/Users/LENOVO/OneDrive/Desktop/Notes and projects/VIth sem projects/EL/riscv _latest/riscv_cache/riscv_cache.srcs/sources_1/new/l1_cache.v" into library xil_defaultlib
INFO: [VRFC 10-311] analyzing module l1_cache
INFO: [VRFC 10-2263] Analyzing Verilog file "C:/Users/LENOVO/OneDrive/Desktop/Notes and projects/VIth sem projects/EL/riscv _latest/riscv_cache/riscv_cache.srcs/sources_1/imports/pc.v" into library xil_defaultlib
INFO: [VRFC 10-311] analyzing module pc
INFO: [VRFC 10-2263] Analyzing Verilog file "C:/Users/LENOVO/OneDrive/Desktop/Notes and projects/VIth sem projects/EL/riscv _latest/riscv_cache/riscv_cache.srcs/sources_1/imports/register_file.v" into library xil_defaultlib
INFO: [VRFC 10-311] analyzing module register_file
INFO: [VRFC 10-2263] Analyzing Verilog file "C:/Users/LENOVO/OneDrive/Desktop/Notes and projects/VIth sem projects/EL/riscv _latest/riscv_cache/riscv_cache.srcs/sim_1/new/tb_cache.v" into library xil_defaultlib
INFO: [VRFC 10-311] analyzing module tb_cache
INFO: [USF-XSim-69] 'compile' step finished in '1' seconds
INFO: [USF-XSim-3] XSim::Elaborate design
INFO: [USF-XSim-61] Executing 'ELABORATE' step in 'C:/Users/LENOVO/OneDrive/Desktop/Notes and projects/VIth sem projects/EL/riscv _latest/riscv_cache/riscv_cache.sim/sim_1/behav/xsim'
"xelab --incr --debug typical --relax --mt 2 -L xil_defaultlib -L unisims_ver -L unimacro_ver -L secureip --snapshot tb_cache_behav xil_defaultlib.tb_cache xil_defaultlib.glbl -log elaborate.log"
Vivado Simulator v2025.2
Copyright 1986-2022 Xilinx, Inc. All Rights Reserved.
Copyright 2022-2025 Advanced Micro Devices, Inc. All Rights Reserved.
Running: C:/AMDDesignTools/2025.2/Vivado/bin/unwrapped/win64.o/xelab.exe --incr --debug typical --relax --mt 2 -L xil_defaultlib -L unisims_ver -L unimacro_ver -L secureip --snapshot tb_cache_behav xil_defaultlib.tb_cache xil_defaultlib.glbl -log elaborate.log 
Using 2 slave threads.
Starting static elaboration
Pass Through NonSizing Optimizer
Completed static elaboration
Starting simulation data flow analysis
WARNING: [XSIM 43-4099] "C:/Users/LENOVO/OneDrive/Desktop/Notes and projects/VIth sem projects/EL/riscv _latest/riscv_cache/riscv_cache.srcs/sources_1/imports/filesss/datapath.v" Line 229. Module datapath doesn't have a timescale but at least one module in design has a timescale.
WARNING: [XSIM 43-4099] "C:/Users/LENOVO/OneDrive/Desktop/Notes and projects/VIth sem projects/EL/riscv _latest/riscv_cache/riscv_cache.srcs/sources_1/imports/instruction_memory.v" Line 40. Module instruction_memory doesn't have a timescale but at least one module in design has a timescale.
WARNING: [XSIM 43-4099] "C:/Users/LENOVO/OneDrive/Desktop/Notes and projects/VIth sem projects/EL/riscv _latest/riscv_cache/riscv_cache.srcs/sources_1/imports/IF_ID_reg.v" Line 6. Module IF_ID_reg doesn't have a timescale but at least one module in design has a timescale.
WARNING: [XSIM 43-4099] "C:/Users/LENOVO/OneDrive/Desktop/Notes and projects/VIth sem projects/EL/riscv _latest/riscv_cache/riscv_cache.srcs/sources_1/imports/imm_gen.v" Line 4. Module imm_gen doesn't have a timescale but at least one module in design has a timescale.
WARNING: [XSIM 43-4099] "C:/Users/LENOVO/OneDrive/Desktop/Notes and projects/VIth sem projects/EL/riscv _latest/riscv_cache/riscv_cache.srcs/sources_1/imports/filesss/control_unit.v" Line 11. Module control_unit doesn't have a timescale but at least one module in design has a timescale.
WARNING: [XSIM 43-4099] "C:/Users/LENOVO/OneDrive/Desktop/Notes and projects/VIth sem projects/EL/riscv _latest/riscv_cache/riscv_cache.srcs/sources_1/imports/hazard_detection_unit.v" Line 21. Module hazard_detection_unit1 doesn't have a timescale but at least one module in design has a timescale.
WARNING: [XSIM 43-4099] "C:/Users/LENOVO/OneDrive/Desktop/Notes and projects/VIth sem projects/EL/riscv _latest/riscv_cache/riscv_cache.srcs/sources_1/imports/filesss/ID_EX_reg.v" Line 8. Module ID_EX_reg doesn't have a timescale but at least one module in design has a timescale.
WARNING: [XSIM 43-4099] "C:/Users/LENOVO/OneDrive/Desktop/Notes and projects/VIth sem projects/EL/riscv _latest/riscv_cache/riscv_cache.srcs/sources_1/imports/forwarding_unit.v" Line 17. Module forwarding_unit doesn't have a timescale but at least one module in design has a timescale.
WARNING: [XSIM 43-4099] "C:/Users/LENOVO/OneDrive/Desktop/Notes and projects/VIth sem projects/EL/riscv _latest/riscv_cache/riscv_cache.srcs/sources_1/imports/alu_control.v" Line 4. Module alu_control doesn't have a timescale but at least one module in design has a timescale.
WARNING: [XSIM 43-4099] "C:/Users/LENOVO/OneDrive/Desktop/Notes and projects/VIth sem projects/EL/riscv _latest/riscv_cache/riscv_cache.srcs/sources_1/imports/alu.v" Line 4. Module alu doesn't have a timescale but at least one module in design has a timescale.
WARNING: [XSIM 43-4099] "C:/Users/LENOVO/OneDrive/Desktop/Notes and projects/VIth sem projects/EL/riscv _latest/riscv_cache/riscv_cache.srcs/sources_1/imports/filesss/EX_MEM_reg.v" Line 93. Module EX_MEM_reg doesn't have a timescale but at least one module in design has a timescale.
WARNING: [XSIM 43-4099] "C:/Users/LENOVO/OneDrive/Desktop/Notes and projects/VIth sem projects/EL/riscv _latest/riscv_cache/riscv_cache.srcs/sources_1/imports/data_memory.v" Line 4. Module data_memory doesn't have a timescale but at least one module in design has a timescale.
WARNING: [XSIM 43-4099] "C:/Users/LENOVO/OneDrive/Desktop/Notes and projects/VIth sem projects/EL/riscv _latest/riscv_cache/riscv_cache.srcs/sources_1/imports/filesss/MEM_WB_reg.v" Line 61. Module MEM_WB_reg doesn't have a timescale but at least one module in design has a timescale.
Completed simulation data flow analysis
Time Resolution for simulation is 1ps
Compiling module xil_defaultlib.pc
Compiling module xil_defaultlib.instruction_memory
Compiling module xil_defaultlib.IF_ID_reg
Compiling module xil_defaultlib.register_file
Compiling module xil_defaultlib.imm_gen
Compiling module xil_defaultlib.control_unit
Compiling module xil_defaultlib.hazard_detection_unit1
Compiling module xil_defaultlib.ID_EX_reg
Compiling module xil_defaultlib.forwarding_unit
Compiling module xil_defaultlib.alu_control
Compiling module xil_defaultlib.alu
Compiling module xil_defaultlib.EX_MEM_reg
Compiling module xil_defaultlib.l1_cache_default
Compiling module xil_defaultlib.data_memory
Compiling module xil_defaultlib.MEM_WB_reg
Compiling module xil_defaultlib.datapath
Compiling module xil_defaultlib.tb_cache
Compiling module xil_defaultlib.glbl
Built simulation snapshot tb_cache_behav
INFO: [USF-XSim-69] 'elaborate' step finished in '3' seconds
INFO: [USF-XSim-4] XSim::Simulate design
INFO: [USF-XSim-61] Executing 'SIMULATE' step in 'C:/Users/LENOVO/OneDrive/Desktop/Notes and projects/VIth sem projects/EL/riscv _latest/riscv_cache/riscv_cache.sim/sim_1/behav/xsim'
INFO: [USF-XSim-98] *** Running xsim
   with args "tb_cache_behav -key {Behavioral:sim_1:Functional:tb_cache} -tclbatch {tb_cache.tcl} -view {{C:/Users/LENOVO/OneDrive/Desktop/Notes and projects/VIth sem projects/EL/riscv _latest/riscv_cache/tb_riscv_pipeline_behav.wcfg}} -log {simulate.log}"
INFO: [USF-XSim-8] Loading simulator feature
Time resolution is 1 ps
open_wave_config {C:/Users/LENOVO/OneDrive/Desktop/Notes and projects/VIth sem projects/EL/riscv _latest/riscv_cache/tb_riscv_pipeline_behav.wcfg}
WARNING: Simulation object /tb_branch/clk was not found in the design.
WARNING: Simulation object /tb_branch/rst was not found in the design.
WARNING: Simulation object /tb_branch/dut/pc was not found in the design.
source tb_cache.tcl
# set curr_wave [current_wave_config]
# if { [string length $curr_wave] == 0 } {
#   if { [llength [get_objects]] > 0} {
#     add_wave /
#     set_property needs_save false [current_wave_config]
#   } else {
#      send_msg_id Add_Wave-1 WARNING "No top level signals found. Simulator will start without a wave window. If you want to open a wave window go to 'File->New Waveform Configuration' or type 'create_wave_config' in the TCL console."
#   }
# }
# run 1000ns
WARNING: file C:/Users/LENOVO/OneDrive/Desktop/Notes and projects/VIth sem projects/EL/riscv _latest/riscv_cache/mem_access_log.csv could not be opened
ERROR: could not open mem_access_log.csv
$finish called at time : 0 fs : File "C:/Users/LENOVO/OneDrive/Desktop/Notes and projects/VIth sem projects/EL/riscv _latest/riscv_cache/riscv_cache.srcs/sim_1/new/tb_cache.v" Line 98
INFO: [USF-XSim-96] XSim completed. Design snapshot 'tb_cache_behav' loaded.
INFO: [USF-XSim-97] XSim simulation ran for 1000ns
launch_simulation: Time (s): cpu = 00:00:03 ; elapsed = 00:00:08 . Memory (MB): peak = 1693.406 ; gain = 0.000
run 5000ns
CSV log written to mem_access_log.csv

========================================
 T1: Register file after full run
========================================
(~150 cycles simulated)
  PASS  x1  = 5 (0x00000005)
  PASS  x2  = 3 (0x00000003)
  FAIL  x3  : got=0 (0x00000000)  expected=8 (0x00000008)
  PASS  x4  = 2 (0x00000002)
  PASS  x5  = 8 (0x00000008)
  PASS  x6  = 2 (0x00000002)
  PASS  x7  = 3 (0x00000003)
  PASS  x8  = 4 (0x00000004)
  PASS  x9  = 108 (0x0000006c)
  PASS  x10 = 108 (0x0000006c)

========================================
 T2: Cache performance counters
========================================
  stat_accesses = 11
  stat_hits     = 7
  stat_misses   = 4
  stat_accesses = 11
  stat_hits     = 7
  stat_misses   = 4
  PASS  hits + misses == accesses = 11 (0x0000000b)
  hit rate = 63%

========================================
 T3: Cache line state after run
========================================
  cache_valid[0] = 1  (expected 1)
  cache_data[0]  = 8  (expected 8)
  PASS  cache_data[0] = 8 (0x00000008)

========================================
 T4: Stall behaviour
========================================
  cache_stall at end of sim = 0  (expected 0)
  PASS  cache_stall final = 0 (0x00000000)

========================================
 SUMMARY
========================================
  Passed: 12
  Failed: 1
  Cycles: 150
  SOME TESTS FAILED - check above
$finish called at time : 1516 ns : File "C:/Users/LENOVO/OneDrive/Desktop/Notes and projects/VIth sem projects/EL/riscv _latest/riscv_cache/riscv_cache.srcs/sim_1/new/tb_cache.v" Line 198
close_sim
WARNING: [filemgmt 56-199] Attempt to get parsing info during refresh. "On-the-fly" syntax checking information may be incorrect. [C:\Users\LENOVO\OneDrive\Desktop\Notes and projects\VIth sem projects\EL\riscv _latest\riscv_cache\riscv_cache.srcs\sim_1\new\tb_cache.v:]
WARNING: [filemgmt 56-199] Attempt to get parsing info during refresh. "On-the-fly" syntax checking information may be incorrect. [C:\Users\LENOVO\OneDrive\Desktop\Notes and projects\VIth sem projects\EL\riscv _latest\riscv_cache\riscv_cache.srcs\sources_1\imports\instruction_memory.v:]
WARNING: [filemgmt 56-199] Attempt to get parsing info during refresh. "On-the-fly" syntax checking information may be incorrect. [C:\Users\LENOVO\OneDrive\Desktop\Notes and projects\VIth sem projects\EL\riscv _latest\riscv_cache\riscv_cache.srcs\sources_1\imports\instruction_memory.v:]
WARNING: [filemgmt 56-199] Attempt to get parsing info during refresh. "On-the-fly" syntax checking information may be incorrect. [C:\Users\LENOVO\OneDrive\Desktop\Notes and projects\VIth sem projects\EL\riscv _latest\riscv_cache\riscv_cache.srcs\sources_1\imports\instruction_memory.v:]
INFO: [Simtcl 6-16] Simulation closed
launch_simulation
Command: launch_simulation 
INFO: [Vivado 12-25911] Executing simulation for 'XSim' simulator
INFO: [Vivado 12-28535] Process started - Wed May  6 22:48:43 2026

INFO: [Vivado 12-12493] Simulation top is 'tb_cache'
INFO: [Vivado 12-5682] Launching behavioral simulation in 'C:/Users/LENOVO/OneDrive/Desktop/Notes and projects/VIth sem projects/EL/riscv _latest/riscv_cache/riscv_cache.sim/sim_1/behav/xsim'
INFO: [SIM-utils-51] Simulation object is 'sim_1'
INFO: [SIM-utils-72] Using boost library from 'C:/AMDDesignTools/2025.2/Vivado/tps/boost_1_72_0'
INFO: [SIM-utils-54] Inspecting design source files for 'tb_cache' in fileset 'sim_1'...
INFO: [USF-XSim-97] Finding global include files...
INFO: [USF-XSim-98] Fetching design files from 'sim_1'...
INFO: [USF-XSim-2] XSim::Compile design
INFO: [USF-XSim-61] Executing 'COMPILE and ANALYZE' step in 'C:/Users/LENOVO/OneDrive/Desktop/Notes and projects/VIth sem projects/EL/riscv _latest/riscv_cache/riscv_cache.sim/sim_1/behav/xsim'
"xvlog --incr --relax -prj tb_cache_vlog.prj"
INFO: [VRFC 10-2263] Analyzing Verilog file "C:/Users/LENOVO/OneDrive/Desktop/Notes and projects/VIth sem projects/EL/riscv _latest/riscv_cache/riscv_cache.srcs/sources_1/imports/filesss/EX_MEM_reg.v" into library xil_defaultlib
INFO: [VRFC 10-311] analyzing module EX_MEM_reg
INFO: [VRFC 10-2263] Analyzing Verilog file "C:/Users/LENOVO/OneDrive/Desktop/Notes and projects/VIth sem projects/EL/riscv _latest/riscv_cache/riscv_cache.srcs/sources_1/imports/filesss/ID_EX_reg.v" into library xil_defaultlib
INFO: [VRFC 10-311] analyzing module ID_EX_reg
INFO: [VRFC 10-2263] Analyzing Verilog file "C:/Users/LENOVO/OneDrive/Desktop/Notes and projects/VIth sem projects/EL/riscv _latest/riscv_cache/riscv_cache.srcs/sources_1/imports/IF_ID_reg.v" into library xil_defaultlib
INFO: [VRFC 10-311] analyzing module IF_ID_reg
INFO: [VRFC 10-2263] Analyzing Verilog file "C:/Users/LENOVO/OneDrive/Desktop/Notes and projects/VIth sem projects/EL/riscv _latest/riscv_cache/riscv_cache.srcs/sources_1/imports/filesss/MEM_WB_reg.v" into library xil_defaultlib
INFO: [VRFC 10-311] analyzing module MEM_WB_reg
INFO: [VRFC 10-2263] Analyzing Verilog file "C:/Users/LENOVO/OneDrive/Desktop/Notes and projects/VIth sem projects/EL/riscv _latest/riscv_cache/riscv_cache.srcs/sources_1/imports/alu.v" into library xil_defaultlib
INFO: [VRFC 10-311] analyzing module alu
INFO: [VRFC 10-2263] Analyzing Verilog file "C:/Users/LENOVO/OneDrive/Desktop/Notes and projects/VIth sem projects/EL/riscv _latest/riscv_cache/riscv_cache.srcs/sources_1/imports/alu_control.v" into library xil_defaultlib
INFO: [VRFC 10-311] analyzing module alu_control
INFO: [VRFC 10-2263] Analyzing Verilog file "C:/Users/LENOVO/OneDrive/Desktop/Notes and projects/VIth sem projects/EL/riscv _latest/riscv_cache/riscv_cache.srcs/sources_1/imports/filesss/control_unit.v" into library xil_defaultlib
INFO: [VRFC 10-311] analyzing module control_unit
INFO: [VRFC 10-2263] Analyzing Verilog file "C:/Users/LENOVO/OneDrive/Desktop/Notes and projects/VIth sem projects/EL/riscv _latest/riscv_cache/riscv_cache.srcs/sources_1/imports/data_memory.v" into library xil_defaultlib
INFO: [VRFC 10-311] analyzing module data_memory
INFO: [VRFC 10-2263] Analyzing Verilog file "C:/Users/LENOVO/OneDrive/Desktop/Notes and projects/VIth sem projects/EL/riscv _latest/riscv_cache/riscv_cache.srcs/sources_1/imports/filesss/datapath.v" into library xil_defaultlib
INFO: [VRFC 10-311] analyzing module datapath
INFO: [VRFC 10-2263] Analyzing Verilog file "C:/Users/LENOVO/OneDrive/Desktop/Notes and projects/VIth sem projects/EL/riscv _latest/riscv_cache/riscv_cache.srcs/sources_1/imports/forwarding_unit.v" into library xil_defaultlib
INFO: [VRFC 10-311] analyzing module forwarding_unit
INFO: [VRFC 10-2263] Analyzing Verilog file "C:/Users/LENOVO/OneDrive/Desktop/Notes and projects/VIth sem projects/EL/riscv _latest/riscv_cache/riscv_cache.srcs/sources_1/imports/hazard_detection_unit.v" into library xil_defaultlib
INFO: [VRFC 10-311] analyzing module hazard_detection_unit1
INFO: [VRFC 10-2263] Analyzing Verilog file "C:/Users/LENOVO/OneDrive/Desktop/Notes and projects/VIth sem projects/EL/riscv _latest/riscv_cache/riscv_cache.srcs/sources_1/imports/imm_gen.v" into library xil_defaultlib
INFO: [VRFC 10-311] analyzing module imm_gen
INFO: [VRFC 10-2263] Analyzing Verilog file "C:/Users/LENOVO/OneDrive/Desktop/Notes and projects/VIth sem projects/EL/riscv _latest/riscv_cache/riscv_cache.srcs/sources_1/imports/instruction_memory.v" into library xil_defaultlib
INFO: [VRFC 10-311] analyzing module instruction_memory
INFO: [VRFC 10-2263] Analyzing Verilog file "C:/Users/LENOVO/OneDrive/Desktop/Notes and projects/VIth sem projects/EL/riscv _latest/riscv_cache/riscv_cache.srcs/sources_1/new/l1_cache.v" into library xil_defaultlib
INFO: [VRFC 10-311] analyzing module l1_cache
INFO: [VRFC 10-2263] Analyzing Verilog file "C:/Users/LENOVO/OneDrive/Desktop/Notes and projects/VIth sem projects/EL/riscv _latest/riscv_cache/riscv_cache.srcs/sources_1/imports/pc.v" into library xil_defaultlib
INFO: [VRFC 10-311] analyzing module pc
INFO: [VRFC 10-2263] Analyzing Verilog file "C:/Users/LENOVO/OneDrive/Desktop/Notes and projects/VIth sem projects/EL/riscv _latest/riscv_cache/riscv_cache.srcs/sources_1/imports/register_file.v" into library xil_defaultlib
INFO: [VRFC 10-311] analyzing module register_file
INFO: [VRFC 10-2263] Analyzing Verilog file "C:/Users/LENOVO/OneDrive/Desktop/Notes and projects/VIth sem projects/EL/riscv _latest/riscv_cache/riscv_cache.srcs/sim_1/new/tb_cache.v" into library xil_defaultlib
INFO: [VRFC 10-311] analyzing module tb_cache
INFO: [USF-XSim-69] 'compile' step finished in '3' seconds
INFO: [USF-XSim-3] XSim::Elaborate design
INFO: [USF-XSim-61] Executing 'ELABORATE' step in 'C:/Users/LENOVO/OneDrive/Desktop/Notes and projects/VIth sem projects/EL/riscv _latest/riscv_cache/riscv_cache.sim/sim_1/behav/xsim'
"xelab --incr --debug typical --relax --mt 2 -L xil_defaultlib -L unisims_ver -L unimacro_ver -L secureip --snapshot tb_cache_behav xil_defaultlib.tb_cache xil_defaultlib.glbl -log elaborate.log"
Vivado Simulator v2025.2
Copyright 1986-2022 Xilinx, Inc. All Rights Reserved.
Copyright 2022-2025 Advanced Micro Devices, Inc. All Rights Reserved.
Running: C:/AMDDesignTools/2025.2/Vivado/bin/unwrapped/win64.o/xelab.exe --incr --debug typical --relax --mt 2 -L xil_defaultlib -L unisims_ver -L unimacro_ver -L secureip --snapshot tb_cache_behav xil_defaultlib.tb_cache xil_defaultlib.glbl -log elaborate.log 
Using 2 slave threads.
Starting static elaboration
Pass Through NonSizing Optimizer
Completed static elaboration
Starting simulation data flow analysis
WARNING: [XSIM 43-4099] "C:/Users/LENOVO/OneDrive/Desktop/Notes and projects/VIth sem projects/EL/riscv _latest/riscv_cache/riscv_cache.srcs/sources_1/imports/filesss/datapath.v" Line 229. Module datapath doesn't have a timescale but at least one module in design has a timescale.
WARNING: [XSIM 43-4099] "C:/Users/LENOVO/OneDrive/Desktop/Notes and projects/VIth sem projects/EL/riscv _latest/riscv_cache/riscv_cache.srcs/sources_1/imports/instruction_memory.v" Line 40. Module instruction_memory doesn't have a timescale but at least one module in design has a timescale.
WARNING: [XSIM 43-4099] "C:/Users/LENOVO/OneDrive/Desktop/Notes and projects/VIth sem projects/EL/riscv _latest/riscv_cache/riscv_cache.srcs/sources_1/imports/IF_ID_reg.v" Line 6. Module IF_ID_reg doesn't have a timescale but at least one module in design has a timescale.
WARNING: [XSIM 43-4099] "C:/Users/LENOVO/OneDrive/Desktop/Notes and projects/VIth sem projects/EL/riscv _latest/riscv_cache/riscv_cache.srcs/sources_1/imports/imm_gen.v" Line 4. Module imm_gen doesn't have a timescale but at least one module in design has a timescale.
WARNING: [XSIM 43-4099] "C:/Users/LENOVO/OneDrive/Desktop/Notes and projects/VIth sem projects/EL/riscv _latest/riscv_cache/riscv_cache.srcs/sources_1/imports/filesss/control_unit.v" Line 11. Module control_unit doesn't have a timescale but at least one module in design has a timescale.
WARNING: [XSIM 43-4099] "C:/Users/LENOVO/OneDrive/Desktop/Notes and projects/VIth sem projects/EL/riscv _latest/riscv_cache/riscv_cache.srcs/sources_1/imports/hazard_detection_unit.v" Line 21. Module hazard_detection_unit1 doesn't have a timescale but at least one module in design has a timescale.
WARNING: [XSIM 43-4099] "C:/Users/LENOVO/OneDrive/Desktop/Notes and projects/VIth sem projects/EL/riscv _latest/riscv_cache/riscv_cache.srcs/sources_1/imports/filesss/ID_EX_reg.v" Line 8. Module ID_EX_reg doesn't have a timescale but at least one module in design has a timescale.
WARNING: [XSIM 43-4099] "C:/Users/LENOVO/OneDrive/Desktop/Notes and projects/VIth sem projects/EL/riscv _latest/riscv_cache/riscv_cache.srcs/sources_1/imports/forwarding_unit.v" Line 17. Module forwarding_unit doesn't have a timescale but at least one module in design has a timescale.
WARNING: [XSIM 43-4099] "C:/Users/LENOVO/OneDrive/Desktop/Notes and projects/VIth sem projects/EL/riscv _latest/riscv_cache/riscv_cache.srcs/sources_1/imports/alu_control.v" Line 4. Module alu_control doesn't have a timescale but at least one module in design has a timescale.
WARNING: [XSIM 43-4099] "C:/Users/LENOVO/OneDrive/Desktop/Notes and projects/VIth sem projects/EL/riscv _latest/riscv_cache/riscv_cache.srcs/sources_1/imports/alu.v" Line 4. Module alu doesn't have a timescale but at least one module in design has a timescale.
WARNING: [XSIM 43-4099] "C:/Users/LENOVO/OneDrive/Desktop/Notes and projects/VIth sem projects/EL/riscv _latest/riscv_cache/riscv_cache.srcs/sources_1/imports/filesss/EX_MEM_reg.v" Line 93. Module EX_MEM_reg doesn't have a timescale but at least one module in design has a timescale.
WARNING: [XSIM 43-4099] "C:/Users/LENOVO/OneDrive/Desktop/Notes and projects/VIth sem projects/EL/riscv _latest/riscv_cache/riscv_cache.srcs/sources_1/imports/data_memory.v" Line 4. Module data_memory doesn't have a timescale but at least one module in design has a timescale.
WARNING: [XSIM 43-4099] "C:/Users/LENOVO/OneDrive/Desktop/Notes and projects/VIth sem projects/EL/riscv _latest/riscv_cache/riscv_cache.srcs/sources_1/imports/filesss/MEM_WB_reg.v" Line 61. Module MEM_WB_reg doesn't have a timescale but at least one module in design has a timescale.
Completed simulation data flow analysis
Time Resolution for simulation is 1ps
Compiling module xil_defaultlib.pc
Compiling module xil_defaultlib.instruction_memory
Compiling module xil_defaultlib.IF_ID_reg
Compiling module xil_defaultlib.register_file
Compiling module xil_defaultlib.imm_gen
Compiling module xil_defaultlib.control_unit
Compiling module xil_defaultlib.hazard_detection_unit1
Compiling module xil_defaultlib.ID_EX_reg
Compiling module xil_defaultlib.forwarding_unit
Compiling module xil_defaultlib.alu_control
Compiling module xil_defaultlib.alu
Compiling module xil_defaultlib.EX_MEM_reg
Compiling module xil_defaultlib.l1_cache_default
Compiling module xil_defaultlib.data_memory
Compiling module xil_defaultlib.MEM_WB_reg
Compiling module xil_defaultlib.datapath
Compiling module xil_defaultlib.tb_cache
Compiling module xil_defaultlib.glbl
Built simulation snapshot tb_cache_behav
INFO: [USF-XSim-69] 'elaborate' step finished in '3' seconds
INFO: [USF-XSim-4] XSim::Simulate design
INFO: [USF-XSim-61] Executing 'SIMULATE' step in 'C:/Users/LENOVO/OneDrive/Desktop/Notes and projects/VIth sem projects/EL/riscv _latest/riscv_cache/riscv_cache.sim/sim_1/behav/xsim'
INFO: [USF-XSim-98] *** Running xsim
   with args "tb_cache_behav -key {Behavioral:sim_1:Functional:tb_cache} -tclbatch {tb_cache.tcl} -view {{C:/Users/LENOVO/OneDrive/Desktop/Notes and projects/VIth sem projects/EL/riscv _latest/riscv_cache/tb_riscv_pipeline_behav.wcfg}} -log {simulate.log}"
INFO: [USF-XSim-8] Loading simulator feature
Time resolution is 1 ps
open_wave_config {C:/Users/LENOVO/OneDrive/Desktop/Notes and projects/VIth sem projects/EL/riscv _latest/riscv_cache/tb_riscv_pipeline_behav.wcfg}
WARNING: Simulation object /tb_branch/clk was not found in the design.
WARNING: Simulation object /tb_branch/rst was not found in the design.
WARNING: Simulation object /tb_branch/dut/pc was not found in the design.
source tb_cache.tcl
# set curr_wave [current_wave_config]
# if { [string length $curr_wave] == 0 } {
#   if { [llength [get_objects]] > 0} {
#     add_wave /
#     set_property needs_save false [current_wave_config]
#   } else {
#      send_msg_id Add_Wave-1 WARNING "No top level signals found. Simulator will start without a wave window. If you want to open a wave window go to 'File->New Waveform Configuration' or type 'create_wave_config' in the TCL console."
#   }
# }
# run 1000ns
WARNING: file C:/Users/LENOVO/OneDrive/Desktop/Notes and projects/VIth sem projects/EL/riscv _latest/riscv_cache/mem_access_log.csv could not be opened
ERROR: could not open mem_access_log.csv
$finish called at time : 0 fs : File "C:/Users/LENOVO/OneDrive/Desktop/Notes and projects/VIth sem projects/EL/riscv _latest/riscv_cache/riscv_cache.srcs/sim_1/new/tb_cache.v" Line 98
INFO: [USF-XSim-96] XSim completed. Design snapshot 'tb_cache_behav' loaded.
INFO: [USF-XSim-97] XSim simulation ran for 1000ns
launch_simulation: Time (s): cpu = 00:00:02 ; elapsed = 00:00:09 . Memory (MB): peak = 1693.406 ; gain = 0.000
run 3000ns
CSV log written to mem_access_log.csv

========================================
 T1: Register file after full run
========================================
(~150 cycles simulated)
  PASS  x1  = 5 (0x00000005)
  PASS  x2  = 3 (0x00000003)
  PASS  x3  = 8 (0x00000008)
  PASS  x4  = 2 (0x00000002)
  PASS  x5  = 8 (0x00000008)
  PASS  x6  = 2 (0x00000002)
  PASS  x7  = 3 (0x00000003)
  PASS  x8  = 4 (0x00000004)
  PASS  x9  = 108 (0x0000006c)
  PASS  x10 = 108 (0x0000006c)

========================================
 T2: Cache performance counters
========================================
  stat_accesses = 11
  stat_hits     = 8
  stat_misses   = 3
  stat_accesses = 11
  stat_hits     = 8
  stat_misses   = 3
  PASS  hits + misses == accesses = 11 (0x0000000b)
  hit rate = 72%

========================================
 T3: Cache line state after run
========================================
  cache_valid[0] = 1  (expected 1)
  cache_data[0]  = 8  (expected 8)
  PASS  cache_data[0] = 8 (0x00000008)

========================================
 T4: Stall behaviour
========================================
  cache_stall at end of sim = 0  (expected 0)
  PASS  cache_stall final = 0 (0x00000000)

========================================
 SUMMARY
========================================
  Passed: 13
  Failed: 0
  Cycles: 150
  ALL TESTS PASSED
$finish called at time : 1516 ns : File "C:/Users/LENOVO/OneDrive/Desktop/Notes and projects/VIth sem projects/EL/riscv _latest/riscv_cache/riscv_cache.srcs/sim_1/new/tb_cache.v" Line 198
close_sim
WARNING: [filemgmt 56-199] Attempt to get parsing info during refresh. "On-the-fly" syntax checking information may be incorrect. [C:\Users\LENOVO\OneDrive\Desktop\Notes and projects\VIth sem projects\EL\riscv _latest\riscv_cache\riscv_cache.srcs\sim_1\new\tb_cache.v:]
WARNING: [filemgmt 56-199] Attempt to get parsing info during refresh. "On-the-fly" syntax checking information may be incorrect. [C:\Users\LENOVO\OneDrive\Desktop\Notes and projects\VIth sem projects\EL\riscv _latest\riscv_cache\riscv_cache.srcs\sources_1\imports\instruction_memory.v:]
WARNING: [filemgmt 56-199] Attempt to get parsing info during refresh. "On-the-fly" syntax checking information may be incorrect. [C:\Users\LENOVO\OneDrive\Desktop\Notes and projects\VIth sem projects\EL\riscv _latest\riscv_cache\riscv_cache.srcs\sim_1\new\tb_cache.v:]
WARNING: [filemgmt 56-199] Attempt to get parsing info during refresh. "On-the-fly" syntax checking information may be incorrect. [C:\Users\LENOVO\OneDrive\Desktop\Notes and projects\VIth sem projects\EL\riscv _latest\riscv_cache\riscv_cache.srcs\sim_1\new\tb_cache.v:]
INFO: [Simtcl 6-16] Simulation closed
launch_simulation
Command: launch_simulation 
INFO: [Vivado 12-25911] Executing simulation for 'XSim' simulator
INFO: [Vivado 12-28535] Process started - Wed May  6 22:49:35 2026

INFO: [Vivado 12-12493] Simulation top is 'tb_cache'
INFO: [Vivado 12-5682] Launching behavioral simulation in 'C:/Users/LENOVO/OneDrive/Desktop/Notes and projects/VIth sem projects/EL/riscv _latest/riscv_cache/riscv_cache.sim/sim_1/behav/xsim'
INFO: [SIM-utils-51] Simulation object is 'sim_1'
INFO: [SIM-utils-72] Using boost library from 'C:/AMDDesignTools/2025.2/Vivado/tps/boost_1_72_0'
INFO: [SIM-utils-54] Inspecting design source files for 'tb_cache' in fileset 'sim_1'...
INFO: [USF-XSim-97] Finding global include files...
INFO: [USF-XSim-98] Fetching design files from 'sim_1'...
INFO: [USF-XSim-2] XSim::Compile design
INFO: [USF-XSim-61] Executing 'COMPILE and ANALYZE' step in 'C:/Users/LENOVO/OneDrive/Desktop/Notes and projects/VIth sem projects/EL/riscv _latest/riscv_cache/riscv_cache.sim/sim_1/behav/xsim'
"xvlog --incr --relax -prj tb_cache_vlog.prj"
INFO: [VRFC 10-2263] Analyzing Verilog file "C:/Users/LENOVO/OneDrive/Desktop/Notes and projects/VIth sem projects/EL/riscv _latest/riscv_cache/riscv_cache.srcs/sources_1/imports/filesss/EX_MEM_reg.v" into library xil_defaultlib
INFO: [VRFC 10-311] analyzing module EX_MEM_reg
INFO: [VRFC 10-2263] Analyzing Verilog file "C:/Users/LENOVO/OneDrive/Desktop/Notes and projects/VIth sem projects/EL/riscv _latest/riscv_cache/riscv_cache.srcs/sources_1/imports/filesss/ID_EX_reg.v" into library xil_defaultlib
INFO: [VRFC 10-311] analyzing module ID_EX_reg
INFO: [VRFC 10-2263] Analyzing Verilog file "C:/Users/LENOVO/OneDrive/Desktop/Notes and projects/VIth sem projects/EL/riscv _latest/riscv_cache/riscv_cache.srcs/sources_1/imports/IF_ID_reg.v" into library xil_defaultlib
INFO: [VRFC 10-311] analyzing module IF_ID_reg
INFO: [VRFC 10-2263] Analyzing Verilog file "C:/Users/LENOVO/OneDrive/Desktop/Notes and projects/VIth sem projects/EL/riscv _latest/riscv_cache/riscv_cache.srcs/sources_1/imports/filesss/MEM_WB_reg.v" into library xil_defaultlib
INFO: [VRFC 10-311] analyzing module MEM_WB_reg
INFO: [VRFC 10-2263] Analyzing Verilog file "C:/Users/LENOVO/OneDrive/Desktop/Notes and projects/VIth sem projects/EL/riscv _latest/riscv_cache/riscv_cache.srcs/sources_1/imports/alu.v" into library xil_defaultlib
INFO: [VRFC 10-311] analyzing module alu
INFO: [VRFC 10-2263] Analyzing Verilog file "C:/Users/LENOVO/OneDrive/Desktop/Notes and projects/VIth sem projects/EL/riscv _latest/riscv_cache/riscv_cache.srcs/sources_1/imports/alu_control.v" into library xil_defaultlib
INFO: [VRFC 10-311] analyzing module alu_control
INFO: [VRFC 10-2263] Analyzing Verilog file "C:/Users/LENOVO/OneDrive/Desktop/Notes and projects/VIth sem projects/EL/riscv _latest/riscv_cache/riscv_cache.srcs/sources_1/imports/filesss/control_unit.v" into library xil_defaultlib
INFO: [VRFC 10-311] analyzing module control_unit
INFO: [VRFC 10-2263] Analyzing Verilog file "C:/Users/LENOVO/OneDrive/Desktop/Notes and projects/VIth sem projects/EL/riscv _latest/riscv_cache/riscv_cache.srcs/sources_1/imports/data_memory.v" into library xil_defaultlib
INFO: [VRFC 10-311] analyzing module data_memory
INFO: [VRFC 10-2263] Analyzing Verilog file "C:/Users/LENOVO/OneDrive/Desktop/Notes and projects/VIth sem projects/EL/riscv _latest/riscv_cache/riscv_cache.srcs/sources_1/imports/filesss/datapath.v" into library xil_defaultlib
INFO: [VRFC 10-311] analyzing module datapath
INFO: [VRFC 10-2263] Analyzing Verilog file "C:/Users/LENOVO/OneDrive/Desktop/Notes and projects/VIth sem projects/EL/riscv _latest/riscv_cache/riscv_cache.srcs/sources_1/imports/forwarding_unit.v" into library xil_defaultlib
INFO: [VRFC 10-311] analyzing module forwarding_unit
INFO: [VRFC 10-2263] Analyzing Verilog file "C:/Users/LENOVO/OneDrive/Desktop/Notes and projects/VIth sem projects/EL/riscv _latest/riscv_cache/riscv_cache.srcs/sources_1/imports/hazard_detection_unit.v" into library xil_defaultlib
INFO: [VRFC 10-311] analyzing module hazard_detection_unit1
INFO: [VRFC 10-2263] Analyzing Verilog file "C:/Users/LENOVO/OneDrive/Desktop/Notes and projects/VIth sem projects/EL/riscv _latest/riscv_cache/riscv_cache.srcs/sources_1/imports/imm_gen.v" into library xil_defaultlib
INFO: [VRFC 10-311] analyzing module imm_gen
INFO: [VRFC 10-2263] Analyzing Verilog file "C:/Users/LENOVO/OneDrive/Desktop/Notes and projects/VIth sem projects/EL/riscv _latest/riscv_cache/riscv_cache.srcs/sources_1/imports/instruction_memory.v" into library xil_defaultlib
INFO: [VRFC 10-311] analyzing module instruction_memory
INFO: [VRFC 10-2263] Analyzing Verilog file "C:/Users/LENOVO/OneDrive/Desktop/Notes and projects/VIth sem projects/EL/riscv _latest/riscv_cache/riscv_cache.srcs/sources_1/new/l1_cache.v" into library xil_defaultlib
INFO: [VRFC 10-311] analyzing module l1_cache
INFO: [VRFC 10-2263] Analyzing Verilog file "C:/Users/LENOVO/OneDrive/Desktop/Notes and projects/VIth sem projects/EL/riscv _latest/riscv_cache/riscv_cache.srcs/sources_1/imports/pc.v" into library xil_defaultlib
INFO: [VRFC 10-311] analyzing module pc
INFO: [VRFC 10-2263] Analyzing Verilog file "C:/Users/LENOVO/OneDrive/Desktop/Notes and projects/VIth sem projects/EL/riscv _latest/riscv_cache/riscv_cache.srcs/sources_1/imports/register_file.v" into library xil_defaultlib
INFO: [VRFC 10-311] analyzing module register_file
INFO: [VRFC 10-2263] Analyzing Verilog file "C:/Users/LENOVO/OneDrive/Desktop/Notes and projects/VIth sem projects/EL/riscv _latest/riscv_cache/riscv_cache.srcs/sim_1/new/tb_cache.v" into library xil_defaultlib
INFO: [VRFC 10-311] analyzing module tb_cache
INFO: [USF-XSim-69] 'compile' step finished in '3' seconds
INFO: [USF-XSim-3] XSim::Elaborate design
INFO: [USF-XSim-61] Executing 'ELABORATE' step in 'C:/Users/LENOVO/OneDrive/Desktop/Notes and projects/VIth sem projects/EL/riscv _latest/riscv_cache/riscv_cache.sim/sim_1/behav/xsim'
"xelab --incr --debug typical --relax --mt 2 -L xil_defaultlib -L unisims_ver -L unimacro_ver -L secureip --snapshot tb_cache_behav xil_defaultlib.tb_cache xil_defaultlib.glbl -log elaborate.log"
Vivado Simulator v2025.2
Copyright 1986-2022 Xilinx, Inc. All Rights Reserved.
Copyright 2022-2025 Advanced Micro Devices, Inc. All Rights Reserved.
Running: C:/AMDDesignTools/2025.2/Vivado/bin/unwrapped/win64.o/xelab.exe --incr --debug typical --relax --mt 2 -L xil_defaultlib -L unisims_ver -L unimacro_ver -L secureip --snapshot tb_cache_behav xil_defaultlib.tb_cache xil_defaultlib.glbl -log elaborate.log 
Using 2 slave threads.
Starting static elaboration
Pass Through NonSizing Optimizer
Completed static elaboration
Starting simulation data flow analysis
WARNING: [XSIM 43-4099] "C:/Users/LENOVO/OneDrive/Desktop/Notes and projects/VIth sem projects/EL/riscv _latest/riscv_cache/riscv_cache.srcs/sources_1/imports/filesss/datapath.v" Line 229. Module datapath doesn't have a timescale but at least one module in design has a timescale.
WARNING: [XSIM 43-4099] "C:/Users/LENOVO/OneDrive/Desktop/Notes and projects/VIth sem projects/EL/riscv _latest/riscv_cache/riscv_cache.srcs/sources_1/imports/instruction_memory.v" Line 40. Module instruction_memory doesn't have a timescale but at least one module in design has a timescale.
WARNING: [XSIM 43-4099] "C:/Users/LENOVO/OneDrive/Desktop/Notes and projects/VIth sem projects/EL/riscv _latest/riscv_cache/riscv_cache.srcs/sources_1/imports/IF_ID_reg.v" Line 6. Module IF_ID_reg doesn't have a timescale but at least one module in design has a timescale.
WARNING: [XSIM 43-4099] "C:/Users/LENOVO/OneDrive/Desktop/Notes and projects/VIth sem projects/EL/riscv _latest/riscv_cache/riscv_cache.srcs/sources_1/imports/imm_gen.v" Line 4. Module imm_gen doesn't have a timescale but at least one module in design has a timescale.
WARNING: [XSIM 43-4099] "C:/Users/LENOVO/OneDrive/Desktop/Notes and projects/VIth sem projects/EL/riscv _latest/riscv_cache/riscv_cache.srcs/sources_1/imports/filesss/control_unit.v" Line 11. Module control_unit doesn't have a timescale but at least one module in design has a timescale.
WARNING: [XSIM 43-4099] "C:/Users/LENOVO/OneDrive/Desktop/Notes and projects/VIth sem projects/EL/riscv _latest/riscv_cache/riscv_cache.srcs/sources_1/imports/hazard_detection_unit.v" Line 21. Module hazard_detection_unit1 doesn't have a timescale but at least one module in design has a timescale.
WARNING: [XSIM 43-4099] "C:/Users/LENOVO/OneDrive/Desktop/Notes and projects/VIth sem projects/EL/riscv _latest/riscv_cache/riscv_cache.srcs/sources_1/imports/filesss/ID_EX_reg.v" Line 8. Module ID_EX_reg doesn't have a timescale but at least one module in design has a timescale.
WARNING: [XSIM 43-4099] "C:/Users/LENOVO/OneDrive/Desktop/Notes and projects/VIth sem projects/EL/riscv _latest/riscv_cache/riscv_cache.srcs/sources_1/imports/forwarding_unit.v" Line 17. Module forwarding_unit doesn't have a timescale but at least one module in design has a timescale.
WARNING: [XSIM 43-4099] "C:/Users/LENOVO/OneDrive/Desktop/Notes and projects/VIth sem projects/EL/riscv _latest/riscv_cache/riscv_cache.srcs/sources_1/imports/alu_control.v" Line 4. Module alu_control doesn't have a timescale but at least one module in design has a timescale.
WARNING: [XSIM 43-4099] "C:/Users/LENOVO/OneDrive/Desktop/Notes and projects/VIth sem projects/EL/riscv _latest/riscv_cache/riscv_cache.srcs/sources_1/imports/alu.v" Line 4. Module alu doesn't have a timescale but at least one module in design has a timescale.
WARNING: [XSIM 43-4099] "C:/Users/LENOVO/OneDrive/Desktop/Notes and projects/VIth sem projects/EL/riscv _latest/riscv_cache/riscv_cache.srcs/sources_1/imports/filesss/EX_MEM_reg.v" Line 93. Module EX_MEM_reg doesn't have a timescale but at least one module in design has a timescale.
WARNING: [XSIM 43-4099] "C:/Users/LENOVO/OneDrive/Desktop/Notes and projects/VIth sem projects/EL/riscv _latest/riscv_cache/riscv_cache.srcs/sources_1/imports/data_memory.v" Line 4. Module data_memory doesn't have a timescale but at least one module in design has a timescale.
WARNING: [XSIM 43-4099] "C:/Users/LENOVO/OneDrive/Desktop/Notes and projects/VIth sem projects/EL/riscv _latest/riscv_cache/riscv_cache.srcs/sources_1/imports/filesss/MEM_WB_reg.v" Line 61. Module MEM_WB_reg doesn't have a timescale but at least one module in design has a timescale.
Completed simulation data flow analysis
Time Resolution for simulation is 1ps
Compiling module xil_defaultlib.pc
Compiling module xil_defaultlib.instruction_memory
Compiling module xil_defaultlib.IF_ID_reg
Compiling module xil_defaultlib.register_file
Compiling module xil_defaultlib.imm_gen
Compiling module xil_defaultlib.control_unit
Compiling module xil_defaultlib.hazard_detection_unit1
Compiling module xil_defaultlib.ID_EX_reg
Compiling module xil_defaultlib.forwarding_unit
Compiling module xil_defaultlib.alu_control
Compiling module xil_defaultlib.alu
Compiling module xil_defaultlib.EX_MEM_reg
Compiling module xil_defaultlib.l1_cache_default
Compiling module xil_defaultlib.data_memory
Compiling module xil_defaultlib.MEM_WB_reg
Compiling module xil_defaultlib.datapath
Compiling module xil_defaultlib.tb_cache
Compiling module xil_defaultlib.glbl
Built simulation snapshot tb_cache_behav
INFO: [USF-XSim-69] 'elaborate' step finished in '3' seconds
INFO: [USF-XSim-4] XSim::Simulate design
INFO: [USF-XSim-61] Executing 'SIMULATE' step in 'C:/Users/LENOVO/OneDrive/Desktop/Notes and projects/VIth sem projects/EL/riscv _latest/riscv_cache/riscv_cache.sim/sim_1/behav/xsim'
INFO: [USF-XSim-98] *** Running xsim
   with args "tb_cache_behav -key {Behavioral:sim_1:Functional:tb_cache} -tclbatch {tb_cache.tcl} -view {{C:/Users/LENOVO/OneDrive/Desktop/Notes and projects/VIth sem projects/EL/riscv _latest/riscv_cache/tb_riscv_pipeline_behav.wcfg}} -log {simulate.log}"
INFO: [USF-XSim-8] Loading simulator feature
Time resolution is 1 ps
open_wave_config {C:/Users/LENOVO/OneDrive/Desktop/Notes and projects/VIth sem projects/EL/riscv _latest/riscv_cache/tb_riscv_pipeline_behav.wcfg}
WARNING: Simulation object /tb_branch/clk was not found in the design.
WARNING: Simulation object /tb_branch/rst was not found in the design.
WARNING: Simulation object /tb_branch/dut/pc was not found in the design.
source tb_cache.tcl
# set curr_wave [current_wave_config]
# if { [string length $curr_wave] == 0 } {
#   if { [llength [get_objects]] > 0} {
#     add_wave /
#     set_property needs_save false [current_wave_config]
#   } else {
#      send_msg_id Add_Wave-1 WARNING "No top level signals found. Simulator will start without a wave window. If you want to open a wave window go to 'File->New Waveform Configuration' or type 'create_wave_config' in the TCL console."
#   }
# }
# run 1000ns
WARNING: file C:/Users/LENOVO/OneDrive/Desktop/Notes and projects/VIth sem projects/EL/riscv _latest/riscv_cache/mem_access_log.csv could not be opened
ERROR: could not open mem_access_log.csv
$finish called at time : 0 fs : File "C:/Users/LENOVO/OneDrive/Desktop/Notes and projects/VIth sem projects/EL/riscv _latest/riscv_cache/riscv_cache.srcs/sim_1/new/tb_cache.v" Line 98
INFO: [USF-XSim-96] XSim completed. Design snapshot 'tb_cache_behav' loaded.
INFO: [USF-XSim-97] XSim simulation ran for 1000ns
launch_simulation: Time (s): cpu = 00:00:02 ; elapsed = 00:00:09 . Memory (MB): peak = 1693.406 ; gain = 0.000
run 3000ns
CSV log written to mem_access_log.csv

========================================
 T1: Register file after full run
========================================
(~150 cycles simulated)
  PASS  x1  = 5 (0x00000005)
  PASS  x2  = 3 (0x00000003)
  FAIL  x3  : got=0 (0x00000000)  expected=8 (0x00000008)
  PASS  x4  = 2 (0x00000002)
  PASS  x5  = 8 (0x00000008)
  PASS  x6  = 2 (0x00000002)
  PASS  x7  = 3 (0x00000003)
  PASS  x8  = 4 (0x00000004)
  PASS  x9  = 108 (0x0000006c)
  PASS  x10 = 108 (0x0000006c)

========================================
 T2: Cache performance counters
========================================
  stat_accesses = 11
  stat_hits     = 8
  stat_misses   = 3
  stat_accesses = 11
  stat_hits     = 8
  stat_misses   = 3
  PASS  hits + misses == accesses = 11 (0x0000000b)
  hit rate = 72%

========================================
 T3: Cache line state after run
========================================
  cache_valid[0] = 1  (expected 1)
  cache_data[0]  = 8  (expected 8)
  PASS  cache_data[0] = 8 (0x00000008)

========================================
 T4: Stall behaviour
========================================
  cache_stall at end of sim = 0  (expected 0)
  PASS  cache_stall final = 0 (0x00000000)

========================================
 SUMMARY
========================================
  Passed: 12
  Failed: 1
  Cycles: 150
  SOME TESTS FAILED - check above
$finish called at time : 1516 ns : File "C:/Users/LENOVO/OneDrive/Desktop/Notes and projects/VIth sem projects/EL/riscv _latest/riscv_cache/riscv_cache.srcs/sim_1/new/tb_cache.v" Line 198
WARNING: [filemgmt 56-199] Attempt to get parsing info during refresh. "On-the-fly" syntax checking information may be incorrect. [C:\Users\LENOVO\OneDrive\Desktop\Notes and projects\VIth sem projects\EL\riscv _latest\riscv_cache\riscv_cache.srcs\sim_1\new\tb_cache.v:]
WARNING: [filemgmt 56-199] Attempt to get parsing info during refresh. "On-the-fly" syntax checking information may be incorrect. [C:\Users\LENOVO\OneDrive\Desktop\Notes and projects\VIth sem projects\EL\riscv _latest\riscv_cache\riscv_cache.srcs\sources_1\imports\instruction_memory.v:]
WARNING: [filemgmt 56-199] Attempt to get parsing info during refresh. "On-the-fly" syntax checking information may be incorrect. [C:\Users\LENOVO\OneDrive\Desktop\Notes and projects\VIth sem projects\EL\riscv _latest\riscv_cache\riscv_cache.srcs\sim_1\new\tb_cache.v:]
WARNING: [filemgmt 56-199] Attempt to get parsing info during refresh. "On-the-fly" syntax checking information may be incorrect. [C:\Users\LENOVO\OneDrive\Desktop\Notes and projects\VIth sem projects\EL\riscv _latest\riscv_cache\riscv_cache.srcs\sim_1\new\tb_cache.v:]
close_sim
INFO: [Simtcl 6-16] Simulation closed
WARNING: [filemgmt 56-199] Attempt to get parsing info during refresh. "On-the-fly" syntax checking information may be incorrect. [C:\Users\LENOVO\OneDrive\Desktop\Notes and projects\VIth sem projects\EL\riscv _latest\riscv_cache\riscv_cache.srcs\sim_1\new\tb_cache.v:]
WARNING: [filemgmt 56-199] Attempt to get parsing info during refresh. "On-the-fly" syntax checking information may be incorrect. [C:\Users\LENOVO\OneDrive\Desktop\Notes and projects\VIth sem projects\EL\riscv _latest\riscv_cache\riscv_cache.srcs\sources_1\imports\instruction_memory.v:]
WARNING: [filemgmt 56-199] Attempt to get parsing info during refresh. "On-the-fly" syntax checking information may be incorrect. [C:\Users\LENOVO\OneDrive\Desktop\Notes and projects\VIth sem projects\EL\riscv _latest\riscv_cache\riscv_cache.srcs\sim_1\new\tb_cache.v:]
WARNING: [filemgmt 56-199] Attempt to get parsing info during refresh. "On-the-fly" syntax checking information may be incorrect. [C:\Users\LENOVO\OneDrive\Desktop\Notes and projects\VIth sem projects\EL\riscv _latest\riscv_cache\riscv_cache.srcs\sim_1\new\tb_cache.v:]
launch_simulation
Command: launch_simulation 
INFO: [Vivado 12-25911] Executing simulation for 'XSim' simulator
INFO: [Vivado 12-28535] Process started - Wed May  6 22:51:02 2026

INFO: [Vivado 12-12493] Simulation top is 'tb_cache'
INFO: [Vivado 12-5682] Launching behavioral simulation in 'C:/Users/LENOVO/OneDrive/Desktop/Notes and projects/VIth sem projects/EL/riscv _latest/riscv_cache/riscv_cache.sim/sim_1/behav/xsim'
INFO: [SIM-utils-51] Simulation object is 'sim_1'
INFO: [SIM-utils-72] Using boost library from 'C:/AMDDesignTools/2025.2/Vivado/tps/boost_1_72_0'
INFO: [SIM-utils-54] Inspecting design source files for 'tb_cache' in fileset 'sim_1'...
INFO: [USF-XSim-97] Finding global include files...
INFO: [USF-XSim-98] Fetching design files from 'sim_1'...
INFO: [USF-XSim-2] XSim::Compile design
INFO: [USF-XSim-61] Executing 'COMPILE and ANALYZE' step in 'C:/Users/LENOVO/OneDrive/Desktop/Notes and projects/VIth sem projects/EL/riscv _latest/riscv_cache/riscv_cache.sim/sim_1/behav/xsim'
"xvlog --incr --relax -prj tb_cache_vlog.prj"
INFO: [VRFC 10-2263] Analyzing Verilog file "C:/Users/LENOVO/OneDrive/Desktop/Notes and projects/VIth sem projects/EL/riscv _latest/riscv_cache/riscv_cache.srcs/sources_1/imports/filesss/EX_MEM_reg.v" into library xil_defaultlib
INFO: [VRFC 10-311] analyzing module EX_MEM_reg
INFO: [VRFC 10-2263] Analyzing Verilog file "C:/Users/LENOVO/OneDrive/Desktop/Notes and projects/VIth sem projects/EL/riscv _latest/riscv_cache/riscv_cache.srcs/sources_1/imports/filesss/ID_EX_reg.v" into library xil_defaultlib
INFO: [VRFC 10-311] analyzing module ID_EX_reg
INFO: [VRFC 10-2263] Analyzing Verilog file "C:/Users/LENOVO/OneDrive/Desktop/Notes and projects/VIth sem projects/EL/riscv _latest/riscv_cache/riscv_cache.srcs/sources_1/imports/IF_ID_reg.v" into library xil_defaultlib
INFO: [VRFC 10-311] analyzing module IF_ID_reg
INFO: [VRFC 10-2263] Analyzing Verilog file "C:/Users/LENOVO/OneDrive/Desktop/Notes and projects/VIth sem projects/EL/riscv _latest/riscv_cache/riscv_cache.srcs/sources_1/imports/filesss/MEM_WB_reg.v" into library xil_defaultlib
INFO: [VRFC 10-311] analyzing module MEM_WB_reg
INFO: [VRFC 10-2263] Analyzing Verilog file "C:/Users/LENOVO/OneDrive/Desktop/Notes and projects/VIth sem projects/EL/riscv _latest/riscv_cache/riscv_cache.srcs/sources_1/imports/alu.v" into library xil_defaultlib
INFO: [VRFC 10-311] analyzing module alu
INFO: [VRFC 10-2263] Analyzing Verilog file "C:/Users/LENOVO/OneDrive/Desktop/Notes and projects/VIth sem projects/EL/riscv _latest/riscv_cache/riscv_cache.srcs/sources_1/imports/alu_control.v" into library xil_defaultlib
INFO: [VRFC 10-311] analyzing module alu_control
INFO: [VRFC 10-2263] Analyzing Verilog file "C:/Users/LENOVO/OneDrive/Desktop/Notes and projects/VIth sem projects/EL/riscv _latest/riscv_cache/riscv_cache.srcs/sources_1/imports/filesss/control_unit.v" into library xil_defaultlib
INFO: [VRFC 10-311] analyzing module control_unit
INFO: [VRFC 10-2263] Analyzing Verilog file "C:/Users/LENOVO/OneDrive/Desktop/Notes and projects/VIth sem projects/EL/riscv _latest/riscv_cache/riscv_cache.srcs/sources_1/imports/data_memory.v" into library xil_defaultlib
INFO: [VRFC 10-311] analyzing module data_memory
INFO: [VRFC 10-2263] Analyzing Verilog file "C:/Users/LENOVO/OneDrive/Desktop/Notes and projects/VIth sem projects/EL/riscv _latest/riscv_cache/riscv_cache.srcs/sources_1/imports/filesss/datapath.v" into library xil_defaultlib
INFO: [VRFC 10-311] analyzing module datapath
INFO: [VRFC 10-2263] Analyzing Verilog file "C:/Users/LENOVO/OneDrive/Desktop/Notes and projects/VIth sem projects/EL/riscv _latest/riscv_cache/riscv_cache.srcs/sources_1/imports/forwarding_unit.v" into library xil_defaultlib
INFO: [VRFC 10-311] analyzing module forwarding_unit
INFO: [VRFC 10-2263] Analyzing Verilog file "C:/Users/LENOVO/OneDrive/Desktop/Notes and projects/VIth sem projects/EL/riscv _latest/riscv_cache/riscv_cache.srcs/sources_1/imports/hazard_detection_unit.v" into library xil_defaultlib
INFO: [VRFC 10-311] analyzing module hazard_detection_unit1
INFO: [VRFC 10-2263] Analyzing Verilog file "C:/Users/LENOVO/OneDrive/Desktop/Notes and projects/VIth sem projects/EL/riscv _latest/riscv_cache/riscv_cache.srcs/sources_1/imports/imm_gen.v" into library xil_defaultlib
INFO: [VRFC 10-311] analyzing module imm_gen
INFO: [VRFC 10-2263] Analyzing Verilog file "C:/Users/LENOVO/OneDrive/Desktop/Notes and projects/VIth sem projects/EL/riscv _latest/riscv_cache/riscv_cache.srcs/sources_1/imports/instruction_memory.v" into library xil_defaultlib
INFO: [VRFC 10-311] analyzing module instruction_memory
INFO: [VRFC 10-2263] Analyzing Verilog file "C:/Users/LENOVO/OneDrive/Desktop/Notes and projects/VIth sem projects/EL/riscv _latest/riscv_cache/riscv_cache.srcs/sources_1/new/l1_cache.v" into library xil_defaultlib
INFO: [VRFC 10-311] analyzing module l1_cache
INFO: [VRFC 10-2263] Analyzing Verilog file "C:/Users/LENOVO/OneDrive/Desktop/Notes and projects/VIth sem projects/EL/riscv _latest/riscv_cache/riscv_cache.srcs/sources_1/imports/pc.v" into library xil_defaultlib
INFO: [VRFC 10-311] analyzing module pc
INFO: [VRFC 10-2263] Analyzing Verilog file "C:/Users/LENOVO/OneDrive/Desktop/Notes and projects/VIth sem projects/EL/riscv _latest/riscv_cache/riscv_cache.srcs/sources_1/imports/register_file.v" into library xil_defaultlib
INFO: [VRFC 10-311] analyzing module register_file
INFO: [VRFC 10-2263] Analyzing Verilog file "C:/Users/LENOVO/OneDrive/Desktop/Notes and projects/VIth sem projects/EL/riscv _latest/riscv_cache/riscv_cache.srcs/sim_1/new/tb_cache.v" into library xil_defaultlib
INFO: [VRFC 10-311] analyzing module tb_cache
INFO: [USF-XSim-69] 'compile' step finished in '4' seconds
INFO: [USF-XSim-3] XSim::Elaborate design
INFO: [USF-XSim-61] Executing 'ELABORATE' step in 'C:/Users/LENOVO/OneDrive/Desktop/Notes and projects/VIth sem projects/EL/riscv _latest/riscv_cache/riscv_cache.sim/sim_1/behav/xsim'
"xelab --incr --debug typical --relax --mt 2 -L xil_defaultlib -L unisims_ver -L unimacro_ver -L secureip --snapshot tb_cache_behav xil_defaultlib.tb_cache xil_defaultlib.glbl -log elaborate.log"
Vivado Simulator v2025.2
Copyright 1986-2022 Xilinx, Inc. All Rights Reserved.
Copyright 2022-2025 Advanced Micro Devices, Inc. All Rights Reserved.
Running: C:/AMDDesignTools/2025.2/Vivado/bin/unwrapped/win64.o/xelab.exe --incr --debug typical --relax --mt 2 -L xil_defaultlib -L unisims_ver -L unimacro_ver -L secureip --snapshot tb_cache_behav xil_defaultlib.tb_cache xil_defaultlib.glbl -log elaborate.log 
Using 2 slave threads.
Starting static elaboration
Pass Through NonSizing Optimizer
Completed static elaboration
Starting simulation data flow analysis
WARNING: [XSIM 43-4099] "C:/Users/LENOVO/OneDrive/Desktop/Notes and projects/VIth sem projects/EL/riscv _latest/riscv_cache/riscv_cache.srcs/sources_1/imports/filesss/datapath.v" Line 229. Module datapath doesn't have a timescale but at least one module in design has a timescale.
WARNING: [XSIM 43-4099] "C:/Users/LENOVO/OneDrive/Desktop/Notes and projects/VIth sem projects/EL/riscv _latest/riscv_cache/riscv_cache.srcs/sources_1/imports/instruction_memory.v" Line 40. Module instruction_memory doesn't have a timescale but at least one module in design has a timescale.
WARNING: [XSIM 43-4099] "C:/Users/LENOVO/OneDrive/Desktop/Notes and projects/VIth sem projects/EL/riscv _latest/riscv_cache/riscv_cache.srcs/sources_1/imports/IF_ID_reg.v" Line 6. Module IF_ID_reg doesn't have a timescale but at least one module in design has a timescale.
WARNING: [XSIM 43-4099] "C:/Users/LENOVO/OneDrive/Desktop/Notes and projects/VIth sem projects/EL/riscv _latest/riscv_cache/riscv_cache.srcs/sources_1/imports/imm_gen.v" Line 4. Module imm_gen doesn't have a timescale but at least one module in design has a timescale.
WARNING: [XSIM 43-4099] "C:/Users/LENOVO/OneDrive/Desktop/Notes and projects/VIth sem projects/EL/riscv _latest/riscv_cache/riscv_cache.srcs/sources_1/imports/filesss/control_unit.v" Line 11. Module control_unit doesn't have a timescale but at least one module in design has a timescale.
WARNING: [XSIM 43-4099] "C:/Users/LENOVO/OneDrive/Desktop/Notes and projects/VIth sem projects/EL/riscv _latest/riscv_cache/riscv_cache.srcs/sources_1/imports/hazard_detection_unit.v" Line 21. Module hazard_detection_unit1 doesn't have a timescale but at least one module in design has a timescale.
WARNING: [XSIM 43-4099] "C:/Users/LENOVO/OneDrive/Desktop/Notes and projects/VIth sem projects/EL/riscv _latest/riscv_cache/riscv_cache.srcs/sources_1/imports/filesss/ID_EX_reg.v" Line 8. Module ID_EX_reg doesn't have a timescale but at least one module in design has a timescale.
WARNING: [XSIM 43-4099] "C:/Users/LENOVO/OneDrive/Desktop/Notes and projects/VIth sem projects/EL/riscv _latest/riscv_cache/riscv_cache.srcs/sources_1/imports/forwarding_unit.v" Line 17. Module forwarding_unit doesn't have a timescale but at least one module in design has a timescale.
WARNING: [XSIM 43-4099] "C:/Users/LENOVO/OneDrive/Desktop/Notes and projects/VIth sem projects/EL/riscv _latest/riscv_cache/riscv_cache.srcs/sources_1/imports/alu_control.v" Line 4. Module alu_control doesn't have a timescale but at least one module in design has a timescale.
WARNING: [XSIM 43-4099] "C:/Users/LENOVO/OneDrive/Desktop/Notes and projects/VIth sem projects/EL/riscv _latest/riscv_cache/riscv_cache.srcs/sources_1/imports/alu.v" Line 4. Module alu doesn't have a timescale but at least one module in design has a timescale.
WARNING: [XSIM 43-4099] "C:/Users/LENOVO/OneDrive/Desktop/Notes and projects/VIth sem projects/EL/riscv _latest/riscv_cache/riscv_cache.srcs/sources_1/imports/filesss/EX_MEM_reg.v" Line 93. Module EX_MEM_reg doesn't have a timescale but at least one module in design has a timescale.
WARNING: [XSIM 43-4099] "C:/Users/LENOVO/OneDrive/Desktop/Notes and projects/VIth sem projects/EL/riscv _latest/riscv_cache/riscv_cache.srcs/sources_1/imports/data_memory.v" Line 4. Module data_memory doesn't have a timescale but at least one module in design has a timescale.
WARNING: [XSIM 43-4099] "C:/Users/LENOVO/OneDrive/Desktop/Notes and projects/VIth sem projects/EL/riscv _latest/riscv_cache/riscv_cache.srcs/sources_1/imports/filesss/MEM_WB_reg.v" Line 61. Module MEM_WB_reg doesn't have a timescale but at least one module in design has a timescale.
Completed simulation data flow analysis
Time Resolution for simulation is 1ps
Compiling module xil_defaultlib.pc
Compiling module xil_defaultlib.instruction_memory
Compiling module xil_defaultlib.IF_ID_reg
Compiling module xil_defaultlib.register_file
Compiling module xil_defaultlib.imm_gen
Compiling module xil_defaultlib.control_unit
Compiling module xil_defaultlib.hazard_detection_unit1
Compiling module xil_defaultlib.ID_EX_reg
Compiling module xil_defaultlib.forwarding_unit
Compiling module xil_defaultlib.alu_control
Compiling module xil_defaultlib.alu
Compiling module xil_defaultlib.EX_MEM_reg
Compiling module xil_defaultlib.l1_cache_default
Compiling module xil_defaultlib.data_memory
Compiling module xil_defaultlib.MEM_WB_reg
Compiling module xil_defaultlib.datapath
Compiling module xil_defaultlib.tb_cache
Compiling module xil_defaultlib.glbl
Built simulation snapshot tb_cache_behav
INFO: [USF-XSim-69] 'elaborate' step finished in '2' seconds
INFO: [USF-XSim-4] XSim::Simulate design
INFO: [USF-XSim-61] Executing 'SIMULATE' step in 'C:/Users/LENOVO/OneDrive/Desktop/Notes and projects/VIth sem projects/EL/riscv _latest/riscv_cache/riscv_cache.sim/sim_1/behav/xsim'
INFO: [USF-XSim-98] *** Running xsim
   with args "tb_cache_behav -key {Behavioral:sim_1:Functional:tb_cache} -tclbatch {tb_cache.tcl} -view {{C:/Users/LENOVO/OneDrive/Desktop/Notes and projects/VIth sem projects/EL/riscv _latest/riscv_cache/tb_riscv_pipeline_behav.wcfg}} -log {simulate.log}"
INFO: [USF-XSim-8] Loading simulator feature
Time resolution is 1 ps
open_wave_config {C:/Users/LENOVO/OneDrive/Desktop/Notes and projects/VIth sem projects/EL/riscv _latest/riscv_cache/tb_riscv_pipeline_behav.wcfg}
WARNING: Simulation object /tb_branch/clk was not found in the design.
WARNING: Simulation object /tb_branch/rst was not found in the design.
WARNING: Simulation object /tb_branch/dut/pc was not found in the design.
source tb_cache.tcl
# set curr_wave [current_wave_config]
# if { [string length $curr_wave] == 0 } {
#   if { [llength [get_objects]] > 0} {
#     add_wave /
#     set_property needs_save false [current_wave_config]
#   } else {
#      send_msg_id Add_Wave-1 WARNING "No top level signals found. Simulator will start without a wave window. If you want to open a wave window go to 'File->New Waveform Configuration' or type 'create_wave_config' in the TCL console."
#   }
# }
# run 1000ns
WARNING: file C:/Users/LENOVO/OneDrive/Desktop/Notes and projects/VIth sem projects/EL/riscv _latest/riscv_cache/mem_access_log.csv could not be opened
ERROR: could not open mem_access_log.csv
$finish called at time : 0 fs : File "C:/Users/LENOVO/OneDrive/Desktop/Notes and projects/VIth sem projects/EL/riscv _latest/riscv_cache/riscv_cache.srcs/sim_1/new/tb_cache.v" Line 98
INFO: [USF-XSim-96] XSim completed. Design snapshot 'tb_cache_behav' loaded.
INFO: [USF-XSim-97] XSim simulation ran for 1000ns
launch_simulation: Time (s): cpu = 00:00:03 ; elapsed = 00:00:09 . Memory (MB): peak = 1693.406 ; gain = 0.000
run 3000ns
CSV log written to mem_access_log.csv

========================================
 T1: Register file after full run
========================================
(~150 cycles simulated)
  PASS  x1  = 5 (0x00000005)
  PASS  x2  = 3 (0x00000003)
  FAIL  x3  : got=0 (0x00000000)  expected=8 (0x00000008)
  FAIL  x4  : got=0 (0x00000000)  expected=2 (0x00000002)
  PASS  x5  = 8 (0x00000008)
  PASS  x6  = 2 (0x00000002)
  PASS  x7  = 3 (0x00000003)
  PASS  x8  = 4 (0x00000004)
  PASS  x9  = 108 (0x0000006c)
  PASS  x10 = 108 (0x0000006c)

========================================
 T2: Cache performance counters
========================================
  stat_accesses = 13
  stat_hits     = 9
  stat_misses   = 4
  stat_accesses = 13
  stat_hits     = 9
  stat_misses   = 4
  PASS  hits + misses == accesses = 13 (0x0000000d)
  hit rate = 69%

========================================
 T3: Cache line state after run
========================================
  cache_valid[0] = 1  (expected 1)
  cache_data[0]  = 8  (expected 8)
  PASS  cache_data[0] = 8 (0x00000008)

========================================
 T4: Stall behaviour
========================================
  cache_stall at end of sim = 0  (expected 0)
  PASS  cache_stall final = 0 (0x00000000)

========================================
 SUMMARY
========================================
  Passed: 11
  Failed: 2
  Cycles: 150
  SOME TESTS FAILED - check above
$finish called at time : 1516 ns : File "C:/Users/LENOVO/OneDrive/Desktop/Notes and projects/VIth sem projects/EL/riscv _latest/riscv_cache/riscv_cache.srcs/sim_1/new/tb_cache.v" Line 198
close_sim
INFO: [Simtcl 6-16] Simulation closed
launch_simulation
Command: launch_simulation 
INFO: [Vivado 12-25911] Executing simulation for 'XSim' simulator
INFO: [Vivado 12-28535] Process started - Wed May  6 22:51:46 2026

INFO: [Vivado 12-12493] Simulation top is 'tb_cache'
INFO: [Vivado 12-5682] Launching behavioral simulation in 'C:/Users/LENOVO/OneDrive/Desktop/Notes and projects/VIth sem projects/EL/riscv _latest/riscv_cache/riscv_cache.sim/sim_1/behav/xsim'
INFO: [SIM-utils-51] Simulation object is 'sim_1'
INFO: [SIM-utils-72] Using boost library from 'C:/AMDDesignTools/2025.2/Vivado/tps/boost_1_72_0'
INFO: [SIM-utils-54] Inspecting design source files for 'tb_cache' in fileset 'sim_1'...
INFO: [USF-XSim-97] Finding global include files...
INFO: [USF-XSim-98] Fetching design files from 'sim_1'...
INFO: [USF-XSim-2] XSim::Compile design
INFO: [USF-XSim-61] Executing 'COMPILE and ANALYZE' step in 'C:/Users/LENOVO/OneDrive/Desktop/Notes and projects/VIth sem projects/EL/riscv _latest/riscv_cache/riscv_cache.sim/sim_1/behav/xsim'
"xvlog --incr --relax -prj tb_cache_vlog.prj"
INFO: [USF-XSim-69] 'compile' step finished in '1' seconds
INFO: [USF-XSim-3] XSim::Elaborate design
INFO: [USF-XSim-61] Executing 'ELABORATE' step in 'C:/Users/LENOVO/OneDrive/Desktop/Notes and projects/VIth sem projects/EL/riscv _latest/riscv_cache/riscv_cache.sim/sim_1/behav/xsim'
"xelab --incr --debug typical --relax --mt 2 -L xil_defaultlib -L unisims_ver -L unimacro_ver -L secureip --snapshot tb_cache_behav xil_defaultlib.tb_cache xil_defaultlib.glbl -log elaborate.log"
Vivado Simulator v2025.2
Copyright 1986-2022 Xilinx, Inc. All Rights Reserved.
Copyright 2022-2025 Advanced Micro Devices, Inc. All Rights Reserved.
Running: C:/AMDDesignTools/2025.2/Vivado/bin/unwrapped/win64.o/xelab.exe --incr --debug typical --relax --mt 2 -L xil_defaultlib -L unisims_ver -L unimacro_ver -L secureip --snapshot tb_cache_behav xil_defaultlib.tb_cache xil_defaultlib.glbl -log elaborate.log 
Using 2 slave threads.
Starting static elaboration
Pass Through NonSizing Optimizer
Completed static elaboration
INFO: [XSIM 43-4323] No Change in HDL. Linking previously generated obj files to create kernel
INFO: [USF-XSim-69] 'elaborate' step finished in '1' seconds
INFO: [USF-XSim-4] XSim::Simulate design
INFO: [USF-XSim-61] Executing 'SIMULATE' step in 'C:/Users/LENOVO/OneDrive/Desktop/Notes and projects/VIth sem projects/EL/riscv _latest/riscv_cache/riscv_cache.sim/sim_1/behav/xsim'
INFO: [USF-XSim-98] *** Running xsim
   with args "tb_cache_behav -key {Behavioral:sim_1:Functional:tb_cache} -tclbatch {tb_cache.tcl} -view {{C:/Users/LENOVO/OneDrive/Desktop/Notes and projects/VIth sem projects/EL/riscv _latest/riscv_cache/tb_riscv_pipeline_behav.wcfg}} -log {simulate.log}"
INFO: [USF-XSim-8] Loading simulator feature
Time resolution is 1 ps
open_wave_config {C:/Users/LENOVO/OneDrive/Desktop/Notes and projects/VIth sem projects/EL/riscv _latest/riscv_cache/tb_riscv_pipeline_behav.wcfg}
WARNING: Simulation object /tb_branch/clk was not found in the design.
WARNING: Simulation object /tb_branch/rst was not found in the design.
WARNING: Simulation object /tb_branch/dut/pc was not found in the design.
source tb_cache.tcl
# set curr_wave [current_wave_config]
# if { [string length $curr_wave] == 0 } {
#   if { [llength [get_objects]] > 0} {
#     add_wave /
#     set_property needs_save false [current_wave_config]
#   } else {
#      send_msg_id Add_Wave-1 WARNING "No top level signals found. Simulator will start without a wave window. If you want to open a wave window go to 'File->New Waveform Configuration' or type 'create_wave_config' in the TCL console."
#   }
# }
# run 1000ns
INFO: [USF-XSim-96] XSim completed. Design snapshot 'tb_cache_behav' loaded.
INFO: [USF-XSim-97] XSim simulation ran for 1000ns
run 3000ns
CSV log written to mem_access_log.csv

========================================
 T1: Register file after full run
========================================
(~150 cycles simulated)
  PASS  x1  = 5 (0x00000005)
  PASS  x2  = 3 (0x00000003)
  FAIL  x3  : got=0 (0x00000000)  expected=8 (0x00000008)
  FAIL  x4  : got=0 (0x00000000)  expected=2 (0x00000002)
  PASS  x5  = 8 (0x00000008)
  PASS  x6  = 2 (0x00000002)
  PASS  x7  = 3 (0x00000003)
  PASS  x8  = 4 (0x00000004)
  PASS  x9  = 108 (0x0000006c)
  PASS  x10 = 108 (0x0000006c)

========================================
 T2: Cache performance counters
========================================
  stat_accesses = 13
  stat_hits     = 9
  stat_misses   = 4
  stat_accesses = 13
  stat_hits     = 9
  stat_misses   = 4
  PASS  hits + misses == accesses = 13 (0x0000000d)
  hit rate = 69%

========================================
 T3: Cache line state after run
========================================
  cache_valid[0] = 1  (expected 1)
  cache_data[0]  = 8  (expected 8)
  PASS  cache_data[0] = 8 (0x00000008)

========================================
 T4: Stall behaviour
========================================
  cache_stall at end of sim = 0  (expected 0)
  PASS  cache_stall final = 0 (0x00000000)

========================================
 SUMMARY
========================================
  Passed: 11
  Failed: 2
  Cycles: 150
  SOME TESTS FAILED - check above
$finish called at time : 1516 ns : File "C:/Users/LENOVO/OneDrive/Desktop/Notes and projects/VIth sem projects/EL/riscv _latest/riscv_cache/riscv_cache.srcs/sim_1/new/tb_cache.v" Line 198
close_sim
WARNING: [filemgmt 56-199] Attempt to get parsing info during refresh. "On-the-fly" syntax checking information may be incorrect. [C:\Users\LENOVO\OneDrive\Desktop\Notes and projects\VIth sem projects\EL\riscv _latest\riscv_cache\riscv_cache.srcs\sim_1\new\tb_cache.v:]
WARNING: [filemgmt 56-199] Attempt to get parsing info during refresh. "On-the-fly" syntax checking information may be incorrect. [C:\Users\LENOVO\OneDrive\Desktop\Notes and projects\VIth sem projects\EL\riscv _latest\riscv_cache\riscv_cache.srcs\sources_1\imports\instruction_memory.v:]
WARNING: [filemgmt 56-199] Attempt to get parsing info during refresh. "On-the-fly" syntax checking information may be incorrect. [C:\Users\LENOVO\OneDrive\Desktop\Notes and projects\VIth sem projects\EL\riscv _latest\riscv_cache\riscv_cache.srcs\sources_1\imports\instruction_memory.v:]
WARNING: [filemgmt 56-199] Attempt to get parsing info during refresh. "On-the-fly" syntax checking information may be incorrect. [C:\Users\LENOVO\OneDrive\Desktop\Notes and projects\VIth sem projects\EL\riscv _latest\riscv_cache\riscv_cache.srcs\sources_1\imports\instruction_memory.v:]
INFO: [Simtcl 6-16] Simulation closed
launch_simulation
Command: launch_simulation 
INFO: [Vivado 12-25911] Executing simulation for 'XSim' simulator
INFO: [Vivado 12-28535] Process started - Wed May  6 22:52:30 2026

INFO: [Vivado 12-12493] Simulation top is 'tb_cache'
INFO: [Vivado 12-5682] Launching behavioral simulation in 'C:/Users/LENOVO/OneDrive/Desktop/Notes and projects/VIth sem projects/EL/riscv _latest/riscv_cache/riscv_cache.sim/sim_1/behav/xsim'
INFO: [SIM-utils-51] Simulation object is 'sim_1'
INFO: [SIM-utils-72] Using boost library from 'C:/AMDDesignTools/2025.2/Vivado/tps/boost_1_72_0'
INFO: [SIM-utils-54] Inspecting design source files for 'tb_cache' in fileset 'sim_1'...
INFO: [USF-XSim-97] Finding global include files...
INFO: [USF-XSim-98] Fetching design files from 'sim_1'...
INFO: [USF-XSim-2] XSim::Compile design
INFO: [USF-XSim-61] Executing 'COMPILE and ANALYZE' step in 'C:/Users/LENOVO/OneDrive/Desktop/Notes and projects/VIth sem projects/EL/riscv _latest/riscv_cache/riscv_cache.sim/sim_1/behav/xsim'
"xvlog --incr --relax -prj tb_cache_vlog.prj"
INFO: [VRFC 10-2263] Analyzing Verilog file "C:/Users/LENOVO/OneDrive/Desktop/Notes and projects/VIth sem projects/EL/riscv _latest/riscv_cache/riscv_cache.srcs/sources_1/imports/filesss/EX_MEM_reg.v" into library xil_defaultlib
INFO: [VRFC 10-311] analyzing module EX_MEM_reg
INFO: [VRFC 10-2263] Analyzing Verilog file "C:/Users/LENOVO/OneDrive/Desktop/Notes and projects/VIth sem projects/EL/riscv _latest/riscv_cache/riscv_cache.srcs/sources_1/imports/filesss/ID_EX_reg.v" into library xil_defaultlib
INFO: [VRFC 10-311] analyzing module ID_EX_reg
INFO: [VRFC 10-2263] Analyzing Verilog file "C:/Users/LENOVO/OneDrive/Desktop/Notes and projects/VIth sem projects/EL/riscv _latest/riscv_cache/riscv_cache.srcs/sources_1/imports/IF_ID_reg.v" into library xil_defaultlib
INFO: [VRFC 10-311] analyzing module IF_ID_reg
INFO: [VRFC 10-2263] Analyzing Verilog file "C:/Users/LENOVO/OneDrive/Desktop/Notes and projects/VIth sem projects/EL/riscv _latest/riscv_cache/riscv_cache.srcs/sources_1/imports/filesss/MEM_WB_reg.v" into library xil_defaultlib
INFO: [VRFC 10-311] analyzing module MEM_WB_reg
INFO: [VRFC 10-2263] Analyzing Verilog file "C:/Users/LENOVO/OneDrive/Desktop/Notes and projects/VIth sem projects/EL/riscv _latest/riscv_cache/riscv_cache.srcs/sources_1/imports/alu.v" into library xil_defaultlib
INFO: [VRFC 10-311] analyzing module alu
INFO: [VRFC 10-2263] Analyzing Verilog file "C:/Users/LENOVO/OneDrive/Desktop/Notes and projects/VIth sem projects/EL/riscv _latest/riscv_cache/riscv_cache.srcs/sources_1/imports/alu_control.v" into library xil_defaultlib
INFO: [VRFC 10-311] analyzing module alu_control
INFO: [VRFC 10-2263] Analyzing Verilog file "C:/Users/LENOVO/OneDrive/Desktop/Notes and projects/VIth sem projects/EL/riscv _latest/riscv_cache/riscv_cache.srcs/sources_1/imports/filesss/control_unit.v" into library xil_defaultlib
INFO: [VRFC 10-311] analyzing module control_unit
INFO: [VRFC 10-2263] Analyzing Verilog file "C:/Users/LENOVO/OneDrive/Desktop/Notes and projects/VIth sem projects/EL/riscv _latest/riscv_cache/riscv_cache.srcs/sources_1/imports/data_memory.v" into library xil_defaultlib
INFO: [VRFC 10-311] analyzing module data_memory
INFO: [VRFC 10-2263] Analyzing Verilog file "C:/Users/LENOVO/OneDrive/Desktop/Notes and projects/VIth sem projects/EL/riscv _latest/riscv_cache/riscv_cache.srcs/sources_1/imports/filesss/datapath.v" into library xil_defaultlib
INFO: [VRFC 10-311] analyzing module datapath
INFO: [VRFC 10-2263] Analyzing Verilog file "C:/Users/LENOVO/OneDrive/Desktop/Notes and projects/VIth sem projects/EL/riscv _latest/riscv_cache/riscv_cache.srcs/sources_1/imports/forwarding_unit.v" into library xil_defaultlib
INFO: [VRFC 10-311] analyzing module forwarding_unit
INFO: [VRFC 10-2263] Analyzing Verilog file "C:/Users/LENOVO/OneDrive/Desktop/Notes and projects/VIth sem projects/EL/riscv _latest/riscv_cache/riscv_cache.srcs/sources_1/imports/hazard_detection_unit.v" into library xil_defaultlib
INFO: [VRFC 10-311] analyzing module hazard_detection_unit1
INFO: [VRFC 10-2263] Analyzing Verilog file "C:/Users/LENOVO/OneDrive/Desktop/Notes and projects/VIth sem projects/EL/riscv _latest/riscv_cache/riscv_cache.srcs/sources_1/imports/imm_gen.v" into library xil_defaultlib
INFO: [VRFC 10-311] analyzing module imm_gen
INFO: [VRFC 10-2263] Analyzing Verilog file "C:/Users/LENOVO/OneDrive/Desktop/Notes and projects/VIth sem projects/EL/riscv _latest/riscv_cache/riscv_cache.srcs/sources_1/imports/instruction_memory.v" into library xil_defaultlib
INFO: [VRFC 10-311] analyzing module instruction_memory
INFO: [VRFC 10-2263] Analyzing Verilog file "C:/Users/LENOVO/OneDrive/Desktop/Notes and projects/VIth sem projects/EL/riscv _latest/riscv_cache/riscv_cache.srcs/sources_1/new/l1_cache.v" into library xil_defaultlib
INFO: [VRFC 10-311] analyzing module l1_cache
INFO: [VRFC 10-2263] Analyzing Verilog file "C:/Users/LENOVO/OneDrive/Desktop/Notes and projects/VIth sem projects/EL/riscv _latest/riscv_cache/riscv_cache.srcs/sources_1/imports/pc.v" into library xil_defaultlib
INFO: [VRFC 10-311] analyzing module pc
INFO: [VRFC 10-2263] Analyzing Verilog file "C:/Users/LENOVO/OneDrive/Desktop/Notes and projects/VIth sem projects/EL/riscv _latest/riscv_cache/riscv_cache.srcs/sources_1/imports/register_file.v" into library xil_defaultlib
INFO: [VRFC 10-311] analyzing module register_file
INFO: [VRFC 10-2263] Analyzing Verilog file "C:/Users/LENOVO/OneDrive/Desktop/Notes and projects/VIth sem projects/EL/riscv _latest/riscv_cache/riscv_cache.srcs/sim_1/new/tb_cache.v" into library xil_defaultlib
INFO: [VRFC 10-311] analyzing module tb_cache
INFO: [USF-XSim-69] 'compile' step finished in '3' seconds
INFO: [USF-XSim-3] XSim::Elaborate design
INFO: [USF-XSim-61] Executing 'ELABORATE' step in 'C:/Users/LENOVO/OneDrive/Desktop/Notes and projects/VIth sem projects/EL/riscv _latest/riscv_cache/riscv_cache.sim/sim_1/behav/xsim'
"xelab --incr --debug typical --relax --mt 2 -L xil_defaultlib -L unisims_ver -L unimacro_ver -L secureip --snapshot tb_cache_behav xil_defaultlib.tb_cache xil_defaultlib.glbl -log elaborate.log"
Vivado Simulator v2025.2
Copyright 1986-2022 Xilinx, Inc. All Rights Reserved.
Copyright 2022-2025 Advanced Micro Devices, Inc. All Rights Reserved.
Running: C:/AMDDesignTools/2025.2/Vivado/bin/unwrapped/win64.o/xelab.exe --incr --debug typical --relax --mt 2 -L xil_defaultlib -L unisims_ver -L unimacro_ver -L secureip --snapshot tb_cache_behav xil_defaultlib.tb_cache xil_defaultlib.glbl -log elaborate.log 
Using 2 slave threads.
Starting static elaboration
Pass Through NonSizing Optimizer
Completed static elaboration
Starting simulation data flow analysis
WARNING: [XSIM 43-4099] "C:/Users/LENOVO/OneDrive/Desktop/Notes and projects/VIth sem projects/EL/riscv _latest/riscv_cache/riscv_cache.srcs/sources_1/imports/filesss/datapath.v" Line 229. Module datapath doesn't have a timescale but at least one module in design has a timescale.
WARNING: [XSIM 43-4099] "C:/Users/LENOVO/OneDrive/Desktop/Notes and projects/VIth sem projects/EL/riscv _latest/riscv_cache/riscv_cache.srcs/sources_1/imports/instruction_memory.v" Line 40. Module instruction_memory doesn't have a timescale but at least one module in design has a timescale.
WARNING: [XSIM 43-4099] "C:/Users/LENOVO/OneDrive/Desktop/Notes and projects/VIth sem projects/EL/riscv _latest/riscv_cache/riscv_cache.srcs/sources_1/imports/IF_ID_reg.v" Line 6. Module IF_ID_reg doesn't have a timescale but at least one module in design has a timescale.
WARNING: [XSIM 43-4099] "C:/Users/LENOVO/OneDrive/Desktop/Notes and projects/VIth sem projects/EL/riscv _latest/riscv_cache/riscv_cache.srcs/sources_1/imports/imm_gen.v" Line 4. Module imm_gen doesn't have a timescale but at least one module in design has a timescale.
WARNING: [XSIM 43-4099] "C:/Users/LENOVO/OneDrive/Desktop/Notes and projects/VIth sem projects/EL/riscv _latest/riscv_cache/riscv_cache.srcs/sources_1/imports/filesss/control_unit.v" Line 11. Module control_unit doesn't have a timescale but at least one module in design has a timescale.
WARNING: [XSIM 43-4099] "C:/Users/LENOVO/OneDrive/Desktop/Notes and projects/VIth sem projects/EL/riscv _latest/riscv_cache/riscv_cache.srcs/sources_1/imports/hazard_detection_unit.v" Line 21. Module hazard_detection_unit1 doesn't have a timescale but at least one module in design has a timescale.
WARNING: [XSIM 43-4099] "C:/Users/LENOVO/OneDrive/Desktop/Notes and projects/VIth sem projects/EL/riscv _latest/riscv_cache/riscv_cache.srcs/sources_1/imports/filesss/ID_EX_reg.v" Line 8. Module ID_EX_reg doesn't have a timescale but at least one module in design has a timescale.
WARNING: [XSIM 43-4099] "C:/Users/LENOVO/OneDrive/Desktop/Notes and projects/VIth sem projects/EL/riscv _latest/riscv_cache/riscv_cache.srcs/sources_1/imports/forwarding_unit.v" Line 17. Module forwarding_unit doesn't have a timescale but at least one module in design has a timescale.
WARNING: [XSIM 43-4099] "C:/Users/LENOVO/OneDrive/Desktop/Notes and projects/VIth sem projects/EL/riscv _latest/riscv_cache/riscv_cache.srcs/sources_1/imports/alu_control.v" Line 4. Module alu_control doesn't have a timescale but at least one module in design has a timescale.
WARNING: [XSIM 43-4099] "C:/Users/LENOVO/OneDrive/Desktop/Notes and projects/VIth sem projects/EL/riscv _latest/riscv_cache/riscv_cache.srcs/sources_1/imports/alu.v" Line 4. Module alu doesn't have a timescale but at least one module in design has a timescale.
WARNING: [XSIM 43-4099] "C:/Users/LENOVO/OneDrive/Desktop/Notes and projects/VIth sem projects/EL/riscv _latest/riscv_cache/riscv_cache.srcs/sources_1/imports/filesss/EX_MEM_reg.v" Line 93. Module EX_MEM_reg doesn't have a timescale but at least one module in design has a timescale.
WARNING: [XSIM 43-4099] "C:/Users/LENOVO/OneDrive/Desktop/Notes and projects/VIth sem projects/EL/riscv _latest/riscv_cache/riscv_cache.srcs/sources_1/imports/data_memory.v" Line 4. Module data_memory doesn't have a timescale but at least one module in design has a timescale.
WARNING: [XSIM 43-4099] "C:/Users/LENOVO/OneDrive/Desktop/Notes and projects/VIth sem projects/EL/riscv _latest/riscv_cache/riscv_cache.srcs/sources_1/imports/filesss/MEM_WB_reg.v" Line 61. Module MEM_WB_reg doesn't have a timescale but at least one module in design has a timescale.
Completed simulation data flow analysis
Time Resolution for simulation is 1ps
Compiling module xil_defaultlib.pc
Compiling module xil_defaultlib.instruction_memory
Compiling module xil_defaultlib.IF_ID_reg
Compiling module xil_defaultlib.register_file
Compiling module xil_defaultlib.imm_gen
Compiling module xil_defaultlib.control_unit
Compiling module xil_defaultlib.hazard_detection_unit1
Compiling module xil_defaultlib.ID_EX_reg
Compiling module xil_defaultlib.forwarding_unit
Compiling module xil_defaultlib.alu_control
Compiling module xil_defaultlib.alu
Compiling module xil_defaultlib.EX_MEM_reg
Compiling module xil_defaultlib.l1_cache_default
Compiling module xil_defaultlib.data_memory
Compiling module xil_defaultlib.MEM_WB_reg
Compiling module xil_defaultlib.datapath
Compiling module xil_defaultlib.tb_cache
Compiling module xil_defaultlib.glbl
Built simulation snapshot tb_cache_behav
INFO: [USF-XSim-69] 'elaborate' step finished in '3' seconds
INFO: [USF-XSim-4] XSim::Simulate design
INFO: [USF-XSim-61] Executing 'SIMULATE' step in 'C:/Users/LENOVO/OneDrive/Desktop/Notes and projects/VIth sem projects/EL/riscv _latest/riscv_cache/riscv_cache.sim/sim_1/behav/xsim'
INFO: [USF-XSim-98] *** Running xsim
   with args "tb_cache_behav -key {Behavioral:sim_1:Functional:tb_cache} -tclbatch {tb_cache.tcl} -view {{C:/Users/LENOVO/OneDrive/Desktop/Notes and projects/VIth sem projects/EL/riscv _latest/riscv_cache/tb_riscv_pipeline_behav.wcfg}} -log {simulate.log}"
INFO: [USF-XSim-8] Loading simulator feature
Time resolution is 1 ps
open_wave_config {C:/Users/LENOVO/OneDrive/Desktop/Notes and projects/VIth sem projects/EL/riscv _latest/riscv_cache/tb_riscv_pipeline_behav.wcfg}
WARNING: Simulation object /tb_branch/clk was not found in the design.
WARNING: Simulation object /tb_branch/rst was not found in the design.
WARNING: Simulation object /tb_branch/dut/pc was not found in the design.
source tb_cache.tcl
# set curr_wave [current_wave_config]
# if { [string length $curr_wave] == 0 } {
#   if { [llength [get_objects]] > 0} {
#     add_wave /
#     set_property needs_save false [current_wave_config]
#   } else {
#      send_msg_id Add_Wave-1 WARNING "No top level signals found. Simulator will start without a wave window. If you want to open a wave window go to 'File->New Waveform Configuration' or type 'create_wave_config' in the TCL console."
#   }
# }
# run 1000ns
INFO: [USF-XSim-96] XSim completed. Design snapshot 'tb_cache_behav' loaded.
INFO: [USF-XSim-97] XSim simulation ran for 1000ns
launch_simulation: Time (s): cpu = 00:00:02 ; elapsed = 00:00:09 . Memory (MB): peak = 1693.406 ; gain = 0.000
run 3000ns
CSV log written to mem_access_log.csv

========================================
 T1: Register file after full run
========================================
(~150 cycles simulated)
  PASS  x1  = 5 (0x00000005)
  PASS  x2  = 3 (0x00000003)
  PASS  x3  = 8 (0x00000008)
  PASS  x4  = 2 (0x00000002)
  PASS  x5  = 8 (0x00000008)
  PASS  x6  = 2 (0x00000002)
  PASS  x7  = 3 (0x00000003)
  PASS  x8  = 4 (0x00000004)
  PASS  x9  = 108 (0x0000006c)
  PASS  x10 = 108 (0x0000006c)

========================================
 T2: Cache performance counters
========================================
  stat_accesses = 11
  stat_hits     = 8
  stat_misses   = 3
  stat_accesses = 11
  stat_hits     = 8
  stat_misses   = 3
  PASS  hits + misses == accesses = 11 (0x0000000b)
  hit rate = 72%

========================================
 T3: Cache line state after run
========================================
  cache_valid[0] = 1  (expected 1)
  cache_data[0]  = 8  (expected 8)
  PASS  cache_data[0] = 8 (0x00000008)

========================================
 T4: Stall behaviour
========================================
  cache_stall at end of sim = 0  (expected 0)
  PASS  cache_stall final = 0 (0x00000000)

========================================
 SUMMARY
========================================
  Passed: 13
  Failed: 0
  Cycles: 150
  ALL TESTS PASSED
$finish called at time : 1516 ns : File "C:/Users/LENOVO/OneDrive/Desktop/Notes and projects/VIth sem projects/EL/riscv _latest/riscv_cache/riscv_cache.srcs/sim_1/new/tb_cache.v" Line 198
close_sim
INFO: [Simtcl 6-16] Simulation closed
launch_simulation
Command: launch_simulation 
INFO: [Vivado 12-25911] Executing simulation for 'XSim' simulator
INFO: [Vivado 12-28535] Process started - Wed May  6 22:54:25 2026

INFO: [Vivado 12-12493] Simulation top is 'tb_cache'
INFO: [Vivado 12-5682] Launching behavioral simulation in 'C:/Users/LENOVO/OneDrive/Desktop/Notes and projects/VIth sem projects/EL/riscv _latest/riscv_cache/riscv_cache.sim/sim_1/behav/xsim'
INFO: [SIM-utils-51] Simulation object is 'sim_1'
INFO: [SIM-utils-72] Using boost library from 'C:/AMDDesignTools/2025.2/Vivado/tps/boost_1_72_0'
INFO: [SIM-utils-54] Inspecting design source files for 'tb_cache' in fileset 'sim_1'...
INFO: [USF-XSim-97] Finding global include files...
INFO: [USF-XSim-98] Fetching design files from 'sim_1'...
INFO: [USF-XSim-2] XSim::Compile design
INFO: [USF-XSim-61] Executing 'COMPILE and ANALYZE' step in 'C:/Users/LENOVO/OneDrive/Desktop/Notes and projects/VIth sem projects/EL/riscv _latest/riscv_cache/riscv_cache.sim/sim_1/behav/xsim'
"xvlog --incr --relax -prj tb_cache_vlog.prj"
INFO: [VRFC 10-2263] Analyzing Verilog file "C:/Users/LENOVO/OneDrive/Desktop/Notes and projects/VIth sem projects/EL/riscv _latest/riscv_cache/riscv_cache.srcs/sources_1/imports/filesss/EX_MEM_reg.v" into library xil_defaultlib
INFO: [VRFC 10-311] analyzing module EX_MEM_reg
INFO: [VRFC 10-2263] Analyzing Verilog file "C:/Users/LENOVO/OneDrive/Desktop/Notes and projects/VIth sem projects/EL/riscv _latest/riscv_cache/riscv_cache.srcs/sources_1/imports/filesss/ID_EX_reg.v" into library xil_defaultlib
INFO: [VRFC 10-311] analyzing module ID_EX_reg
INFO: [VRFC 10-2263] Analyzing Verilog file "C:/Users/LENOVO/OneDrive/Desktop/Notes and projects/VIth sem projects/EL/riscv _latest/riscv_cache/riscv_cache.srcs/sources_1/imports/IF_ID_reg.v" into library xil_defaultlib
INFO: [VRFC 10-311] analyzing module IF_ID_reg
INFO: [VRFC 10-2263] Analyzing Verilog file "C:/Users/LENOVO/OneDrive/Desktop/Notes and projects/VIth sem projects/EL/riscv _latest/riscv_cache/riscv_cache.srcs/sources_1/imports/filesss/MEM_WB_reg.v" into library xil_defaultlib
INFO: [VRFC 10-311] analyzing module MEM_WB_reg
INFO: [VRFC 10-2263] Analyzing Verilog file "C:/Users/LENOVO/OneDrive/Desktop/Notes and projects/VIth sem projects/EL/riscv _latest/riscv_cache/riscv_cache.srcs/sources_1/imports/alu.v" into library xil_defaultlib
INFO: [VRFC 10-311] analyzing module alu
INFO: [VRFC 10-2263] Analyzing Verilog file "C:/Users/LENOVO/OneDrive/Desktop/Notes and projects/VIth sem projects/EL/riscv _latest/riscv_cache/riscv_cache.srcs/sources_1/imports/alu_control.v" into library xil_defaultlib
INFO: [VRFC 10-311] analyzing module alu_control
INFO: [VRFC 10-2263] Analyzing Verilog file "C:/Users/LENOVO/OneDrive/Desktop/Notes and projects/VIth sem projects/EL/riscv _latest/riscv_cache/riscv_cache.srcs/sources_1/imports/filesss/control_unit.v" into library xil_defaultlib
INFO: [VRFC 10-311] analyzing module control_unit
INFO: [VRFC 10-2263] Analyzing Verilog file "C:/Users/LENOVO/OneDrive/Desktop/Notes and projects/VIth sem projects/EL/riscv _latest/riscv_cache/riscv_cache.srcs/sources_1/imports/data_memory.v" into library xil_defaultlib
INFO: [VRFC 10-311] analyzing module data_memory
INFO: [VRFC 10-2263] Analyzing Verilog file "C:/Users/LENOVO/OneDrive/Desktop/Notes and projects/VIth sem projects/EL/riscv _latest/riscv_cache/riscv_cache.srcs/sources_1/imports/filesss/datapath.v" into library xil_defaultlib
INFO: [VRFC 10-311] analyzing module datapath
INFO: [VRFC 10-2263] Analyzing Verilog file "C:/Users/LENOVO/OneDrive/Desktop/Notes and projects/VIth sem projects/EL/riscv _latest/riscv_cache/riscv_cache.srcs/sources_1/imports/forwarding_unit.v" into library xil_defaultlib
INFO: [VRFC 10-311] analyzing module forwarding_unit
INFO: [VRFC 10-2263] Analyzing Verilog file "C:/Users/LENOVO/OneDrive/Desktop/Notes and projects/VIth sem projects/EL/riscv _latest/riscv_cache/riscv_cache.srcs/sources_1/imports/hazard_detection_unit.v" into library xil_defaultlib
INFO: [VRFC 10-311] analyzing module hazard_detection_unit1
INFO: [VRFC 10-2263] Analyzing Verilog file "C:/Users/LENOVO/OneDrive/Desktop/Notes and projects/VIth sem projects/EL/riscv _latest/riscv_cache/riscv_cache.srcs/sources_1/imports/imm_gen.v" into library xil_defaultlib
INFO: [VRFC 10-311] analyzing module imm_gen
INFO: [VRFC 10-2263] Analyzing Verilog file "C:/Users/LENOVO/OneDrive/Desktop/Notes and projects/VIth sem projects/EL/riscv _latest/riscv_cache/riscv_cache.srcs/sources_1/imports/instruction_memory.v" into library xil_defaultlib
INFO: [VRFC 10-311] analyzing module instruction_memory
INFO: [VRFC 10-2263] Analyzing Verilog file "C:/Users/LENOVO/OneDrive/Desktop/Notes and projects/VIth sem projects/EL/riscv _latest/riscv_cache/riscv_cache.srcs/sources_1/new/l1_cache.v" into library xil_defaultlib
INFO: [VRFC 10-311] analyzing module l1_cache
INFO: [VRFC 10-2263] Analyzing Verilog file "C:/Users/LENOVO/OneDrive/Desktop/Notes and projects/VIth sem projects/EL/riscv _latest/riscv_cache/riscv_cache.srcs/sources_1/imports/pc.v" into library xil_defaultlib
INFO: [VRFC 10-311] analyzing module pc
INFO: [VRFC 10-2263] Analyzing Verilog file "C:/Users/LENOVO/OneDrive/Desktop/Notes and projects/VIth sem projects/EL/riscv _latest/riscv_cache/riscv_cache.srcs/sources_1/imports/register_file.v" into library xil_defaultlib
INFO: [VRFC 10-311] analyzing module register_file
INFO: [VRFC 10-2263] Analyzing Verilog file "C:/Users/LENOVO/OneDrive/Desktop/Notes and projects/VIth sem projects/EL/riscv _latest/riscv_cache/riscv_cache.srcs/sim_1/new/tb_cache.v" into library xil_defaultlib
INFO: [VRFC 10-311] analyzing module tb_cache
INFO: [USF-XSim-69] 'compile' step finished in '3' seconds
INFO: [USF-XSim-3] XSim::Elaborate design
INFO: [USF-XSim-61] Executing 'ELABORATE' step in 'C:/Users/LENOVO/OneDrive/Desktop/Notes and projects/VIth sem projects/EL/riscv _latest/riscv_cache/riscv_cache.sim/sim_1/behav/xsim'
"xelab --incr --debug typical --relax --mt 2 -L xil_defaultlib -L unisims_ver -L unimacro_ver -L secureip --snapshot tb_cache_behav xil_defaultlib.tb_cache xil_defaultlib.glbl -log elaborate.log"
Vivado Simulator v2025.2
Copyright 1986-2022 Xilinx, Inc. All Rights Reserved.
Copyright 2022-2025 Advanced Micro Devices, Inc. All Rights Reserved.
Running: C:/AMDDesignTools/2025.2/Vivado/bin/unwrapped/win64.o/xelab.exe --incr --debug typical --relax --mt 2 -L xil_defaultlib -L unisims_ver -L unimacro_ver -L secureip --snapshot tb_cache_behav xil_defaultlib.tb_cache xil_defaultlib.glbl -log elaborate.log 
Using 2 slave threads.
Starting static elaboration
Pass Through NonSizing Optimizer
Completed static elaboration
Starting simulation data flow analysis
WARNING: [XSIM 43-4099] "C:/Users/LENOVO/OneDrive/Desktop/Notes and projects/VIth sem projects/EL/riscv _latest/riscv_cache/riscv_cache.srcs/sources_1/imports/filesss/datapath.v" Line 229. Module datapath doesn't have a timescale but at least one module in design has a timescale.
WARNING: [XSIM 43-4099] "C:/Users/LENOVO/OneDrive/Desktop/Notes and projects/VIth sem projects/EL/riscv _latest/riscv_cache/riscv_cache.srcs/sources_1/imports/instruction_memory.v" Line 40. Module instruction_memory doesn't have a timescale but at least one module in design has a timescale.
WARNING: [XSIM 43-4099] "C:/Users/LENOVO/OneDrive/Desktop/Notes and projects/VIth sem projects/EL/riscv _latest/riscv_cache/riscv_cache.srcs/sources_1/imports/IF_ID_reg.v" Line 6. Module IF_ID_reg doesn't have a timescale but at least one module in design has a timescale.
WARNING: [XSIM 43-4099] "C:/Users/LENOVO/OneDrive/Desktop/Notes and projects/VIth sem projects/EL/riscv _latest/riscv_cache/riscv_cache.srcs/sources_1/imports/imm_gen.v" Line 4. Module imm_gen doesn't have a timescale but at least one module in design has a timescale.
WARNING: [XSIM 43-4099] "C:/Users/LENOVO/OneDrive/Desktop/Notes and projects/VIth sem projects/EL/riscv _latest/riscv_cache/riscv_cache.srcs/sources_1/imports/filesss/control_unit.v" Line 11. Module control_unit doesn't have a timescale but at least one module in design has a timescale.
WARNING: [XSIM 43-4099] "C:/Users/LENOVO/OneDrive/Desktop/Notes and projects/VIth sem projects/EL/riscv _latest/riscv_cache/riscv_cache.srcs/sources_1/imports/hazard_detection_unit.v" Line 21. Module hazard_detection_unit1 doesn't have a timescale but at least one module in design has a timescale.
WARNING: [XSIM 43-4099] "C:/Users/LENOVO/OneDrive/Desktop/Notes and projects/VIth sem projects/EL/riscv _latest/riscv_cache/riscv_cache.srcs/sources_1/imports/filesss/ID_EX_reg.v" Line 8. Module ID_EX_reg doesn't have a timescale but at least one module in design has a timescale.
WARNING: [XSIM 43-4099] "C:/Users/LENOVO/OneDrive/Desktop/Notes and projects/VIth sem projects/EL/riscv _latest/riscv_cache/riscv_cache.srcs/sources_1/imports/forwarding_unit.v" Line 17. Module forwarding_unit doesn't have a timescale but at least one module in design has a timescale.
WARNING: [XSIM 43-4099] "C:/Users/LENOVO/OneDrive/Desktop/Notes and projects/VIth sem projects/EL/riscv _latest/riscv_cache/riscv_cache.srcs/sources_1/imports/alu_control.v" Line 4. Module alu_control doesn't have a timescale but at least one module in design has a timescale.
WARNING: [XSIM 43-4099] "C:/Users/LENOVO/OneDrive/Desktop/Notes and projects/VIth sem projects/EL/riscv _latest/riscv_cache/riscv_cache.srcs/sources_1/imports/alu.v" Line 4. Module alu doesn't have a timescale but at least one module in design has a timescale.
WARNING: [XSIM 43-4099] "C:/Users/LENOVO/OneDrive/Desktop/Notes and projects/VIth sem projects/EL/riscv _latest/riscv_cache/riscv_cache.srcs/sources_1/imports/filesss/EX_MEM_reg.v" Line 93. Module EX_MEM_reg doesn't have a timescale but at least one module in design has a timescale.
WARNING: [XSIM 43-4099] "C:/Users/LENOVO/OneDrive/Desktop/Notes and projects/VIth sem projects/EL/riscv _latest/riscv_cache/riscv_cache.srcs/sources_1/imports/data_memory.v" Line 4. Module data_memory doesn't have a timescale but at least one module in design has a timescale.
WARNING: [XSIM 43-4099] "C:/Users/LENOVO/OneDrive/Desktop/Notes and projects/VIth sem projects/EL/riscv _latest/riscv_cache/riscv_cache.srcs/sources_1/imports/filesss/MEM_WB_reg.v" Line 61. Module MEM_WB_reg doesn't have a timescale but at least one module in design has a timescale.
Completed simulation data flow analysis
Time Resolution for simulation is 1ps
Compiling module xil_defaultlib.pc
Compiling module xil_defaultlib.instruction_memory
Compiling module xil_defaultlib.IF_ID_reg
Compiling module xil_defaultlib.register_file
Compiling module xil_defaultlib.imm_gen
Compiling module xil_defaultlib.control_unit
Compiling module xil_defaultlib.hazard_detection_unit1
Compiling module xil_defaultlib.ID_EX_reg
Compiling module xil_defaultlib.forwarding_unit
Compiling module xil_defaultlib.alu_control
Compiling module xil_defaultlib.alu
Compiling module xil_defaultlib.EX_MEM_reg
Compiling module xil_defaultlib.l1_cache_default
Compiling module xil_defaultlib.data_memory
Compiling module xil_defaultlib.MEM_WB_reg
Compiling module xil_defaultlib.datapath
Compiling module xil_defaultlib.tb_cache
Compiling module xil_defaultlib.glbl
Built simulation snapshot tb_cache_behav
INFO: [USF-XSim-69] 'elaborate' step finished in '3' seconds
INFO: [USF-XSim-4] XSim::Simulate design
INFO: [USF-XSim-61] Executing 'SIMULATE' step in 'C:/Users/LENOVO/OneDrive/Desktop/Notes and projects/VIth sem projects/EL/riscv _latest/riscv_cache/riscv_cache.sim/sim_1/behav/xsim'
INFO: [USF-XSim-98] *** Running xsim
   with args "tb_cache_behav -key {Behavioral:sim_1:Functional:tb_cache} -tclbatch {tb_cache.tcl} -view {{C:/Users/LENOVO/OneDrive/Desktop/Notes and projects/VIth sem projects/EL/riscv _latest/riscv_cache/tb_riscv_pipeline_behav.wcfg}} -log {simulate.log}"
INFO: [USF-XSim-8] Loading simulator feature
Time resolution is 1 ps
open_wave_config {C:/Users/LENOVO/OneDrive/Desktop/Notes and projects/VIth sem projects/EL/riscv _latest/riscv_cache/tb_riscv_pipeline_behav.wcfg}
WARNING: Simulation object /tb_branch/clk was not found in the design.
WARNING: Simulation object /tb_branch/rst was not found in the design.
WARNING: Simulation object /tb_branch/dut/pc was not found in the design.
source tb_cache.tcl
# set curr_wave [current_wave_config]
# if { [string length $curr_wave] == 0 } {
#   if { [llength [get_objects]] > 0} {
#     add_wave /
#     set_property needs_save false [current_wave_config]
#   } else {
#      send_msg_id Add_Wave-1 WARNING "No top level signals found. Simulator will start without a wave window. If you want to open a wave window go to 'File->New Waveform Configuration' or type 'create_wave_config' in the TCL console."
#   }
# }
# run 1000ns
INFO: [USF-XSim-96] XSim completed. Design snapshot 'tb_cache_behav' loaded.
INFO: [USF-XSim-97] XSim simulation ran for 1000ns
launch_simulation: Time (s): cpu = 00:00:03 ; elapsed = 00:00:09 . Memory (MB): peak = 1693.406 ; gain = 0.000
run 3000ns
CSV log written to mem_access_log.csv

========================================
 T1: Register file after full run
========================================
(~150 cycles simulated)
  PASS  x1  = 5 (0x00000005)
  FAIL  x2  : got=5 (0x00000005)  expected=3 (0x00000003)
  FAIL  x3  : got=5 (0x00000005)  expected=8 (0x00000008)
  FAIL  x4  : got=5 (0x00000005)  expected=2 (0x00000002)
  FAIL  x5  : got=5 (0x00000005)  expected=8 (0x00000008)
  FAIL  x6  : got=5 (0x00000005)  expected=2 (0x00000002)
  FAIL  x7  : got=0 (0x00000000)  expected=3 (0x00000003)
  FAIL  x8  : got=0 (0x00000000)  expected=4 (0x00000004)
  FAIL  x9  : got=0 (0x00000000)  expected=108 (0x0000006c)
  FAIL  x10 : got=0 (0x00000000)  expected=108 (0x0000006c)

========================================
 T2: Cache performance counters
========================================
  stat_accesses = 20
  stat_hits     = 15
  stat_misses   = 5
  stat_accesses = 20
  stat_hits     = 15
  stat_misses   = 5
  PASS  hits + misses == accesses = 20 (0x00000014)
  hit rate = 75%

========================================
 T3: Cache line state after run
========================================
  cache_valid[0] = 1  (expected 1)
  cache_data[0]  = 5  (expected 8)
  FAIL  cache_data[0] : got=5 (0x00000005)  expected=8 (0x00000008)

========================================
 T4: Stall behaviour
========================================
  cache_stall at end of sim = 0  (expected 0)
  PASS  cache_stall final = 0 (0x00000000)

========================================
 SUMMARY
========================================
  Passed: 3
  Failed: 10
  Cycles: 150
  SOME TESTS FAILED - check above
$finish called at time : 1516 ns : File "C:/Users/LENOVO/OneDrive/Desktop/Notes and projects/VIth sem projects/EL/riscv _latest/riscv_cache/riscv_cache.srcs/sim_1/new/tb_cache.v" Line 198
close_sim
INFO: [Simtcl 6-16] Simulation closed
launch_simulation
Command: launch_simulation 
INFO: [Vivado 12-25911] Executing simulation for 'XSim' simulator
INFO: [Vivado 12-28535] Process started - Wed May  6 22:58:31 2026

INFO: [Vivado 12-12493] Simulation top is 'tb_cache'
INFO: [Vivado 12-5682] Launching behavioral simulation in 'C:/Users/LENOVO/OneDrive/Desktop/Notes and projects/VIth sem projects/EL/riscv _latest/riscv_cache/riscv_cache.sim/sim_1/behav/xsim'
INFO: [SIM-utils-51] Simulation object is 'sim_1'
INFO: [SIM-utils-72] Using boost library from 'C:/AMDDesignTools/2025.2/Vivado/tps/boost_1_72_0'
INFO: [SIM-utils-54] Inspecting design source files for 'tb_cache' in fileset 'sim_1'...
INFO: [USF-XSim-97] Finding global include files...
INFO: [USF-XSim-98] Fetching design files from 'sim_1'...
INFO: [USF-XSim-2] XSim::Compile design
INFO: [USF-XSim-61] Executing 'COMPILE and ANALYZE' step in 'C:/Users/LENOVO/OneDrive/Desktop/Notes and projects/VIth sem projects/EL/riscv _latest/riscv_cache/riscv_cache.sim/sim_1/behav/xsim'
"xvlog --incr --relax -prj tb_cache_vlog.prj"
INFO: [VRFC 10-2263] Analyzing Verilog file "C:/Users/LENOVO/OneDrive/Desktop/Notes and projects/VIth sem projects/EL/riscv _latest/riscv_cache/riscv_cache.srcs/sources_1/imports/filesss/EX_MEM_reg.v" into library xil_defaultlib
INFO: [VRFC 10-311] analyzing module EX_MEM_reg
INFO: [VRFC 10-2263] Analyzing Verilog file "C:/Users/LENOVO/OneDrive/Desktop/Notes and projects/VIth sem projects/EL/riscv _latest/riscv_cache/riscv_cache.srcs/sources_1/imports/filesss/ID_EX_reg.v" into library xil_defaultlib
INFO: [VRFC 10-311] analyzing module ID_EX_reg
INFO: [VRFC 10-2263] Analyzing Verilog file "C:/Users/LENOVO/OneDrive/Desktop/Notes and projects/VIth sem projects/EL/riscv _latest/riscv_cache/riscv_cache.srcs/sources_1/imports/IF_ID_reg.v" into library xil_defaultlib
INFO: [VRFC 10-311] analyzing module IF_ID_reg
INFO: [VRFC 10-2263] Analyzing Verilog file "C:/Users/LENOVO/OneDrive/Desktop/Notes and projects/VIth sem projects/EL/riscv _latest/riscv_cache/riscv_cache.srcs/sources_1/imports/filesss/MEM_WB_reg.v" into library xil_defaultlib
INFO: [VRFC 10-311] analyzing module MEM_WB_reg
INFO: [VRFC 10-2263] Analyzing Verilog file "C:/Users/LENOVO/OneDrive/Desktop/Notes and projects/VIth sem projects/EL/riscv _latest/riscv_cache/riscv_cache.srcs/sources_1/imports/alu.v" into library xil_defaultlib
INFO: [VRFC 10-311] analyzing module alu
INFO: [VRFC 10-2263] Analyzing Verilog file "C:/Users/LENOVO/OneDrive/Desktop/Notes and projects/VIth sem projects/EL/riscv _latest/riscv_cache/riscv_cache.srcs/sources_1/imports/alu_control.v" into library xil_defaultlib
INFO: [VRFC 10-311] analyzing module alu_control
INFO: [VRFC 10-2263] Analyzing Verilog file "C:/Users/LENOVO/OneDrive/Desktop/Notes and projects/VIth sem projects/EL/riscv _latest/riscv_cache/riscv_cache.srcs/sources_1/imports/filesss/control_unit.v" into library xil_defaultlib
INFO: [VRFC 10-311] analyzing module control_unit
INFO: [VRFC 10-2263] Analyzing Verilog file "C:/Users/LENOVO/OneDrive/Desktop/Notes and projects/VIth sem projects/EL/riscv _latest/riscv_cache/riscv_cache.srcs/sources_1/imports/data_memory.v" into library xil_defaultlib
INFO: [VRFC 10-311] analyzing module data_memory
INFO: [VRFC 10-2263] Analyzing Verilog file "C:/Users/LENOVO/OneDrive/Desktop/Notes and projects/VIth sem projects/EL/riscv _latest/riscv_cache/riscv_cache.srcs/sources_1/imports/filesss/datapath.v" into library xil_defaultlib
INFO: [VRFC 10-311] analyzing module datapath
INFO: [VRFC 10-2263] Analyzing Verilog file "C:/Users/LENOVO/OneDrive/Desktop/Notes and projects/VIth sem projects/EL/riscv _latest/riscv_cache/riscv_cache.srcs/sources_1/imports/forwarding_unit.v" into library xil_defaultlib
INFO: [VRFC 10-311] analyzing module forwarding_unit
INFO: [VRFC 10-2263] Analyzing Verilog file "C:/Users/LENOVO/OneDrive/Desktop/Notes and projects/VIth sem projects/EL/riscv _latest/riscv_cache/riscv_cache.srcs/sources_1/imports/hazard_detection_unit.v" into library xil_defaultlib
INFO: [VRFC 10-311] analyzing module hazard_detection_unit1
INFO: [VRFC 10-2263] Analyzing Verilog file "C:/Users/LENOVO/OneDrive/Desktop/Notes and projects/VIth sem projects/EL/riscv _latest/riscv_cache/riscv_cache.srcs/sources_1/imports/imm_gen.v" into library xil_defaultlib
INFO: [VRFC 10-311] analyzing module imm_gen
INFO: [VRFC 10-2263] Analyzing Verilog file "C:/Users/LENOVO/OneDrive/Desktop/Notes and projects/VIth sem projects/EL/riscv _latest/riscv_cache/riscv_cache.srcs/sources_1/imports/instruction_memory.v" into library xil_defaultlib
INFO: [VRFC 10-311] analyzing module instruction_memory
INFO: [VRFC 10-2263] Analyzing Verilog file "C:/Users/LENOVO/OneDrive/Desktop/Notes and projects/VIth sem projects/EL/riscv _latest/riscv_cache/riscv_cache.srcs/sources_1/new/l1_cache.v" into library xil_defaultlib
INFO: [VRFC 10-311] analyzing module l1_cache
INFO: [VRFC 10-2263] Analyzing Verilog file "C:/Users/LENOVO/OneDrive/Desktop/Notes and projects/VIth sem projects/EL/riscv _latest/riscv_cache/riscv_cache.srcs/sources_1/imports/pc.v" into library xil_defaultlib
INFO: [VRFC 10-311] analyzing module pc
INFO: [VRFC 10-2263] Analyzing Verilog file "C:/Users/LENOVO/OneDrive/Desktop/Notes and projects/VIth sem projects/EL/riscv _latest/riscv_cache/riscv_cache.srcs/sources_1/imports/register_file.v" into library xil_defaultlib
INFO: [VRFC 10-311] analyzing module register_file
INFO: [VRFC 10-2263] Analyzing Verilog file "C:/Users/LENOVO/OneDrive/Desktop/Notes and projects/VIth sem projects/EL/riscv _latest/riscv_cache/riscv_cache.srcs/sim_1/new/tb_cache.v" into library xil_defaultlib
INFO: [VRFC 10-311] analyzing module tb_cache
INFO: [USF-XSim-69] 'compile' step finished in '3' seconds
INFO: [USF-XSim-3] XSim::Elaborate design
INFO: [USF-XSim-61] Executing 'ELABORATE' step in 'C:/Users/LENOVO/OneDrive/Desktop/Notes and projects/VIth sem projects/EL/riscv _latest/riscv_cache/riscv_cache.sim/sim_1/behav/xsim'
"xelab --incr --debug typical --relax --mt 2 -L xil_defaultlib -L unisims_ver -L unimacro_ver -L secureip --snapshot tb_cache_behav xil_defaultlib.tb_cache xil_defaultlib.glbl -log elaborate.log"
Vivado Simulator v2025.2
Copyright 1986-2022 Xilinx, Inc. All Rights Reserved.
Copyright 2022-2025 Advanced Micro Devices, Inc. All Rights Reserved.
Running: C:/AMDDesignTools/2025.2/Vivado/bin/unwrapped/win64.o/xelab.exe --incr --debug typical --relax --mt 2 -L xil_defaultlib -L unisims_ver -L unimacro_ver -L secureip --snapshot tb_cache_behav xil_defaultlib.tb_cache xil_defaultlib.glbl -log elaborate.log 
Using 2 slave threads.
Starting static elaboration
Pass Through NonSizing Optimizer
Completed static elaboration
Starting simulation data flow analysis
WARNING: [XSIM 43-4099] "C:/Users/LENOVO/OneDrive/Desktop/Notes and projects/VIth sem projects/EL/riscv _latest/riscv_cache/riscv_cache.srcs/sources_1/imports/filesss/datapath.v" Line 229. Module datapath doesn't have a timescale but at least one module in design has a timescale.
WARNING: [XSIM 43-4099] "C:/Users/LENOVO/OneDrive/Desktop/Notes and projects/VIth sem projects/EL/riscv _latest/riscv_cache/riscv_cache.srcs/sources_1/imports/instruction_memory.v" Line 40. Module instruction_memory doesn't have a timescale but at least one module in design has a timescale.
WARNING: [XSIM 43-4099] "C:/Users/LENOVO/OneDrive/Desktop/Notes and projects/VIth sem projects/EL/riscv _latest/riscv_cache/riscv_cache.srcs/sources_1/imports/IF_ID_reg.v" Line 6. Module IF_ID_reg doesn't have a timescale but at least one module in design has a timescale.
WARNING: [XSIM 43-4099] "C:/Users/LENOVO/OneDrive/Desktop/Notes and projects/VIth sem projects/EL/riscv _latest/riscv_cache/riscv_cache.srcs/sources_1/imports/imm_gen.v" Line 4. Module imm_gen doesn't have a timescale but at least one module in design has a timescale.
WARNING: [XSIM 43-4099] "C:/Users/LENOVO/OneDrive/Desktop/Notes and projects/VIth sem projects/EL/riscv _latest/riscv_cache/riscv_cache.srcs/sources_1/imports/filesss/control_unit.v" Line 11. Module control_unit doesn't have a timescale but at least one module in design has a timescale.
WARNING: [XSIM 43-4099] "C:/Users/LENOVO/OneDrive/Desktop/Notes and projects/VIth sem projects/EL/riscv _latest/riscv_cache/riscv_cache.srcs/sources_1/imports/hazard_detection_unit.v" Line 21. Module hazard_detection_unit1 doesn't have a timescale but at least one module in design has a timescale.
WARNING: [XSIM 43-4099] "C:/Users/LENOVO/OneDrive/Desktop/Notes and projects/VIth sem projects/EL/riscv _latest/riscv_cache/riscv_cache.srcs/sources_1/imports/filesss/ID_EX_reg.v" Line 8. Module ID_EX_reg doesn't have a timescale but at least one module in design has a timescale.
WARNING: [XSIM 43-4099] "C:/Users/LENOVO/OneDrive/Desktop/Notes and projects/VIth sem projects/EL/riscv _latest/riscv_cache/riscv_cache.srcs/sources_1/imports/forwarding_unit.v" Line 17. Module forwarding_unit doesn't have a timescale but at least one module in design has a timescale.
WARNING: [XSIM 43-4099] "C:/Users/LENOVO/OneDrive/Desktop/Notes and projects/VIth sem projects/EL/riscv _latest/riscv_cache/riscv_cache.srcs/sources_1/imports/alu_control.v" Line 4. Module alu_control doesn't have a timescale but at least one module in design has a timescale.
WARNING: [XSIM 43-4099] "C:/Users/LENOVO/OneDrive/Desktop/Notes and projects/VIth sem projects/EL/riscv _latest/riscv_cache/riscv_cache.srcs/sources_1/imports/alu.v" Line 4. Module alu doesn't have a timescale but at least one module in design has a timescale.
WARNING: [XSIM 43-4099] "C:/Users/LENOVO/OneDrive/Desktop/Notes and projects/VIth sem projects/EL/riscv _latest/riscv_cache/riscv_cache.srcs/sources_1/imports/filesss/EX_MEM_reg.v" Line 93. Module EX_MEM_reg doesn't have a timescale but at least one module in design has a timescale.
WARNING: [XSIM 43-4099] "C:/Users/LENOVO/OneDrive/Desktop/Notes and projects/VIth sem projects/EL/riscv _latest/riscv_cache/riscv_cache.srcs/sources_1/imports/data_memory.v" Line 4. Module data_memory doesn't have a timescale but at least one module in design has a timescale.
WARNING: [XSIM 43-4099] "C:/Users/LENOVO/OneDrive/Desktop/Notes and projects/VIth sem projects/EL/riscv _latest/riscv_cache/riscv_cache.srcs/sources_1/imports/filesss/MEM_WB_reg.v" Line 61. Module MEM_WB_reg doesn't have a timescale but at least one module in design has a timescale.
Completed simulation data flow analysis
Time Resolution for simulation is 1ps
Compiling module xil_defaultlib.pc
Compiling module xil_defaultlib.instruction_memory
Compiling module xil_defaultlib.IF_ID_reg
Compiling module xil_defaultlib.register_file
Compiling module xil_defaultlib.imm_gen
Compiling module xil_defaultlib.control_unit
Compiling module xil_defaultlib.hazard_detection_unit1
Compiling module xil_defaultlib.ID_EX_reg
Compiling module xil_defaultlib.forwarding_unit
Compiling module xil_defaultlib.alu_control
Compiling module xil_defaultlib.alu
Compiling module xil_defaultlib.EX_MEM_reg
Compiling module xil_defaultlib.l1_cache_default
Compiling module xil_defaultlib.data_memory
Compiling module xil_defaultlib.MEM_WB_reg
Compiling module xil_defaultlib.datapath
Compiling module xil_defaultlib.tb_cache
Compiling module xil_defaultlib.glbl
Built simulation snapshot tb_cache_behav
INFO: [USF-XSim-69] 'elaborate' step finished in '3' seconds
INFO: [USF-XSim-4] XSim::Simulate design
INFO: [USF-XSim-61] Executing 'SIMULATE' step in 'C:/Users/LENOVO/OneDrive/Desktop/Notes and projects/VIth sem projects/EL/riscv _latest/riscv_cache/riscv_cache.sim/sim_1/behav/xsim'
INFO: [USF-XSim-98] *** Running xsim
   with args "tb_cache_behav -key {Behavioral:sim_1:Functional:tb_cache} -tclbatch {tb_cache.tcl} -view {{C:/Users/LENOVO/OneDrive/Desktop/Notes and projects/VIth sem projects/EL/riscv _latest/riscv_cache/tb_riscv_pipeline_behav.wcfg}} -log {simulate.log}"
INFO: [USF-XSim-8] Loading simulator feature
Time resolution is 1 ps
open_wave_config {C:/Users/LENOVO/OneDrive/Desktop/Notes and projects/VIth sem projects/EL/riscv _latest/riscv_cache/tb_riscv_pipeline_behav.wcfg}
WARNING: Simulation object /tb_branch/clk was not found in the design.
WARNING: Simulation object /tb_branch/rst was not found in the design.
WARNING: Simulation object /tb_branch/dut/pc was not found in the design.
source tb_cache.tcl
# set curr_wave [current_wave_config]
# if { [string length $curr_wave] == 0 } {
#   if { [llength [get_objects]] > 0} {
#     add_wave /
#     set_property needs_save false [current_wave_config]
#   } else {
#      send_msg_id Add_Wave-1 WARNING "No top level signals found. Simulator will start without a wave window. If you want to open a wave window go to 'File->New Waveform Configuration' or type 'create_wave_config' in the TCL console."
#   }
# }
# run 1000ns
INFO: [USF-XSim-96] XSim completed. Design snapshot 'tb_cache_behav' loaded.
INFO: [USF-XSim-97] XSim simulation ran for 1000ns
launch_simulation: Time (s): cpu = 00:00:02 ; elapsed = 00:00:09 . Memory (MB): peak = 1695.613 ; gain = 0.000
run 3000ns
CSV log written to mem_access_log.csv

========================================
 T1: Register file after full run
========================================
(~150 cycles simulated)
  PASS  x1  = 5 (0x00000005)
  FAIL  x2  : got=5 (0x00000005)  expected=3 (0x00000003)
  FAIL  x3  : got=5 (0x00000005)  expected=8 (0x00000008)
  FAIL  x4  : got=5 (0x00000005)  expected=2 (0x00000002)
  FAIL  x5  : got=5 (0x00000005)  expected=8 (0x00000008)
  FAIL  x6  : got=5 (0x00000005)  expected=2 (0x00000002)
  FAIL  x7  : got=0 (0x00000000)  expected=3 (0x00000003)
  FAIL  x8  : got=0 (0x00000000)  expected=4 (0x00000004)
  FAIL  x9  : got=0 (0x00000000)  expected=108 (0x0000006c)
  FAIL  x10 : got=0 (0x00000000)  expected=108 (0x0000006c)

========================================
 T2: Cache performance counters
========================================
  stat_accesses = 20
  stat_hits     = 15
  stat_misses   = 5
  stat_accesses = 20
  stat_hits     = 15
  stat_misses   = 5
  PASS  hits + misses == accesses = 20 (0x00000014)
  hit rate = 75%

========================================
 T3: Cache line state after run
========================================
  cache_valid[0] = 1  (expected 1)
  cache_data[0]  = 5  (expected 8)
  FAIL  cache_data[0] : got=5 (0x00000005)  expected=8 (0x00000008)

========================================
 T4: Stall behaviour
========================================
  cache_stall at end of sim = 0  (expected 0)
  PASS  cache_stall final = 0 (0x00000000)

========================================
 SUMMARY
========================================
  Passed: 3
  Failed: 10
  Cycles: 150
  SOME TESTS FAILED - check above
$finish called at time : 1516 ns : File "C:/Users/LENOVO/OneDrive/Desktop/Notes and projects/VIth sem projects/EL/riscv _latest/riscv_cache/riscv_cache.srcs/sim_1/new/tb_cache.v" Line 198
close_sim
INFO: [Simtcl 6-16] Simulation closed
launch_simulation
Command: launch_simulation 
INFO: [Vivado 12-25911] Executing simulation for 'XSim' simulator
INFO: [Vivado 12-28535] Process started - Wed May  6 22:59:19 2026

INFO: [Vivado 12-12493] Simulation top is 'tb_cache'
INFO: [Vivado 12-5682] Launching behavioral simulation in 'C:/Users/LENOVO/OneDrive/Desktop/Notes and projects/VIth sem projects/EL/riscv _latest/riscv_cache/riscv_cache.sim/sim_1/behav/xsim'
INFO: [SIM-utils-51] Simulation object is 'sim_1'
INFO: [SIM-utils-72] Using boost library from 'C:/AMDDesignTools/2025.2/Vivado/tps/boost_1_72_0'
INFO: [SIM-utils-54] Inspecting design source files for 'tb_cache' in fileset 'sim_1'...
INFO: [USF-XSim-97] Finding global include files...
INFO: [USF-XSim-98] Fetching design files from 'sim_1'...
INFO: [USF-XSim-2] XSim::Compile design
INFO: [USF-XSim-61] Executing 'COMPILE and ANALYZE' step in 'C:/Users/LENOVO/OneDrive/Desktop/Notes and projects/VIth sem projects/EL/riscv _latest/riscv_cache/riscv_cache.sim/sim_1/behav/xsim'
"xvlog --incr --relax -prj tb_cache_vlog.prj"
INFO: [USF-XSim-69] 'compile' step finished in '1' seconds
INFO: [USF-XSim-3] XSim::Elaborate design
INFO: [USF-XSim-61] Executing 'ELABORATE' step in 'C:/Users/LENOVO/OneDrive/Desktop/Notes and projects/VIth sem projects/EL/riscv _latest/riscv_cache/riscv_cache.sim/sim_1/behav/xsim'
"xelab --incr --debug typical --relax --mt 2 -L xil_defaultlib -L unisims_ver -L unimacro_ver -L secureip --snapshot tb_cache_behav xil_defaultlib.tb_cache xil_defaultlib.glbl -log elaborate.log"
Vivado Simulator v2025.2
Copyright 1986-2022 Xilinx, Inc. All Rights Reserved.
Copyright 2022-2025 Advanced Micro Devices, Inc. All Rights Reserved.
Running: C:/AMDDesignTools/2025.2/Vivado/bin/unwrapped/win64.o/xelab.exe --incr --debug typical --relax --mt 2 -L xil_defaultlib -L unisims_ver -L unimacro_ver -L secureip --snapshot tb_cache_behav xil_defaultlib.tb_cache xil_defaultlib.glbl -log elaborate.log 
Using 2 slave threads.
Starting static elaboration
Pass Through NonSizing Optimizer
Completed static elaboration
INFO: [XSIM 43-4323] No Change in HDL. Linking previously generated obj files to create kernel
INFO: [USF-XSim-69] 'elaborate' step finished in '1' seconds
INFO: [USF-XSim-4] XSim::Simulate design
INFO: [USF-XSim-61] Executing 'SIMULATE' step in 'C:/Users/LENOVO/OneDrive/Desktop/Notes and projects/VIth sem projects/EL/riscv _latest/riscv_cache/riscv_cache.sim/sim_1/behav/xsim'
INFO: [USF-XSim-98] *** Running xsim
   with args "tb_cache_behav -key {Behavioral:sim_1:Functional:tb_cache} -tclbatch {tb_cache.tcl} -view {{C:/Users/LENOVO/OneDrive/Desktop/Notes and projects/VIth sem projects/EL/riscv _latest/riscv_cache/tb_riscv_pipeline_behav.wcfg}} -log {simulate.log}"
INFO: [USF-XSim-8] Loading simulator feature
Time resolution is 1 ps
open_wave_config {C:/Users/LENOVO/OneDrive/Desktop/Notes and projects/VIth sem projects/EL/riscv _latest/riscv_cache/tb_riscv_pipeline_behav.wcfg}
WARNING: Simulation object /tb_branch/clk was not found in the design.
WARNING: Simulation object /tb_branch/rst was not found in the design.
WARNING: Simulation object /tb_branch/dut/pc was not found in the design.
source tb_cache.tcl
# set curr_wave [current_wave_config]
# if { [string length $curr_wave] == 0 } {
#   if { [llength [get_objects]] > 0} {
#     add_wave /
#     set_property needs_save false [current_wave_config]
#   } else {
#      send_msg_id Add_Wave-1 WARNING "No top level signals found. Simulator will start without a wave window. If you want to open a wave window go to 'File->New Waveform Configuration' or type 'create_wave_config' in the TCL console."
#   }
# }
# run 1000ns
INFO: [USF-XSim-96] XSim completed. Design snapshot 'tb_cache_behav' loaded.
INFO: [USF-XSim-97] XSim simulation ran for 1000ns
run 3000ns
CSV log written to mem_access_log.csv

========================================
 T1: Register file after full run
========================================
(~150 cycles simulated)
  PASS  x1  = 5 (0x00000005)
  FAIL  x2  : got=5 (0x00000005)  expected=3 (0x00000003)
  FAIL  x3  : got=5 (0x00000005)  expected=8 (0x00000008)
  FAIL  x4  : got=5 (0x00000005)  expected=2 (0x00000002)
  FAIL  x5  : got=5 (0x00000005)  expected=8 (0x00000008)
  FAIL  x6  : got=5 (0x00000005)  expected=2 (0x00000002)
  FAIL  x7  : got=0 (0x00000000)  expected=3 (0x00000003)
  FAIL  x8  : got=0 (0x00000000)  expected=4 (0x00000004)
  FAIL  x9  : got=0 (0x00000000)  expected=108 (0x0000006c)
  FAIL  x10 : got=0 (0x00000000)  expected=108 (0x0000006c)

========================================
 T2: Cache performance counters
========================================
  stat_accesses = 20
  stat_hits     = 15
  stat_misses   = 5
  stat_accesses = 20
  stat_hits     = 15
  stat_misses   = 5
  PASS  hits + misses == accesses = 20 (0x00000014)
  hit rate = 75%

========================================
 T3: Cache line state after run
========================================
  cache_valid[0] = 1  (expected 1)
  cache_data[0]  = 5  (expected 8)
  FAIL  cache_data[0] : got=5 (0x00000005)  expected=8 (0x00000008)

========================================
 T4: Stall behaviour
========================================
  cache_stall at end of sim = 0  (expected 0)
  PASS  cache_stall final = 0 (0x00000000)

========================================
 SUMMARY
========================================
  Passed: 3
  Failed: 10
  Cycles: 150
  SOME TESTS FAILED - check above
$finish called at time : 1516 ns : File "C:/Users/LENOVO/OneDrive/Desktop/Notes and projects/VIth sem projects/EL/riscv _latest/riscv_cache/riscv_cache.srcs/sim_1/new/tb_cache.v" Line 198
close_sim
INFO: [Simtcl 6-16] Simulation closed
launch_simulation
Command: launch_simulation 
INFO: [Vivado 12-25911] Executing simulation for 'XSim' simulator
INFO: [Vivado 12-28535] Process started - Wed May  6 23:02:11 2026

INFO: [Vivado 12-12493] Simulation top is 'tb_cache'
INFO: [Vivado 12-5682] Launching behavioral simulation in 'C:/Users/LENOVO/OneDrive/Desktop/Notes and projects/VIth sem projects/EL/riscv _latest/riscv_cache/riscv_cache.sim/sim_1/behav/xsim'
INFO: [SIM-utils-51] Simulation object is 'sim_1'
INFO: [SIM-utils-72] Using boost library from 'C:/AMDDesignTools/2025.2/Vivado/tps/boost_1_72_0'
INFO: [SIM-utils-54] Inspecting design source files for 'tb_cache' in fileset 'sim_1'...
INFO: [USF-XSim-97] Finding global include files...
INFO: [USF-XSim-98] Fetching design files from 'sim_1'...
INFO: [USF-XSim-2] XSim::Compile design
INFO: [USF-XSim-61] Executing 'COMPILE and ANALYZE' step in 'C:/Users/LENOVO/OneDrive/Desktop/Notes and projects/VIth sem projects/EL/riscv _latest/riscv_cache/riscv_cache.sim/sim_1/behav/xsim'
"xvlog --incr --relax -prj tb_cache_vlog.prj"
INFO: [VRFC 10-2263] Analyzing Verilog file "C:/Users/LENOVO/OneDrive/Desktop/Notes and projects/VIth sem projects/EL/riscv _latest/riscv_cache/riscv_cache.srcs/sources_1/imports/filesss/EX_MEM_reg.v" into library xil_defaultlib
INFO: [VRFC 10-311] analyzing module EX_MEM_reg
INFO: [VRFC 10-2263] Analyzing Verilog file "C:/Users/LENOVO/OneDrive/Desktop/Notes and projects/VIth sem projects/EL/riscv _latest/riscv_cache/riscv_cache.srcs/sources_1/imports/filesss/ID_EX_reg.v" into library xil_defaultlib
INFO: [VRFC 10-311] analyzing module ID_EX_reg
INFO: [VRFC 10-2263] Analyzing Verilog file "C:/Users/LENOVO/OneDrive/Desktop/Notes and projects/VIth sem projects/EL/riscv _latest/riscv_cache/riscv_cache.srcs/sources_1/imports/IF_ID_reg.v" into library xil_defaultlib
INFO: [VRFC 10-311] analyzing module IF_ID_reg
INFO: [VRFC 10-2263] Analyzing Verilog file "C:/Users/LENOVO/OneDrive/Desktop/Notes and projects/VIth sem projects/EL/riscv _latest/riscv_cache/riscv_cache.srcs/sources_1/imports/filesss/MEM_WB_reg.v" into library xil_defaultlib
INFO: [VRFC 10-311] analyzing module MEM_WB_reg
INFO: [VRFC 10-2263] Analyzing Verilog file "C:/Users/LENOVO/OneDrive/Desktop/Notes and projects/VIth sem projects/EL/riscv _latest/riscv_cache/riscv_cache.srcs/sources_1/imports/alu.v" into library xil_defaultlib
INFO: [VRFC 10-311] analyzing module alu
INFO: [VRFC 10-2263] Analyzing Verilog file "C:/Users/LENOVO/OneDrive/Desktop/Notes and projects/VIth sem projects/EL/riscv _latest/riscv_cache/riscv_cache.srcs/sources_1/imports/alu_control.v" into library xil_defaultlib
INFO: [VRFC 10-311] analyzing module alu_control
INFO: [VRFC 10-2263] Analyzing Verilog file "C:/Users/LENOVO/OneDrive/Desktop/Notes and projects/VIth sem projects/EL/riscv _latest/riscv_cache/riscv_cache.srcs/sources_1/imports/filesss/control_unit.v" into library xil_defaultlib
INFO: [VRFC 10-311] analyzing module control_unit
INFO: [VRFC 10-2263] Analyzing Verilog file "C:/Users/LENOVO/OneDrive/Desktop/Notes and projects/VIth sem projects/EL/riscv _latest/riscv_cache/riscv_cache.srcs/sources_1/imports/data_memory.v" into library xil_defaultlib
INFO: [VRFC 10-311] analyzing module data_memory
INFO: [VRFC 10-2263] Analyzing Verilog file "C:/Users/LENOVO/OneDrive/Desktop/Notes and projects/VIth sem projects/EL/riscv _latest/riscv_cache/riscv_cache.srcs/sources_1/imports/filesss/datapath.v" into library xil_defaultlib
INFO: [VRFC 10-311] analyzing module datapath
INFO: [VRFC 10-2263] Analyzing Verilog file "C:/Users/LENOVO/OneDrive/Desktop/Notes and projects/VIth sem projects/EL/riscv _latest/riscv_cache/riscv_cache.srcs/sources_1/imports/forwarding_unit.v" into library xil_defaultlib
INFO: [VRFC 10-311] analyzing module forwarding_unit
INFO: [VRFC 10-2263] Analyzing Verilog file "C:/Users/LENOVO/OneDrive/Desktop/Notes and projects/VIth sem projects/EL/riscv _latest/riscv_cache/riscv_cache.srcs/sources_1/imports/hazard_detection_unit.v" into library xil_defaultlib
INFO: [VRFC 10-311] analyzing module hazard_detection_unit1
INFO: [VRFC 10-2263] Analyzing Verilog file "C:/Users/LENOVO/OneDrive/Desktop/Notes and projects/VIth sem projects/EL/riscv _latest/riscv_cache/riscv_cache.srcs/sources_1/imports/imm_gen.v" into library xil_defaultlib
INFO: [VRFC 10-311] analyzing module imm_gen
INFO: [VRFC 10-2263] Analyzing Verilog file "C:/Users/LENOVO/OneDrive/Desktop/Notes and projects/VIth sem projects/EL/riscv _latest/riscv_cache/riscv_cache.srcs/sources_1/imports/instruction_memory.v" into library xil_defaultlib
INFO: [VRFC 10-311] analyzing module instruction_memory
INFO: [VRFC 10-2263] Analyzing Verilog file "C:/Users/LENOVO/OneDrive/Desktop/Notes and projects/VIth sem projects/EL/riscv _latest/riscv_cache/riscv_cache.srcs/sources_1/new/l1_cache.v" into library xil_defaultlib
INFO: [VRFC 10-311] analyzing module l1_cache
INFO: [VRFC 10-2263] Analyzing Verilog file "C:/Users/LENOVO/OneDrive/Desktop/Notes and projects/VIth sem projects/EL/riscv _latest/riscv_cache/riscv_cache.srcs/sources_1/imports/pc.v" into library xil_defaultlib
INFO: [VRFC 10-311] analyzing module pc
INFO: [VRFC 10-2263] Analyzing Verilog file "C:/Users/LENOVO/OneDrive/Desktop/Notes and projects/VIth sem projects/EL/riscv _latest/riscv_cache/riscv_cache.srcs/sources_1/imports/register_file.v" into library xil_defaultlib
INFO: [VRFC 10-311] analyzing module register_file
INFO: [VRFC 10-2263] Analyzing Verilog file "C:/Users/LENOVO/OneDrive/Desktop/Notes and projects/VIth sem projects/EL/riscv _latest/riscv_cache/riscv_cache.srcs/sim_1/new/tb_cache.v" into library xil_defaultlib
INFO: [VRFC 10-311] analyzing module tb_cache
INFO: [USF-XSim-69] 'compile' step finished in '3' seconds
INFO: [USF-XSim-3] XSim::Elaborate design
INFO: [USF-XSim-61] Executing 'ELABORATE' step in 'C:/Users/LENOVO/OneDrive/Desktop/Notes and projects/VIth sem projects/EL/riscv _latest/riscv_cache/riscv_cache.sim/sim_1/behav/xsim'
"xelab --incr --debug typical --relax --mt 2 -L xil_defaultlib -L unisims_ver -L unimacro_ver -L secureip --snapshot tb_cache_behav xil_defaultlib.tb_cache xil_defaultlib.glbl -log elaborate.log"
Vivado Simulator v2025.2
Copyright 1986-2022 Xilinx, Inc. All Rights Reserved.
Copyright 2022-2025 Advanced Micro Devices, Inc. All Rights Reserved.
Running: C:/AMDDesignTools/2025.2/Vivado/bin/unwrapped/win64.o/xelab.exe --incr --debug typical --relax --mt 2 -L xil_defaultlib -L unisims_ver -L unimacro_ver -L secureip --snapshot tb_cache_behav xil_defaultlib.tb_cache xil_defaultlib.glbl -log elaborate.log 
Using 2 slave threads.
Starting static elaboration
Pass Through NonSizing Optimizer
Completed static elaboration
Starting simulation data flow analysis
WARNING: [XSIM 43-4099] "C:/Users/LENOVO/OneDrive/Desktop/Notes and projects/VIth sem projects/EL/riscv _latest/riscv_cache/riscv_cache.srcs/sources_1/imports/filesss/datapath.v" Line 229. Module datapath doesn't have a timescale but at least one module in design has a timescale.
WARNING: [XSIM 43-4099] "C:/Users/LENOVO/OneDrive/Desktop/Notes and projects/VIth sem projects/EL/riscv _latest/riscv_cache/riscv_cache.srcs/sources_1/imports/instruction_memory.v" Line 40. Module instruction_memory doesn't have a timescale but at least one module in design has a timescale.
WARNING: [XSIM 43-4099] "C:/Users/LENOVO/OneDrive/Desktop/Notes and projects/VIth sem projects/EL/riscv _latest/riscv_cache/riscv_cache.srcs/sources_1/imports/IF_ID_reg.v" Line 6. Module IF_ID_reg doesn't have a timescale but at least one module in design has a timescale.
WARNING: [XSIM 43-4099] "C:/Users/LENOVO/OneDrive/Desktop/Notes and projects/VIth sem projects/EL/riscv _latest/riscv_cache/riscv_cache.srcs/sources_1/imports/imm_gen.v" Line 4. Module imm_gen doesn't have a timescale but at least one module in design has a timescale.
WARNING: [XSIM 43-4099] "C:/Users/LENOVO/OneDrive/Desktop/Notes and projects/VIth sem projects/EL/riscv _latest/riscv_cache/riscv_cache.srcs/sources_1/imports/filesss/control_unit.v" Line 11. Module control_unit doesn't have a timescale but at least one module in design has a timescale.
WARNING: [XSIM 43-4099] "C:/Users/LENOVO/OneDrive/Desktop/Notes and projects/VIth sem projects/EL/riscv _latest/riscv_cache/riscv_cache.srcs/sources_1/imports/hazard_detection_unit.v" Line 21. Module hazard_detection_unit1 doesn't have a timescale but at least one module in design has a timescale.
WARNING: [XSIM 43-4099] "C:/Users/LENOVO/OneDrive/Desktop/Notes and projects/VIth sem projects/EL/riscv _latest/riscv_cache/riscv_cache.srcs/sources_1/imports/filesss/ID_EX_reg.v" Line 8. Module ID_EX_reg doesn't have a timescale but at least one module in design has a timescale.
WARNING: [XSIM 43-4099] "C:/Users/LENOVO/OneDrive/Desktop/Notes and projects/VIth sem projects/EL/riscv _latest/riscv_cache/riscv_cache.srcs/sources_1/imports/forwarding_unit.v" Line 17. Module forwarding_unit doesn't have a timescale but at least one module in design has a timescale.
WARNING: [XSIM 43-4099] "C:/Users/LENOVO/OneDrive/Desktop/Notes and projects/VIth sem projects/EL/riscv _latest/riscv_cache/riscv_cache.srcs/sources_1/imports/alu_control.v" Line 4. Module alu_control doesn't have a timescale but at least one module in design has a timescale.
WARNING: [XSIM 43-4099] "C:/Users/LENOVO/OneDrive/Desktop/Notes and projects/VIth sem projects/EL/riscv _latest/riscv_cache/riscv_cache.srcs/sources_1/imports/alu.v" Line 4. Module alu doesn't have a timescale but at least one module in design has a timescale.
WARNING: [XSIM 43-4099] "C:/Users/LENOVO/OneDrive/Desktop/Notes and projects/VIth sem projects/EL/riscv _latest/riscv_cache/riscv_cache.srcs/sources_1/imports/filesss/EX_MEM_reg.v" Line 93. Module EX_MEM_reg doesn't have a timescale but at least one module in design has a timescale.
WARNING: [XSIM 43-4099] "C:/Users/LENOVO/OneDrive/Desktop/Notes and projects/VIth sem projects/EL/riscv _latest/riscv_cache/riscv_cache.srcs/sources_1/imports/data_memory.v" Line 4. Module data_memory doesn't have a timescale but at least one module in design has a timescale.
WARNING: [XSIM 43-4099] "C:/Users/LENOVO/OneDrive/Desktop/Notes and projects/VIth sem projects/EL/riscv _latest/riscv_cache/riscv_cache.srcs/sources_1/imports/filesss/MEM_WB_reg.v" Line 61. Module MEM_WB_reg doesn't have a timescale but at least one module in design has a timescale.
Completed simulation data flow analysis
Time Resolution for simulation is 1ps
Compiling module xil_defaultlib.pc
Compiling module xil_defaultlib.instruction_memory
Compiling module xil_defaultlib.IF_ID_reg
Compiling module xil_defaultlib.register_file
Compiling module xil_defaultlib.imm_gen
Compiling module xil_defaultlib.control_unit
Compiling module xil_defaultlib.hazard_detection_unit1
Compiling module xil_defaultlib.ID_EX_reg
Compiling module xil_defaultlib.forwarding_unit
Compiling module xil_defaultlib.alu_control
Compiling module xil_defaultlib.alu
Compiling module xil_defaultlib.EX_MEM_reg
Compiling module xil_defaultlib.l1_cache_default
Compiling module xil_defaultlib.data_memory
Compiling module xil_defaultlib.MEM_WB_reg
Compiling module xil_defaultlib.datapath
Compiling module xil_defaultlib.tb_cache
Compiling module xil_defaultlib.glbl
Built simulation snapshot tb_cache_behav
INFO: [USF-XSim-69] 'elaborate' step finished in '3' seconds
INFO: [USF-XSim-4] XSim::Simulate design
INFO: [USF-XSim-61] Executing 'SIMULATE' step in 'C:/Users/LENOVO/OneDrive/Desktop/Notes and projects/VIth sem projects/EL/riscv _latest/riscv_cache/riscv_cache.sim/sim_1/behav/xsim'
INFO: [USF-XSim-98] *** Running xsim
   with args "tb_cache_behav -key {Behavioral:sim_1:Functional:tb_cache} -tclbatch {tb_cache.tcl} -view {{C:/Users/LENOVO/OneDrive/Desktop/Notes and projects/VIth sem projects/EL/riscv _latest/riscv_cache/tb_riscv_pipeline_behav.wcfg}} -log {simulate.log}"
INFO: [USF-XSim-8] Loading simulator feature
Time resolution is 1 ps
open_wave_config {C:/Users/LENOVO/OneDrive/Desktop/Notes and projects/VIth sem projects/EL/riscv _latest/riscv_cache/tb_riscv_pipeline_behav.wcfg}
WARNING: Simulation object /tb_branch/clk was not found in the design.
WARNING: Simulation object /tb_branch/rst was not found in the design.
WARNING: Simulation object /tb_branch/dut/pc was not found in the design.
source tb_cache.tcl
# set curr_wave [current_wave_config]
# if { [string length $curr_wave] == 0 } {
#   if { [llength [get_objects]] > 0} {
#     add_wave /
#     set_property needs_save false [current_wave_config]
#   } else {
#      send_msg_id Add_Wave-1 WARNING "No top level signals found. Simulator will start without a wave window. If you want to open a wave window go to 'File->New Waveform Configuration' or type 'create_wave_config' in the TCL console."
#   }
# }
# run 1000ns
INFO: [USF-XSim-96] XSim completed. Design snapshot 'tb_cache_behav' loaded.
INFO: [USF-XSim-97] XSim simulation ran for 1000ns
launch_simulation: Time (s): cpu = 00:00:02 ; elapsed = 00:00:08 . Memory (MB): peak = 1695.613 ; gain = 0.000
run 3000ns
CSV log written to mem_access_log.csv

========================================
 T1: Register file after full run
========================================
(~150 cycles simulated)
  PASS  x1  = 5 (0x00000005)
  FAIL  x2  : got=5 (0x00000005)  expected=3 (0x00000003)
  FAIL  x3  : got=5 (0x00000005)  expected=8 (0x00000008)
  FAIL  x4  : got=5 (0x00000005)  expected=2 (0x00000002)
  FAIL  x5  : got=5 (0x00000005)  expected=8 (0x00000008)
  FAIL  x6  : got=5 (0x00000005)  expected=2 (0x00000002)
  FAIL  x7  : got=0 (0x00000000)  expected=3 (0x00000003)
  FAIL  x8  : got=0 (0x00000000)  expected=4 (0x00000004)
  FAIL  x9  : got=0 (0x00000000)  expected=108 (0x0000006c)
  FAIL  x10 : got=0 (0x00000000)  expected=108 (0x0000006c)

========================================
 T2: Cache performance counters
========================================
  stat_accesses = 20
  stat_hits     = 15
  stat_misses   = 5
  stat_accesses = 20
  stat_hits     = 15
  stat_misses   = 5
  PASS  hits + misses == accesses = 20 (0x00000014)
  hit rate = 75%

========================================
 T3: Cache line state after run
========================================
  cache_valid[0] = 1  (expected 1)
  cache_data[0]  = 5  (expected 8)
  FAIL  cache_data[0] : got=5 (0x00000005)  expected=8 (0x00000008)

========================================
 T4: Stall behaviour
========================================
  cache_stall at end of sim = 0  (expected 0)
  PASS  cache_stall final = 0 (0x00000000)

========================================
 SUMMARY
========================================
  Passed: 3
  Failed: 10
  Cycles: 150
  SOME TESTS FAILED - check above
$finish called at time : 1516 ns : File "C:/Users/LENOVO/OneDrive/Desktop/Notes and projects/VIth sem projects/EL/riscv _latest/riscv_cache/riscv_cache.srcs/sim_1/new/tb_cache.v" Line 198
close_sim
INFO: [Simtcl 6-16] Simulation closed
launch_simulation
Command: launch_simulation 
INFO: [Vivado 12-25911] Executing simulation for 'XSim' simulator
INFO: [Vivado 12-28535] Process started - Wed May  6 23:05:50 2026

INFO: [Vivado 12-12493] Simulation top is 'tb_cache'
INFO: [Vivado 12-5682] Launching behavioral simulation in 'C:/Users/LENOVO/OneDrive/Desktop/Notes and projects/VIth sem projects/EL/riscv _latest/riscv_cache/riscv_cache.sim/sim_1/behav/xsim'
INFO: [SIM-utils-51] Simulation object is 'sim_1'
INFO: [SIM-utils-72] Using boost library from 'C:/AMDDesignTools/2025.2/Vivado/tps/boost_1_72_0'
INFO: [SIM-utils-54] Inspecting design source files for 'tb_cache' in fileset 'sim_1'...
INFO: [USF-XSim-97] Finding global include files...
INFO: [USF-XSim-98] Fetching design files from 'sim_1'...
INFO: [USF-XSim-2] XSim::Compile design
INFO: [USF-XSim-61] Executing 'COMPILE and ANALYZE' step in 'C:/Users/LENOVO/OneDrive/Desktop/Notes and projects/VIth sem projects/EL/riscv _latest/riscv_cache/riscv_cache.sim/sim_1/behav/xsim'
"xvlog --incr --relax -prj tb_cache_vlog.prj"
INFO: [VRFC 10-2263] Analyzing Verilog file "C:/Users/LENOVO/OneDrive/Desktop/Notes and projects/VIth sem projects/EL/riscv _latest/riscv_cache/riscv_cache.srcs/sources_1/imports/filesss/EX_MEM_reg.v" into library xil_defaultlib
INFO: [VRFC 10-311] analyzing module EX_MEM_reg
INFO: [VRFC 10-2263] Analyzing Verilog file "C:/Users/LENOVO/OneDrive/Desktop/Notes and projects/VIth sem projects/EL/riscv _latest/riscv_cache/riscv_cache.srcs/sources_1/imports/filesss/ID_EX_reg.v" into library xil_defaultlib
INFO: [VRFC 10-311] analyzing module ID_EX_reg
INFO: [VRFC 10-2263] Analyzing Verilog file "C:/Users/LENOVO/OneDrive/Desktop/Notes and projects/VIth sem projects/EL/riscv _latest/riscv_cache/riscv_cache.srcs/sources_1/imports/IF_ID_reg.v" into library xil_defaultlib
INFO: [VRFC 10-311] analyzing module IF_ID_reg
INFO: [VRFC 10-2263] Analyzing Verilog file "C:/Users/LENOVO/OneDrive/Desktop/Notes and projects/VIth sem projects/EL/riscv _latest/riscv_cache/riscv_cache.srcs/sources_1/imports/filesss/MEM_WB_reg.v" into library xil_defaultlib
INFO: [VRFC 10-311] analyzing module MEM_WB_reg
INFO: [VRFC 10-2263] Analyzing Verilog file "C:/Users/LENOVO/OneDrive/Desktop/Notes and projects/VIth sem projects/EL/riscv _latest/riscv_cache/riscv_cache.srcs/sources_1/imports/alu.v" into library xil_defaultlib
INFO: [VRFC 10-311] analyzing module alu
INFO: [VRFC 10-2263] Analyzing Verilog file "C:/Users/LENOVO/OneDrive/Desktop/Notes and projects/VIth sem projects/EL/riscv _latest/riscv_cache/riscv_cache.srcs/sources_1/imports/alu_control.v" into library xil_defaultlib
INFO: [VRFC 10-311] analyzing module alu_control
INFO: [VRFC 10-2263] Analyzing Verilog file "C:/Users/LENOVO/OneDrive/Desktop/Notes and projects/VIth sem projects/EL/riscv _latest/riscv_cache/riscv_cache.srcs/sources_1/imports/filesss/control_unit.v" into library xil_defaultlib
INFO: [VRFC 10-311] analyzing module control_unit
INFO: [VRFC 10-2263] Analyzing Verilog file "C:/Users/LENOVO/OneDrive/Desktop/Notes and projects/VIth sem projects/EL/riscv _latest/riscv_cache/riscv_cache.srcs/sources_1/imports/data_memory.v" into library xil_defaultlib
INFO: [VRFC 10-311] analyzing module data_memory
INFO: [VRFC 10-2263] Analyzing Verilog file "C:/Users/LENOVO/OneDrive/Desktop/Notes and projects/VIth sem projects/EL/riscv _latest/riscv_cache/riscv_cache.srcs/sources_1/imports/filesss/datapath.v" into library xil_defaultlib
INFO: [VRFC 10-311] analyzing module datapath
INFO: [VRFC 10-2263] Analyzing Verilog file "C:/Users/LENOVO/OneDrive/Desktop/Notes and projects/VIth sem projects/EL/riscv _latest/riscv_cache/riscv_cache.srcs/sources_1/imports/forwarding_unit.v" into library xil_defaultlib
INFO: [VRFC 10-311] analyzing module forwarding_unit
INFO: [VRFC 10-2263] Analyzing Verilog file "C:/Users/LENOVO/OneDrive/Desktop/Notes and projects/VIth sem projects/EL/riscv _latest/riscv_cache/riscv_cache.srcs/sources_1/imports/hazard_detection_unit.v" into library xil_defaultlib
INFO: [VRFC 10-311] analyzing module hazard_detection_unit1
INFO: [VRFC 10-2263] Analyzing Verilog file "C:/Users/LENOVO/OneDrive/Desktop/Notes and projects/VIth sem projects/EL/riscv _latest/riscv_cache/riscv_cache.srcs/sources_1/imports/imm_gen.v" into library xil_defaultlib
INFO: [VRFC 10-311] analyzing module imm_gen
INFO: [VRFC 10-2263] Analyzing Verilog file "C:/Users/LENOVO/OneDrive/Desktop/Notes and projects/VIth sem projects/EL/riscv _latest/riscv_cache/riscv_cache.srcs/sources_1/imports/instruction_memory.v" into library xil_defaultlib
INFO: [VRFC 10-311] analyzing module instruction_memory
INFO: [VRFC 10-2263] Analyzing Verilog file "C:/Users/LENOVO/OneDrive/Desktop/Notes and projects/VIth sem projects/EL/riscv _latest/riscv_cache/riscv_cache.srcs/sources_1/new/l1_cache.v" into library xil_defaultlib
INFO: [VRFC 10-311] analyzing module l1_cache
INFO: [VRFC 10-2263] Analyzing Verilog file "C:/Users/LENOVO/OneDrive/Desktop/Notes and projects/VIth sem projects/EL/riscv _latest/riscv_cache/riscv_cache.srcs/sources_1/imports/pc.v" into library xil_defaultlib
INFO: [VRFC 10-311] analyzing module pc
INFO: [VRFC 10-2263] Analyzing Verilog file "C:/Users/LENOVO/OneDrive/Desktop/Notes and projects/VIth sem projects/EL/riscv _latest/riscv_cache/riscv_cache.srcs/sources_1/imports/register_file.v" into library xil_defaultlib
INFO: [VRFC 10-311] analyzing module register_file
INFO: [VRFC 10-2263] Analyzing Verilog file "C:/Users/LENOVO/OneDrive/Desktop/Notes and projects/VIth sem projects/EL/riscv _latest/riscv_cache/riscv_cache.srcs/sim_1/new/tb_cache.v" into library xil_defaultlib
INFO: [VRFC 10-311] analyzing module tb_cache
INFO: [USF-XSim-69] 'compile' step finished in '3' seconds
INFO: [USF-XSim-3] XSim::Elaborate design
INFO: [USF-XSim-61] Executing 'ELABORATE' step in 'C:/Users/LENOVO/OneDrive/Desktop/Notes and projects/VIth sem projects/EL/riscv _latest/riscv_cache/riscv_cache.sim/sim_1/behav/xsim'
"xelab --incr --debug typical --relax --mt 2 -L xil_defaultlib -L unisims_ver -L unimacro_ver -L secureip --snapshot tb_cache_behav xil_defaultlib.tb_cache xil_defaultlib.glbl -log elaborate.log"
Vivado Simulator v2025.2
Copyright 1986-2022 Xilinx, Inc. All Rights Reserved.
Copyright 2022-2025 Advanced Micro Devices, Inc. All Rights Reserved.
Running: C:/AMDDesignTools/2025.2/Vivado/bin/unwrapped/win64.o/xelab.exe --incr --debug typical --relax --mt 2 -L xil_defaultlib -L unisims_ver -L unimacro_ver -L secureip --snapshot tb_cache_behav xil_defaultlib.tb_cache xil_defaultlib.glbl -log elaborate.log 
Using 2 slave threads.
Starting static elaboration
Pass Through NonSizing Optimizer
Completed static elaboration
Starting simulation data flow analysis
WARNING: [XSIM 43-4099] "C:/Users/LENOVO/OneDrive/Desktop/Notes and projects/VIth sem projects/EL/riscv _latest/riscv_cache/riscv_cache.srcs/sources_1/imports/filesss/datapath.v" Line 229. Module datapath doesn't have a timescale but at least one module in design has a timescale.
WARNING: [XSIM 43-4099] "C:/Users/LENOVO/OneDrive/Desktop/Notes and projects/VIth sem projects/EL/riscv _latest/riscv_cache/riscv_cache.srcs/sources_1/imports/instruction_memory.v" Line 40. Module instruction_memory doesn't have a timescale but at least one module in design has a timescale.
WARNING: [XSIM 43-4099] "C:/Users/LENOVO/OneDrive/Desktop/Notes and projects/VIth sem projects/EL/riscv _latest/riscv_cache/riscv_cache.srcs/sources_1/imports/IF_ID_reg.v" Line 6. Module IF_ID_reg doesn't have a timescale but at least one module in design has a timescale.
WARNING: [XSIM 43-4099] "C:/Users/LENOVO/OneDrive/Desktop/Notes and projects/VIth sem projects/EL/riscv _latest/riscv_cache/riscv_cache.srcs/sources_1/imports/imm_gen.v" Line 4. Module imm_gen doesn't have a timescale but at least one module in design has a timescale.
WARNING: [XSIM 43-4099] "C:/Users/LENOVO/OneDrive/Desktop/Notes and projects/VIth sem projects/EL/riscv _latest/riscv_cache/riscv_cache.srcs/sources_1/imports/filesss/control_unit.v" Line 11. Module control_unit doesn't have a timescale but at least one module in design has a timescale.
WARNING: [XSIM 43-4099] "C:/Users/LENOVO/OneDrive/Desktop/Notes and projects/VIth sem projects/EL/riscv _latest/riscv_cache/riscv_cache.srcs/sources_1/imports/hazard_detection_unit.v" Line 21. Module hazard_detection_unit1 doesn't have a timescale but at least one module in design has a timescale.
WARNING: [XSIM 43-4099] "C:/Users/LENOVO/OneDrive/Desktop/Notes and projects/VIth sem projects/EL/riscv _latest/riscv_cache/riscv_cache.srcs/sources_1/imports/filesss/ID_EX_reg.v" Line 8. Module ID_EX_reg doesn't have a timescale but at least one module in design has a timescale.
WARNING: [XSIM 43-4099] "C:/Users/LENOVO/OneDrive/Desktop/Notes and projects/VIth sem projects/EL/riscv _latest/riscv_cache/riscv_cache.srcs/sources_1/imports/forwarding_unit.v" Line 17. Module forwarding_unit doesn't have a timescale but at least one module in design has a timescale.
WARNING: [XSIM 43-4099] "C:/Users/LENOVO/OneDrive/Desktop/Notes and projects/VIth sem projects/EL/riscv _latest/riscv_cache/riscv_cache.srcs/sources_1/imports/alu_control.v" Line 4. Module alu_control doesn't have a timescale but at least one module in design has a timescale.
WARNING: [XSIM 43-4099] "C:/Users/LENOVO/OneDrive/Desktop/Notes and projects/VIth sem projects/EL/riscv _latest/riscv_cache/riscv_cache.srcs/sources_1/imports/alu.v" Line 4. Module alu doesn't have a timescale but at least one module in design has a timescale.
WARNING: [XSIM 43-4099] "C:/Users/LENOVO/OneDrive/Desktop/Notes and projects/VIth sem projects/EL/riscv _latest/riscv_cache/riscv_cache.srcs/sources_1/imports/filesss/EX_MEM_reg.v" Line 93. Module EX_MEM_reg doesn't have a timescale but at least one module in design has a timescale.
WARNING: [XSIM 43-4099] "C:/Users/LENOVO/OneDrive/Desktop/Notes and projects/VIth sem projects/EL/riscv _latest/riscv_cache/riscv_cache.srcs/sources_1/imports/data_memory.v" Line 4. Module data_memory doesn't have a timescale but at least one module in design has a timescale.
WARNING: [XSIM 43-4099] "C:/Users/LENOVO/OneDrive/Desktop/Notes and projects/VIth sem projects/EL/riscv _latest/riscv_cache/riscv_cache.srcs/sources_1/imports/filesss/MEM_WB_reg.v" Line 61. Module MEM_WB_reg doesn't have a timescale but at least one module in design has a timescale.
Completed simulation data flow analysis
Time Resolution for simulation is 1ps
Compiling module xil_defaultlib.pc
Compiling module xil_defaultlib.instruction_memory
Compiling module xil_defaultlib.IF_ID_reg
Compiling module xil_defaultlib.register_file
Compiling module xil_defaultlib.imm_gen
Compiling module xil_defaultlib.control_unit
Compiling module xil_defaultlib.hazard_detection_unit1
Compiling module xil_defaultlib.ID_EX_reg
Compiling module xil_defaultlib.forwarding_unit
Compiling module xil_defaultlib.alu_control
Compiling module xil_defaultlib.alu
Compiling module xil_defaultlib.EX_MEM_reg
Compiling module xil_defaultlib.l1_cache_default
Compiling module xil_defaultlib.data_memory
Compiling module xil_defaultlib.MEM_WB_reg
Compiling module xil_defaultlib.datapath
Compiling module xil_defaultlib.tb_cache
Compiling module xil_defaultlib.glbl
Built simulation snapshot tb_cache_behav
INFO: [USF-XSim-69] 'elaborate' step finished in '2' seconds
INFO: [USF-XSim-4] XSim::Simulate design
INFO: [USF-XSim-61] Executing 'SIMULATE' step in 'C:/Users/LENOVO/OneDrive/Desktop/Notes and projects/VIth sem projects/EL/riscv _latest/riscv_cache/riscv_cache.sim/sim_1/behav/xsim'
INFO: [USF-XSim-98] *** Running xsim
   with args "tb_cache_behav -key {Behavioral:sim_1:Functional:tb_cache} -tclbatch {tb_cache.tcl} -view {{C:/Users/LENOVO/OneDrive/Desktop/Notes and projects/VIth sem projects/EL/riscv _latest/riscv_cache/tb_riscv_pipeline_behav.wcfg}} -log {simulate.log}"
INFO: [USF-XSim-8] Loading simulator feature
Time resolution is 1 ps
open_wave_config {C:/Users/LENOVO/OneDrive/Desktop/Notes and projects/VIth sem projects/EL/riscv _latest/riscv_cache/tb_riscv_pipeline_behav.wcfg}
WARNING: Simulation object /tb_branch/clk was not found in the design.
WARNING: Simulation object /tb_branch/rst was not found in the design.
WARNING: Simulation object /tb_branch/dut/pc was not found in the design.
source tb_cache.tcl
# set curr_wave [current_wave_config]
# if { [string length $curr_wave] == 0 } {
#   if { [llength [get_objects]] > 0} {
#     add_wave /
#     set_property needs_save false [current_wave_config]
#   } else {
#      send_msg_id Add_Wave-1 WARNING "No top level signals found. Simulator will start without a wave window. If you want to open a wave window go to 'File->New Waveform Configuration' or type 'create_wave_config' in the TCL console."
#   }
# }
# run 1000ns
INFO: [USF-XSim-96] XSim completed. Design snapshot 'tb_cache_behav' loaded.
INFO: [USF-XSim-97] XSim simulation ran for 1000ns
launch_simulation: Time (s): cpu = 00:00:02 ; elapsed = 00:00:08 . Memory (MB): peak = 1695.613 ; gain = 0.000
run 3000ns
Log written to mem_access_log.csv
$finish called at time : 2015 ns : File "C:/Users/LENOVO/OneDrive/Desktop/Notes and projects/VIth sem projects/EL/riscv _latest/riscv_cache/riscv_cache.srcs/sim_1/new/tb_cache.v" Line 59
WARNING: [filemgmt 56-199] Attempt to get parsing info during refresh. "On-the-fly" syntax checking information may be incorrect. [C:\Users\LENOVO\OneDrive\Desktop\Notes and projects\VIth sem projects\EL\riscv _latest\riscv_cache\riscv_cache.srcs\sim_1\new\tb_cache.v:]
WARNING: [filemgmt 56-199] Attempt to get parsing info during refresh. "On-the-fly" syntax checking information may be incorrect. [C:\Users\LENOVO\OneDrive\Desktop\Notes and projects\VIth sem projects\EL\riscv _latest\riscv_cache\riscv_cache.srcs\sources_1\imports\instruction_memory.v:]
WARNING: [filemgmt 56-199] Attempt to get parsing info during refresh. "On-the-fly" syntax checking information may be incorrect. [C:\Users\LENOVO\OneDrive\Desktop\Notes and projects\VIth sem projects\EL\riscv _latest\riscv_cache\riscv_cache.srcs\sources_1\imports\instruction_memory.v:]
WARNING: [filemgmt 56-199] Attempt to get parsing info during refresh. "On-the-fly" syntax checking information may be incorrect. [C:\Users\LENOVO\OneDrive\Desktop\Notes and projects\VIth sem projects\EL\riscv _latest\riscv_cache\riscv_cache.srcs\sources_1\imports\instruction_memory.v:]
ERROR: [Common 17-180] Spawn failed: The operation completed successfully.

WARNING: [filemgmt 56-199] Attempt to get parsing info during refresh. "On-the-fly" syntax checking information may be incorrect. [C:\Users\LENOVO\OneDrive\Desktop\Notes and projects\VIth sem projects\EL\riscv _latest\riscv_cache\riscv_cache.srcs\sim_1\new\tb_cache.v:]
WARNING: [filemgmt 56-199] Attempt to get parsing info during refresh. "On-the-fly" syntax checking information may be incorrect. [C:\Users\LENOVO\OneDrive\Desktop\Notes and projects\VIth sem projects\EL\riscv _latest\riscv_cache\riscv_cache.srcs\sources_1\imports\instruction_memory.v:]
WARNING: [filemgmt 56-199] Attempt to get parsing info during refresh. "On-the-fly" syntax checking information may be incorrect. [C:\Users\LENOVO\OneDrive\Desktop\Notes and projects\VIth sem projects\EL\riscv _latest\riscv_cache\riscv_cache.srcs\sources_1\imports\instruction_memory.v:]
WARNING: [filemgmt 56-199] Attempt to get parsing info during refresh. "On-the-fly" syntax checking information may be incorrect. [C:\Users\LENOVO\OneDrive\Desktop\Notes and projects\VIth sem projects\EL\riscv _latest\riscv_cache\riscv_cache.srcs\sources_1\imports\instruction_memory.v:]
ERROR: [Common 17-180] Spawn failed: The operation completed successfully.

close_sim
INFO: [Simtcl 6-16] Simulation closed
launch_simulation
Command: launch_simulation 
INFO: [Vivado 12-25911] Executing simulation for 'XSim' simulator
INFO: [Vivado 12-28535] Process started - Wed May  6 23:13:22 2026

INFO: [Vivado 12-12493] Simulation top is 'tb_cache'
INFO: [Vivado 12-5682] Launching behavioral simulation in 'C:/Users/LENOVO/OneDrive/Desktop/Notes and projects/VIth sem projects/EL/riscv _latest/riscv_cache/riscv_cache.sim/sim_1/behav/xsim'
INFO: [SIM-utils-51] Simulation object is 'sim_1'
INFO: [SIM-utils-72] Using boost library from 'C:/AMDDesignTools/2025.2/Vivado/tps/boost_1_72_0'
INFO: [SIM-utils-54] Inspecting design source files for 'tb_cache' in fileset 'sim_1'...
INFO: [USF-XSim-97] Finding global include files...
INFO: [USF-XSim-98] Fetching design files from 'sim_1'...
INFO: [USF-XSim-2] XSim::Compile design
INFO: [USF-XSim-61] Executing 'COMPILE and ANALYZE' step in 'C:/Users/LENOVO/OneDrive/Desktop/Notes and projects/VIth sem projects/EL/riscv _latest/riscv_cache/riscv_cache.sim/sim_1/behav/xsim'
"xvlog --incr --relax -prj tb_cache_vlog.prj"
INFO: [VRFC 10-2263] Analyzing Verilog file "C:/Users/LENOVO/OneDrive/Desktop/Notes and projects/VIth sem projects/EL/riscv _latest/riscv_cache/riscv_cache.srcs/sources_1/imports/filesss/EX_MEM_reg.v" into library xil_defaultlib
INFO: [VRFC 10-311] analyzing module EX_MEM_reg
INFO: [VRFC 10-2263] Analyzing Verilog file "C:/Users/LENOVO/OneDrive/Desktop/Notes and projects/VIth sem projects/EL/riscv _latest/riscv_cache/riscv_cache.srcs/sources_1/imports/filesss/ID_EX_reg.v" into library xil_defaultlib
INFO: [VRFC 10-311] analyzing module ID_EX_reg
INFO: [VRFC 10-2263] Analyzing Verilog file "C:/Users/LENOVO/OneDrive/Desktop/Notes and projects/VIth sem projects/EL/riscv _latest/riscv_cache/riscv_cache.srcs/sources_1/imports/IF_ID_reg.v" into library xil_defaultlib
INFO: [VRFC 10-311] analyzing module IF_ID_reg
INFO: [VRFC 10-2263] Analyzing Verilog file "C:/Users/LENOVO/OneDrive/Desktop/Notes and projects/VIth sem projects/EL/riscv _latest/riscv_cache/riscv_cache.srcs/sources_1/imports/filesss/MEM_WB_reg.v" into library xil_defaultlib
INFO: [VRFC 10-311] analyzing module MEM_WB_reg
INFO: [VRFC 10-2263] Analyzing Verilog file "C:/Users/LENOVO/OneDrive/Desktop/Notes and projects/VIth sem projects/EL/riscv _latest/riscv_cache/riscv_cache.srcs/sources_1/imports/alu.v" into library xil_defaultlib
INFO: [VRFC 10-311] analyzing module alu
INFO: [VRFC 10-2263] Analyzing Verilog file "C:/Users/LENOVO/OneDrive/Desktop/Notes and projects/VIth sem projects/EL/riscv _latest/riscv_cache/riscv_cache.srcs/sources_1/imports/alu_control.v" into library xil_defaultlib
INFO: [VRFC 10-311] analyzing module alu_control
INFO: [VRFC 10-2263] Analyzing Verilog file "C:/Users/LENOVO/OneDrive/Desktop/Notes and projects/VIth sem projects/EL/riscv _latest/riscv_cache/riscv_cache.srcs/sources_1/imports/filesss/control_unit.v" into library xil_defaultlib
INFO: [VRFC 10-311] analyzing module control_unit
INFO: [VRFC 10-2263] Analyzing Verilog file "C:/Users/LENOVO/OneDrive/Desktop/Notes and projects/VIth sem projects/EL/riscv _latest/riscv_cache/riscv_cache.srcs/sources_1/imports/data_memory.v" into library xil_defaultlib
INFO: [VRFC 10-311] analyzing module data_memory
INFO: [VRFC 10-2263] Analyzing Verilog file "C:/Users/LENOVO/OneDrive/Desktop/Notes and projects/VIth sem projects/EL/riscv _latest/riscv_cache/riscv_cache.srcs/sources_1/imports/filesss/datapath.v" into library xil_defaultlib
INFO: [VRFC 10-311] analyzing module datapath
INFO: [VRFC 10-2263] Analyzing Verilog file "C:/Users/LENOVO/OneDrive/Desktop/Notes and projects/VIth sem projects/EL/riscv _latest/riscv_cache/riscv_cache.srcs/sources_1/imports/forwarding_unit.v" into library xil_defaultlib
INFO: [VRFC 10-311] analyzing module forwarding_unit
INFO: [VRFC 10-2263] Analyzing Verilog file "C:/Users/LENOVO/OneDrive/Desktop/Notes and projects/VIth sem projects/EL/riscv _latest/riscv_cache/riscv_cache.srcs/sources_1/imports/hazard_detection_unit.v" into library xil_defaultlib
INFO: [VRFC 10-311] analyzing module hazard_detection_unit1
INFO: [VRFC 10-2263] Analyzing Verilog file "C:/Users/LENOVO/OneDrive/Desktop/Notes and projects/VIth sem projects/EL/riscv _latest/riscv_cache/riscv_cache.srcs/sources_1/imports/imm_gen.v" into library xil_defaultlib
INFO: [VRFC 10-311] analyzing module imm_gen
INFO: [VRFC 10-2263] Analyzing Verilog file "C:/Users/LENOVO/OneDrive/Desktop/Notes and projects/VIth sem projects/EL/riscv _latest/riscv_cache/riscv_cache.srcs/sources_1/imports/instruction_memory.v" into library xil_defaultlib
INFO: [VRFC 10-311] analyzing module instruction_memory
INFO: [VRFC 10-2263] Analyzing Verilog file "C:/Users/LENOVO/OneDrive/Desktop/Notes and projects/VIth sem projects/EL/riscv _latest/riscv_cache/riscv_cache.srcs/sources_1/new/l1_cache.v" into library xil_defaultlib
INFO: [VRFC 10-311] analyzing module l1_cache
INFO: [VRFC 10-2263] Analyzing Verilog file "C:/Users/LENOVO/OneDrive/Desktop/Notes and projects/VIth sem projects/EL/riscv _latest/riscv_cache/riscv_cache.srcs/sources_1/imports/pc.v" into library xil_defaultlib
INFO: [VRFC 10-311] analyzing module pc
INFO: [VRFC 10-2263] Analyzing Verilog file "C:/Users/LENOVO/OneDrive/Desktop/Notes and projects/VIth sem projects/EL/riscv _latest/riscv_cache/riscv_cache.srcs/sources_1/imports/register_file.v" into library xil_defaultlib
INFO: [VRFC 10-311] analyzing module register_file
INFO: [VRFC 10-2263] Analyzing Verilog file "C:/Users/LENOVO/OneDrive/Desktop/Notes and projects/VIth sem projects/EL/riscv _latest/riscv_cache/riscv_cache.srcs/sim_1/new/tb_cache.v" into library xil_defaultlib
INFO: [VRFC 10-311] analyzing module tb_cache
INFO: [USF-XSim-69] 'compile' step finished in '1' seconds
INFO: [USF-XSim-3] XSim::Elaborate design
INFO: [USF-XSim-61] Executing 'ELABORATE' step in 'C:/Users/LENOVO/OneDrive/Desktop/Notes and projects/VIth sem projects/EL/riscv _latest/riscv_cache/riscv_cache.sim/sim_1/behav/xsim'
"xelab --incr --debug typical --relax --mt 2 -L xil_defaultlib -L unisims_ver -L unimacro_ver -L secureip --snapshot tb_cache_behav xil_defaultlib.tb_cache xil_defaultlib.glbl -log elaborate.log"
Vivado Simulator v2025.2
Copyright 1986-2022 Xilinx, Inc. All Rights Reserved.
Copyright 2022-2025 Advanced Micro Devices, Inc. All Rights Reserved.
Running: C:/AMDDesignTools/2025.2/Vivado/bin/unwrapped/win64.o/xelab.exe --incr --debug typical --relax --mt 2 -L xil_defaultlib -L unisims_ver -L unimacro_ver -L secureip --snapshot tb_cache_behav xil_defaultlib.tb_cache xil_defaultlib.glbl -log elaborate.log 
Using 2 slave threads.
Starting static elaboration
Pass Through NonSizing Optimizer
Completed static elaboration
Starting simulation data flow analysis
WARNING: [XSIM 43-4099] "C:/Users/LENOVO/OneDrive/Desktop/Notes and projects/VIth sem projects/EL/riscv _latest/riscv_cache/riscv_cache.srcs/sources_1/imports/filesss/datapath.v" Line 229. Module datapath doesn't have a timescale but at least one module in design has a timescale.
WARNING: [XSIM 43-4099] "C:/Users/LENOVO/OneDrive/Desktop/Notes and projects/VIth sem projects/EL/riscv _latest/riscv_cache/riscv_cache.srcs/sources_1/imports/instruction_memory.v" Line 40. Module instruction_memory doesn't have a timescale but at least one module in design has a timescale.
WARNING: [XSIM 43-4099] "C:/Users/LENOVO/OneDrive/Desktop/Notes and projects/VIth sem projects/EL/riscv _latest/riscv_cache/riscv_cache.srcs/sources_1/imports/IF_ID_reg.v" Line 6. Module IF_ID_reg doesn't have a timescale but at least one module in design has a timescale.
WARNING: [XSIM 43-4099] "C:/Users/LENOVO/OneDrive/Desktop/Notes and projects/VIth sem projects/EL/riscv _latest/riscv_cache/riscv_cache.srcs/sources_1/imports/imm_gen.v" Line 4. Module imm_gen doesn't have a timescale but at least one module in design has a timescale.
WARNING: [XSIM 43-4099] "C:/Users/LENOVO/OneDrive/Desktop/Notes and projects/VIth sem projects/EL/riscv _latest/riscv_cache/riscv_cache.srcs/sources_1/imports/filesss/control_unit.v" Line 11. Module control_unit doesn't have a timescale but at least one module in design has a timescale.
WARNING: [XSIM 43-4099] "C:/Users/LENOVO/OneDrive/Desktop/Notes and projects/VIth sem projects/EL/riscv _latest/riscv_cache/riscv_cache.srcs/sources_1/imports/hazard_detection_unit.v" Line 21. Module hazard_detection_unit1 doesn't have a timescale but at least one module in design has a timescale.
WARNING: [XSIM 43-4099] "C:/Users/LENOVO/OneDrive/Desktop/Notes and projects/VIth sem projects/EL/riscv _latest/riscv_cache/riscv_cache.srcs/sources_1/imports/filesss/ID_EX_reg.v" Line 8. Module ID_EX_reg doesn't have a timescale but at least one module in design has a timescale.
WARNING: [XSIM 43-4099] "C:/Users/LENOVO/OneDrive/Desktop/Notes and projects/VIth sem projects/EL/riscv _latest/riscv_cache/riscv_cache.srcs/sources_1/imports/forwarding_unit.v" Line 17. Module forwarding_unit doesn't have a timescale but at least one module in design has a timescale.
WARNING: [XSIM 43-4099] "C:/Users/LENOVO/OneDrive/Desktop/Notes and projects/VIth sem projects/EL/riscv _latest/riscv_cache/riscv_cache.srcs/sources_1/imports/alu_control.v" Line 4. Module alu_control doesn't have a timescale but at least one module in design has a timescale.
WARNING: [XSIM 43-4099] "C:/Users/LENOVO/OneDrive/Desktop/Notes and projects/VIth sem projects/EL/riscv _latest/riscv_cache/riscv_cache.srcs/sources_1/imports/alu.v" Line 4. Module alu doesn't have a timescale but at least one module in design has a timescale.
WARNING: [XSIM 43-4099] "C:/Users/LENOVO/OneDrive/Desktop/Notes and projects/VIth sem projects/EL/riscv _latest/riscv_cache/riscv_cache.srcs/sources_1/imports/filesss/EX_MEM_reg.v" Line 93. Module EX_MEM_reg doesn't have a timescale but at least one module in design has a timescale.
WARNING: [XSIM 43-4099] "C:/Users/LENOVO/OneDrive/Desktop/Notes and projects/VIth sem projects/EL/riscv _latest/riscv_cache/riscv_cache.srcs/sources_1/imports/data_memory.v" Line 4. Module data_memory doesn't have a timescale but at least one module in design has a timescale.
WARNING: [XSIM 43-4099] "C:/Users/LENOVO/OneDrive/Desktop/Notes and projects/VIth sem projects/EL/riscv _latest/riscv_cache/riscv_cache.srcs/sources_1/imports/filesss/MEM_WB_reg.v" Line 61. Module MEM_WB_reg doesn't have a timescale but at least one module in design has a timescale.
Completed simulation data flow analysis
Time Resolution for simulation is 1ps
Compiling module xil_defaultlib.pc
Compiling module xil_defaultlib.instruction_memory
Compiling module xil_defaultlib.IF_ID_reg
Compiling module xil_defaultlib.register_file
Compiling module xil_defaultlib.imm_gen
Compiling module xil_defaultlib.control_unit
Compiling module xil_defaultlib.hazard_detection_unit1
Compiling module xil_defaultlib.ID_EX_reg
Compiling module xil_defaultlib.forwarding_unit
Compiling module xil_defaultlib.alu_control
Compiling module xil_defaultlib.alu
Compiling module xil_defaultlib.EX_MEM_reg
Compiling module xil_defaultlib.l1_cache_default
Compiling module xil_defaultlib.data_memory
Compiling module xil_defaultlib.MEM_WB_reg
Compiling module xil_defaultlib.datapath
Compiling module xil_defaultlib.tb_cache
Compiling module xil_defaultlib.glbl
Built simulation snapshot tb_cache_behav
INFO: [USF-XSim-69] 'elaborate' step finished in '2' seconds
INFO: [USF-XSim-4] XSim::Simulate design
INFO: [USF-XSim-61] Executing 'SIMULATE' step in 'C:/Users/LENOVO/OneDrive/Desktop/Notes and projects/VIth sem projects/EL/riscv _latest/riscv_cache/riscv_cache.sim/sim_1/behav/xsim'
INFO: [USF-XSim-98] *** Running xsim
   with args "tb_cache_behav -key {Behavioral:sim_1:Functional:tb_cache} -tclbatch {tb_cache.tcl} -view {{C:/Users/LENOVO/OneDrive/Desktop/Notes and projects/VIth sem projects/EL/riscv _latest/riscv_cache/tb_riscv_pipeline_behav.wcfg}} -log {simulate.log}"
INFO: [USF-XSim-8] Loading simulator feature
Time resolution is 1 ps
open_wave_config {C:/Users/LENOVO/OneDrive/Desktop/Notes and projects/VIth sem projects/EL/riscv _latest/riscv_cache/tb_riscv_pipeline_behav.wcfg}
WARNING: Simulation object /tb_branch/clk was not found in the design.
WARNING: Simulation object /tb_branch/rst was not found in the design.
WARNING: Simulation object /tb_branch/dut/pc was not found in the design.
source tb_cache.tcl
# set curr_wave [current_wave_config]
# if { [string length $curr_wave] == 0 } {
#   if { [llength [get_objects]] > 0} {
#     add_wave /
#     set_property needs_save false [current_wave_config]
#   } else {
#      send_msg_id Add_Wave-1 WARNING "No top level signals found. Simulator will start without a wave window. If you want to open a wave window go to 'File->New Waveform Configuration' or type 'create_wave_config' in the TCL console."
#   }
# }
# run 1000ns
INFO: [USF-XSim-96] XSim completed. Design snapshot 'tb_cache_behav' loaded.
INFO: [USF-XSim-97] XSim simulation ran for 1000ns
launch_simulation: Time (s): cpu = 00:00:02 ; elapsed = 00:00:06 . Memory (MB): peak = 1695.613 ; gain = 0.000
run3000ns
invalid command name "run3000ns"
run 3000ns
run 3ms
Log written to mem_access_log.csv
$finish called at time : 5015 ns : File "C:/Users/LENOVO/OneDrive/Desktop/Notes and projects/VIth sem projects/EL/riscv _latest/riscv_cache/riscv_cache.srcs/sim_1/new/tb_cache.v" Line 59
close_sim
INFO: [Simtcl 6-16] Simulation closed
exit
INFO: [Common 17-206] Exiting Vivado at Wed May  6 23:14:58 2026...
